EE,BRENT,ETS1,ETS2,CAPEX,ReFuel,Electrolyzer_eff,Stack_life,CO2_capture_cost,OPEX_mult,WACC,Utilization,H2_compr_energy,BEP,IRR,VAN,err,LCOH_total
0.09862034938621593,88.74605724218699,102.89957591366348,52.756335658842055,1043320.6129759768,,48.949042490747466,0.0019154475806958666,91.53371033761728,0.9419804798394299,0.08595290192576198,0.7730033330300953,1661.4235849408376,4883.3836137803255,,,,
0.10281430836508142,86.25780309830559,91.37811927173128,51.97273098495846,1056486.4224509744,,49.67290730920243,0.002013555757614547,102.0844262818973,0.9846953854567602,0.08164539661350519,0.8308751940274894,1744.0004202849188,5085.287932607357,,,,
0.10035884245959506,76.11731541578668,96.36285971260608,49.418501131879744,1065401.889177218,,53.217724322096934,0.0018256112110617805,98.5161636658291,1.0098795337629858,0.09300266995097652,0.8296011665947804,1713.2209401706205,4986.751434465895,,,,
0.1062593337645935,79.38844353188878,102.92022877724342,54.83883674860483,1034815.6454224626,,52.970440461950545,0.0018220546546606545,105.74468355997877,1.0431642581050353,0.08792695910098951,0.8038165449360479,1719.766351401085,5109.53826835057,,,,
0.10097621596389045,75.73801148220696,105.45527335122948,48.47882362999367,984821.224334705,,48.394320496745934,0.001936274650924099,95.85976171742988,1.0282841488500711,0.08367818755181101,0.9209541684378496,1495.286499127759,4737.898065123836,,,,
0.10666127318168495,75.79719687738847,90.45430796481465,50.774246421885316,992017.1298685976,,49.06228476176511,0.001757640393316375,104.4045561880569,1.0318144501103623,0.08398413960565382,0.8069146940558134,1679.9943436011586,5017.91151668402,,,,
0.10858692938962528,79.0655220762757,101.47612166672903,51.03218655336889,955897.0260405875,,55.420428085516214,0.001956787363221985,104.0988321688939,1.082660774784284,0.08966557219869238,0.8009413848875703,1545.766498945108,5010.808713633196,,,,
0.1018021493482187,90.95738195083838,105.56616513770088,52.36223012067792,933383.46357152,,49.52273912427852,0.0017913168698707584,101.26613605512176,1.0153535328363246,0.08805291648791067,0.8617141370143369,1653.0173538099507,4765.470194361666,,,,
0.0985305116685195,82.3255446480277,90.17305686346464,45.09314797070926,993635.1415019741,,55.54294971077177,0.0019290411448959356,93.40312080828312,1.0660883822928389,0.08438492805858215,0.8493270365562418,1723.2659148072435,4906.4822390753125,,,,
0.09345876953507941,90.75704895815221,101.7636171653963,45.99284583738341,981587.6411414517,,57.08658079313403,0.0019891193334814743,100.4848512986884,1.0130029319509257,0.09231959154195143,0.8539035091028422,1659.3157087506795,4775.164531349906,,,,
0.10087456287901715,77.41510774484873,102.49714349123894,54.97173006297304,1042210.4599664541,,55.31578384659581,0.0018868884332957703,99.65257116807426,1.0001805128983292,0.09094180486814474,0.8801808089611267,1576.5085790195749,4923.748920881853,,,,
0.10104211236097932,87.62009334878567,93.76795632108413,54.30691403733937,943639.4937213771,,53.46517295582853,0.0017203596027955265,104.46624797693968,0.9796722703077876,0.08856598798105397,0.9032034006387386,1539.492690641848,4803.4647603916565,,,,
0.0978536437969997,77.46421405570476,105.46150985903174,51.864803296909365,1054681.856035605,,51.269651845953696,0.0017593672078966838,94.05499080892518,1.0690612128168826,0.07891272503387801,0.8556572889543581,1611.1793601013123,4889.007909771217,,,,
0.09342374291883586,91.37492366569569,95.82229413087703,54.20773072769095,1082906.2765009997,,51.16434158334996,0.001899477473173424,97.1508481510123,0.9474552515274867,0.08051564292900772,0.8970339552357197,1641.5563126888987,4887.038007038632,,,,
0.10255373891712599,85.22963038836981,97.30522071378614,46.75584804074917,1102211.9524541015,,55.39952149028113,0.002080894301257641,107.73222163126516,1.0575664713742698,0.07776619763688608,0.8314966130299216,1712.4507882124703,5316.004591132543,,,,
0.09170012314852062,81.91301393487632,94.65757890554485,49.2581617654188,1050585.6013279753,,55.57237967895352,0.001954107607971487,101.62851066256809,1.008412633156394,0.0902170853132149,0.8064649316681616,1724.093774994366,4898.786799402431,,,,
0.10247462926484766,90.9398396177138,101.80538213994159,46.59565124920515,964001.6573852837,,50.18023081820121,0.0019372899586037847,103.44248836392045,0.9222172656395775,0.08279048748239147,0.8111220347757214,1724.281067440763,4913.60726727782,,,,
0.09831012736543984,77.77320826139787,109.48798250236867,50.325215878530926,952798.6649833849,,51.85906236621648,0.001991560424110676,90.07224979590828,0.9743445850954332,0.08630735648676964,0.9302117828449953,1695.0974036652185,4615.934117938355,,,,
0.10152739607531978,90.05725982894401,106.05641695818517,48.81997648369989,980555.0767112855,,49.6615409896757,0.0018941005878851521,96.76535796661452,1.0639724798317263,0.08408644859957577,0.9220035359447382,1692.5224511977367,4831.886144223545,,,,
0.10573591410557173,80.61647217912143,104.10906989948445,45.25427098170701,1033772.7586743716,,56.00331677131781,0.0019543838825763775,91.12496249546757,1.0909414006749534,0.09445889654567431,0.8191149380875343,1446.5906511019182,5023.461386751277,,,,
0.10421898184224776,82.65716023079187,108.72763406442631,45.7062353224743,1047267.4924596768,,53.70243226361523,0.0017247702712719912,96.50585234486505,0.9901836725409489,0.0848944042350717,0.8460614105752334,1701.4606048544088,5040.971951016429,,,,
0.10077928142220671,79.66736996727042,96.42977368357492,45.682218571658396,944598.3621162118,,55.23725151095529,0.001732413664503868,96.0260511061261,0.9206047871149158,0.09225332611249065,0.872768488590483,1573.0432290781807,4730.788889697516,,,,
0.1064362735560319,78.38852762967448,90.01663159473803,53.27899320822138,948133.3043889948,,53.409295642782524,0.0018868349915580336,95.38390899742069,1.0700872907565673,0.08679994650824725,0.8923339905193346,1716.6829115214762,4891.153595951515,,,,
0.09582242471368801,80.37083902431795,102.45271701679957,47.17757121203178,1007626.0842091154,,56.67788078334696,0.0017647793049776579,101.68247009879931,0.9828685191919778,0.09178059784799925,0.9145562037529469,1653.811370031185,4795.718238281095,,,,
0.09087978081444706,78.16633511111823,99.9320032367845,45.676387992855716,953538.8078467429,,51.581928207338166,0.0017786239624310546,90.52235131077772,1.0424366907298663,0.09424014339343974,0.7816105703926747,1727.5163085527688,4543.636386119442,,,,
0.10613355149602406,81.60932734639101,107.14599285975738,54.88768208095836,1095424.6795303854,,58.21017131210957,0.001961047952830284,98.28996829320442,1.0795939802736456,0.08383936333924034,0.8292056914004451,1678.6871889876186,5273.769784396508,,,,
0.09031661061088203,77.1348541027884,101.38879800391733,49.382748288026036,980506.1226025793,,54.58740116665614,0.0020015405986201604,97.17225715927374,0.9572626926262171,0.08815870871844804,0.8406843733477831,1679.788614175956,4626.132743942892,,,,
0.09140449832193771,85.58980543240433,108.69323810696811,47.0120988273995,990184.560513675,,53.27433772504713,0.0018019634773642945,102.4740140413897,0.9033091917171243,0.08613950606857786,0.8245581691837144,1718.872168963437,4707.170200322914,,,,
0.09352936890797403,77.21980543480383,94.34565144858136,47.739662223616975,1003791.3893917142,,52.26510110594305,0.001834100133877307,94.58510649680485,1.0524030615755329,0.0914855311086015,0.8769687921128464,1604.1453842021822,4696.478626624537,,,,
0.1015296886135148,75.74549285950343,90.96693556110753,50.67324412373405,1028357.3263994871,,56.344123589638784,0.0019440644921594125,103.8978270324795,1.026125213222097,0.08750804816067144,0.859262647481673,1541.4543348851207,5018.136946497935,,,,
0.09891308342098906,82.06904655115706,108.79898529682363,49.063751810332576,1083379.5129784644,,55.90699985874366,0.0018416200196416206,103.88896836472287,1.02800106852598,0.0906463341076972,0.8703718655351126,1532.5695236147897,5026.502083793597,,,,
0.09337100639079504,86.0839950158127,99.89626378944001,49.946622582773045,1081089.8769443196,,52.49437200401621,0.0017556442623094149,103.8422019502644,1.0203112354349877,0.08164878291945206,0.9099743876737333,1681.7026332289563,4925.111885874384,,,,
0.10891111817926372,75.79870769871609,96.37523493410897,53.29566189984549,969322.9073307405,,52.88923704235465,0.0017676825914870083,101.41348726223207,0.9432105957681908,0.08264234812833042,0.7908631359275142,1592.3627159472042,5008.155530393298,,,,
0.09615462341073043,80.21012468555423,106.87969504700112,51.920662569709506,964798.9737664475,,58.58158307155583,0.001898862381652592,104.69786604060893,1.0790244410412784,0.08225211476639051,0.8372699577476426,1681.012188252543,4848.522256390354,,,,
0.09627626349654574,87.09352458402633,106.66373444837463,51.179823056745064,1041074.358846815,,54.24743205244069,0.0018886691868210063,95.46673626494496,0.9717691833129481,0.08689634382993291,0.8618794690769758,1689.7873643954158,4862.330769367763,,,,
0.10171455693435792,83.76054150811457,107.44049571838516,49.93332939028849,1015871.263867909,,56.46295999682937,0.0018065827602583868,108.68039505333269,1.0091288681767194,0.08689088236923341,0.8716937764038689,1671.7428031642244,5012.616777850268,,,,
0.10440411325460636,85.66590813087043,98.22684909185446,51.22086226489609,941788.4907320595,,50.65412721143874,0.0020604872860296376,96.76452426605316,1.056586410334219,0.08439960351542622,0.8921915826989949,1724.87704307849,4844.234872147657,,,,
0.09732088590924726,77.86651109789676,104.60423380774506,51.237226092489216,1056111.1704076738,,54.29585816261488,0.0018218515210587133,108.629441310222,0.9635685967949612,0.0833855107991872,0.9253047482492712,1683.171638727321,4935.4255556105245,,,,
0.09849385659632481,88.6002643041621,96.36320650526652,54.62809700130603,1064662.2759640778,,52.39129378590293,0.0019759909680561074,103.13583431928718,0.9840339612449501,0.0902099098925873,0.852186640897776,1519.6199015533782,4977.832611945708,,,,
0.10841115620843791,75.18259385905615,106.97551131664424,46.779976366929695,942160.5949317433,,51.73994129087022,0.002003800946725875,106.86540160790747,0.9384882266374762,0.08409895526130255,0.8904518942500268,1648.624444766511,4909.988003558579,,,,
0.10586006722864316,86.80296879449688,103.00357629880375,52.44318878792784,1073281.2237366387,,49.61275119722341,0.001970666552315469,96.18982199509375,1.032892363291384,0.08722558796327529,0.8088003204934255,1723.8184541887586,5107.380051451044,,,,
0.09445959643469927,87.30054842496064,104.810890447914,48.956046287913395,1106496.448530786,,51.696774735015055,0.0017788308846245077,94.83868035315797,1.0268352735223005,0.09153974950755299,0.8507194488533159,1621.5587226895118,4917.668900931894,,,,
0.09090011492871614,79.75425617927705,107.13005496090895,46.37271175997517,1045201.9898709424,,55.65925959937038,0.0018262959521493632,91.21922314627619,1.0818795574557292,0.08658739707286744,0.8351913212661367,1609.7807906130138,4782.975061919,,,,
0.10959817527516176,89.3011698353493,103.28364754858283,53.6506706398791,1005013.2544961378,,49.10339238356249,0.0017748537418066652,109.51097511256442,0.9161828516453739,0.08849371881174915,0.8829959630284331,1722.2233095404347,5055.7968756346945,,,,
0.09703698397418298,85.20543255174022,109.7612858689031,45.160426078263214,927085.653807294,,53.94101983196977,0.0017534079221925686,109.06676936225934,0.9897766003455378,0.09418741995510062,0.8605808242085655,1646.6004675157958,4691.266423152524,,,,
0.10763929429848758,90.64551029615181,103.93140818664031,53.39419511337855,956949.9795847258,,52.29908855542502,0.001986228180649495,104.36847938368278,0.9027972342640217,0.08725756407478696,0.8048346625330105,1451.719640072763,4952.384975450171,,,,
0.0930773057739902,87.14185966206784,100.02857211449907,54.936260892217895,929886.2341070109,,53.89417934401889,0.0018975980735901502,100.21518701421117,1.0716333163001062,0.0854511986087181,0.807052831103314,1588.7211125960775,4664.939612731913,,,,
0.10761211385374808,86.63331978353227,99.43740636913638,52.402230561343266,1068060.378248115,,52.807760217535616,0.0017624921185826529,98.77542971076724,0.930024221500131,0.09468253767067443,0.886616565502532,1719.8161890751057,5088.142057189218,,,,
0.09901393630014851,77.97375388513632,93.3312647211272,51.789739823259055,1084066.2567799152,,58.51783067900074,0.0019529399682033871,100.72617706975768,0.9796208694545432,0.08869368316897079,0.8859979606731859,1623.823988903761,5063.759281977333,,,,
0.09775265937945296,85.58245556663191,91.93220709600321,51.89418420345042,1100517.2481923727,,55.75790245286293,0.0019963947620085243,101.69328645247673,0.9138519874228085,0.08010815888723331,0.8172622656345732,1463.9418328076113,5135.0426784364145,,,,
0.10590844625458835,75.33525570869773,98.05090306624938,52.718064462955795,1107841.344560447,,48.315365354514995,0.0018976240160646029,93.42810526426555,1.0697791877564695,0.09016562836708854,0.8273103979162254,1491.6471590898623,5066.925354594624,,,,
0.10325732004952022,87.5763716684265,108.75911707792598,50.64225043430285,992476.934642032,,53.26515816296127,0.0018395379487439936,103.53745891406305,0.9488158307316175,0.0875567331455354,0.8787442941286933,1613.9518275177224,4913.352990996386,,,,
0.10325529811196857,81.73126901374424,100.57175690161841,46.5001371961589,981560.5225981646,,50.2360216853783,0.001725317662668772,101.7811331516589,0.9204390791858328,0.08577272030093167,0.8562767500440801,1570.46196605465,4869.3213878707775,,,,
0.09572464921771408,82.8045736815053,99.2523487986519,51.41939631585589,1059724.7443503933,,55.8464303961507,0.001854262122665306,108.93782279726562,0.9980595623108978,0.07979687868075926,0.778200660477485,1483.7018456323708,5081.42947338852,,,,
0.09958827675718636,86.72505042080398,106.51261442458302,46.55005001900523,940543.1013052365,,58.09871231750256,0.001808399505691831,91.10111735070076,1.051237825316807,0.09125613474581572,0.8111108591733492,1518.1394019912532,4751.7171234022335,,,,
0.1005883335712776,89.63668380959835,90.98212077582468,46.40020415095465,1014205.797947413,,52.531157021327765,0.0020382293899496966,108.34095042113363,1.0037715365876205,0.09101375097578146,0.9228410765459022,1658.464055148203,4972.559414896822,,,,
0.09958396261936424,78.37749145847583,95.25392869100817,50.22245741665865,1108484.1795657133,,49.774266452237335,0.0017265437038980077,103.32441832735238,1.062793776903913,0.09170607613507382,0.8362414611153105,1609.5778098062087,5046.431354710739,,,,
0.1054952225965681,76.70308456638135,90.57354203760443,52.60081480236085,998773.0817153512,,53.13502926559362,0.0019384029236773704,91.08482558088134,0.9435243531997389,0.07944708838296251,0.8700610006170928,1572.5801995342365,4937.726177180159,,,,
0.10581689846254808,83.93707669392134,92.43110651777614,50.08779650469957,1052589.7977795345,,48.69996555801423,0.001763841403231955,102.16929136794232,1.0216824613974929,0.08475143332852475,0.8356938261097392,1559.032281698495,5087.144721746996,,,,
0.09190917203734977,77.85430632530645,95.13321519294055,49.59100887366092,1110705.9813708137,,56.849344196353314,0.0017835161953926335,98.63340203465938,1.0391712868254326,0.09179383678457449,0.791163837351167,1696.7377235672564,5025.750994804175,,,,
0.09532430144267774,83.37331862187993,95.31759551210511,51.82361570738786,1054702.6589123684,,51.78965241411294,0.0019475177809987116,109.16893533879647,0.9703974342866242,0.08253053727159916,0.9295591072971952,1653.333986556444,4912.9127091116125,,,,
0.10018291368270918,79.86923586712781,90.85746726692135,49.40129064389087,987729.3021262961,,48.24080956340796,0.0020519053520204685,101.53376026971574,0.902406466425884,0.08739714268391614,0.8402284516952092,1622.879743685226,4815.3283811839365,,,,
0.09802812748891995,82.17936503668696,100.10621080373443,49.10691601576737,992975.8746273594,,56.123918073139336,0.002021517286090633,106.12129329193311,1.031329914637463,0.08005979224997019,0.8549398767779508,1563.9519723288092,4938.647622231877,,,,
0.1005288873949044,76.690485995307,99.91490306649655,48.45407238932576,1053645.8498313082,,55.092960780804596,0.0017968021727840617,97.68968466318886,1.0547612623285227,0.08260390100913821,0.8926299692032998,1544.5431481209648,4986.5844169091915,,,,
0.09914002430939028,76.301474645121,99.77528791505361,48.54754134634249,1091166.9062352357,,58.00971169250622,0.0020117214895491336,100.10824424829747,1.0186654640463784,0.0792916245181517,0.8127407240413733,1570.2360899257044,5166.32212005994,,,,
0.09580413445463992,89.0837010154078,106.34386392862186,51.522448990219914,923615.3963387654,,54.94288273797729,0.002052746391945749,105.13809213124352,1.0228668019843248,0.08937395183714433,0.8078417910340373,1656.598092107963,4712.683284706025,,,,
0.09248968714121977,82.58312365261422,96.50919541362116,49.18416964432834,1126500.6755244434,,48.20227506684124,0.0018181897608758103,103.16398913973855,0.9322479820781409,0.09107080082418771,0.8195629195171504,1676.505404634417,4926.671574172209,,,,
0.09740801384059317,87.26074973727476,91.75665976239502,54.31172412790796,983778.3474631844,,56.335224703129086,0.0019194376223416532,103.70839557777578,0.9507279888773282,0.08066859573883892,0.9145182423984295,1658.9306038091831,4876.932870954153,,,,
0.09979911422207309,88.08290292578144,91.25101454744363,49.59064010870337,1070158.4059904162,,50.86137535329802,0.001983810467323061,104.4148879834597,1.0329896147361683,0.08630201855725285,0.8703404153066758,1461.4972339678216,5037.75809505658,,,,
0.10425108610712981,81.84003175666027,90.23879156853579,51.92892405252578,1036777.2970164146,,52.52950416832331,0.0020152962634567033,95.14329209207841,0.983935708109648,0.08288522895195548,0.8712717273137153,1757.0423678375207,5032.012747808467,,,,
0.09160641958207692,87.9801332258949,106.99536783512175,48.2808871910873,1039941.8934301331,,49.00464828250414,0.0019470316538560588,93.87065302118344,1.0732773263183863,0.07819945658580253,0.8849965811961051,1533.2622210727052,4739.367934099558,,,,
0.09663819136640345,76.92480697970821,99.38165815719017,51.36082703977958,991318.369150378,,50.80162159110938,0.0018581041303590063,99.61595594121162,0.9880070808054645,0.08291527833241252,0.8445096213063845,1727.396544932139,4775.478597900188,,,,
0.10802099206883115,90.55028288774452,100.4091258116986,47.13788580265217,1040088.2748303034,,55.5249031248013,0.0019310054969788736,103.28613420601329,1.0323263362334523,0.07756245329351019,0.8772268112685655,1641.4470749787513,5236.631005855647,,,,
0.1001479051235132,86.01684337671107,91.19028866920125,49.499861404753496,1002457.3375563251,,57.22009833165,0.002035871077031215,100.64901170283571,1.0805406377383042,0.09216094181022466,0.8721209701762951,1573.6773990467716,4955.672751013294,,,,
0.09822778988044767,79.09645797710148,104.39847641467226,49.73850424444167,1121754.1084947377,,51.45064278802196,0.0019609052822335306,108.41257429515774,1.0335514532984547,0.08361327174071773,0.8776077082541366,1731.7399882179109,5090.4626270724775,,,,
0.10225604878871951,80.96892617270403,92.69723628779838,51.51688758730019,946158.643516215,,50.51231312214625,0.001978183423239544,107.4524826203753,1.082019324489215,0.07842050984586803,0.8977666463361332,1698.4319802207287,4897.9044370696165,,,,
0.09668655470564759,88.14441368696339,94.19215040719713,52.56925497390259,945919.9300016774,,53.17774789233145,0.001980267453664704,109.63631378819083,0.9692204536949804,0.09021275653008826,0.790912386771484,1536.2441156831376,4792.027981591962,,,,
0.10727361615600242,90.38052837766898,109.11620528643428,45.47369689830342,1046865.6219218252,,48.38160412985547,0.0018682074121425525,93.80577282136322,0.952167712323569,0.09400175933265541,0.9135151348738253,1609.4752921960921,4952.003892254718,,,,
0.10449959997222105,84.10964439066235,106.89961346598567,51.37455247136654,951675.6311258548,,50.32522465310687,0.001746541198141571,103.64233861788448,1.0563937801267282,0.08565039698950166,0.8206877818756501,1476.8081464849377,4868.011873922805,,,,
0.10550945436775772,86.32215659994013,98.49143733170223,46.416159857288946,943413.8954794401,,53.31778590738118,0.0017573714107745064,109.1194469714409,1.0567907870401745,0.08273383394097224,0.8365763131407692,1667.2924379021017,5005.122482968221,,,,
0.10239788655350437,78.87551522929584,105.73821243671202,53.02466363769661,1002850.3571180224,,57.104775900996565,0.0020197962627194884,99.84461062127218,0.9888767404490809,0.0926525199887159,0.9035322773375901,1724.1166809534793,4889.368234585746,,,,
0.09975235605846043,82.96493324395021,100.4856136240412,49.33204629117775,1061157.9943967343,,52.03551125515981,0.0019259821791565571,100.52744227680748,0.9615654569802581,0.08588240697229654,0.7916005326035876,1662.6000937163483,5024.090199388438,,,,
0.09498308537732436,80.55925823936559,107.21429388422179,49.55226907123035,1020270.9791831383,,58.60550310998972,0.0017852484121205039,101.52437922857077,1.0104274980050982,0.08839549392319687,0.8652624633558097,1665.4225829543868,4858.899095931341,,,,
0.10264483590875412,78.25539150292165,102.26332809649375,49.819930352100435,960846.4494782325,,55.698696682446794,0.0018983079281730787,91.30638431007534,1.0413729356726331,0.07879767137486679,0.8065155024785352,1751.8698970618816,4898.47337017854,,,,
0.09956710050938798,88.27251386489901,100.09762950290204,54.18719495687754,1077047.4286788076,,52.816963565735186,0.0018458266456631883,104.55676866089676,0.958482874273565,0.08339890324538542,0.8460408985163175,1624.5801213724706,5060.987263884632,,,,
0.09831002022539406,91.12905182375756,103.47860491291895,49.254464052017894,995551.5990133213,,50.159182581793196,0.0018958058121647692,100.11387032886749,0.9367390007807436,0.08753038136102899,0.7924967523410518,1442.0026969235262,4827.819818644059,,,,
0.10201023484640481,81.95320170752431,99.33523848924767,50.696637149675524,1010597.1339009367,,56.34176838996986,0.0020769458243101854,96.75757402892678,1.0838233575924128,0.0833106610442171,0.8529916492794756,1603.687862010779,4997.0285720863885,,,,
0.09968792186251738,78.86682356358847,106.59211999775134,45.6080015166353,980438.6912968687,,53.27086545351652,0.0017918843420215798,100.7948070183931,1.0391991727597811,0.08178011692937431,0.8049506040868405,1688.7374047450705,4887.3536278700985,,,,
0.10157287469917807,90.01810280370557,109.45861534385773,54.286839914117614,997423.2229207157,,53.355590435799805,0.0018388137016649626,91.75135150918713,0.9072047106151783,0.09472447863114229,0.8010845012391973,1545.1265218717372,4801.869111833534,,,,
0.09686131818956213,77.8293576672201,92.7742725856954,48.61080210692615,983143.8676234842,,52.21538232984458,0.001959344165166885,99.8895351745562,0.9251441835441451,0.08947102198772386,0.7679117336066931,1707.6377271213614,4800.285774878907,,,,
0.10012717599217354,84.2723110981605,96.22439514869853,50.995398765843845,1104398.309201868,,51.574904248792784,0.0019120875139889523,95.663486581614,0.9546818136156311,0.08771193438197523,0.8426964450818129,1630.4281174825794,5041.744095274219,,,,
0.10962037988011089,78.37758485311919,90.65659795291066,52.69946944326862,1060072.565825148,,49.225807911818556,0.002070866445325634,96.06549102273844,1.0278361941027232,0.0873406824169688,0.9106675313814047,1682.0566803641748,5084.736338270285,,,,
0.09101924783576201,91.21048537665105,91.50846909892975,46.59963671873151,1014727.1556007921,,48.76508205905729,0.0019499702005472141,91.24557649433686,1.0020557922066056,0.08042266902235744,0.928676967511216,1546.0749561205935,4682.834017230799,,,,
0.10035798297693424,85.20187190772809,95.50987034500459,51.244250745365136,1064528.1512439894,,55.719425123342376,0.001910775954359004,92.49017069941412,0.9062339563748656,0.08034605988159156,0.8248796476414356,1594.6177707968666,5046.286246194981,,,,
0.09021732610794736,87.01310824307612,105.41140846113296,49.78112358067449,1038368.2178288713,,53.78117542995327,0.001798650260758073,103.66948455988654,1.0314474528238893,0.07934714389636091,0.8319293710793283,1490.855250087818,4842.565227025709,,,,
0.10800132853660538,81.5648356284937,95.1156141158284,47.0954433883975,1057088.4989734436,,48.04528587878297,0.0018976479847044397,100.14320558763504,1.0303463402607353,0.0905302235068442,0.7967502513514119,1717.4491110334986,5125.253572979522,,,,
0.09247346400114648,87.96296526669278,99.00199883368343,48.813287545167704,1022881.4419870437,,53.95649227321856,0.0017589383890066876,100.89944137753031,1.0602042859791085,0.09010071919970893,0.8959189685599278,1621.7378237012408,4791.81367493839,,,,
0.09303693399173923,77.08364664013132,97.05538479814257,47.71377086269861,1080261.3723137078,,54.57279952614209,0.0019863470154729886,108.7688488177179,0.9506542237169227,0.07874689825014983,0.8897182429000371,1755.8358393383023,4975.823616885602,,,,
0.10085486914845997,83.12460173803694,95.97931822846687,54.84056281105059,1024862.9991586127,,58.335524715571474,0.001953700167096145,104.06974328677947,1.0165304410731357,0.08967536277810764,0.8409742421531367,1720.9372382032268,5038.446390875701,,,,
0.09651272843957154,76.26522576439487,97.78767390097222,51.063427671240014,935091.4488675592,,51.36078304682697,0.001929371812715588,96.80128489443756,0.9211653620262518,0.09027158506026464,0.8741589493407167,1593.2896173812494,4587.175026465218,,,,
0.09909934947123432,82.69057640090335,95.66288164108437,50.31627175210921,1062319.7276780868,,49.95708167710571,0.0017473181370990553,102.57189964102676,0.9256175938475897,0.08101101238894495,0.7976393465171104,1559.9825329551607,5002.557092801911,,,,
0.10432436088784243,75.39035266760379,99.60274968263522,47.08395810968418,1076565.6497658186,,49.06269050297682,0.0018717072849278578,96.21150243097065,1.011362589658418,0.09425870661687182,0.9144158806410265,1671.6740115151424,4950.778958719029,,,,
0.09199485558937343,90.29884619306827,105.75171374923245,46.204279198183585,1074453.8693012893,,52.76890330433041,0.0019633035397192628,93.59201187479708,1.0402008583950666,0.08722777702536988,0.8076902860245093,1595.5093178081297,4889.0554294225585,,,,
0.10382951787943913,84.05736539053532,92.20729666931786,53.157855813366375,960883.3414640276,,48.339011077057506,0.0017797873387329854,101.63300486984967,1.0123872834338346,0.07975938132416441,0.8523635968380432,1726.2000993853028,4901.044741815932,,,,
0.10085026705309592,85.10724774644041,100.14081151122285,53.29391842241332,1033886.637578673,,58.49884741389202,0.001803196437284414,108.58458271988142,0.961099972657866,0.09364540050794855,0.8930363697864422,1605.134711797638,5006.864196778516,,,,
0.10042766644399059,85.17658734773102,95.80040081718002,46.04863122398959,1073503.9042466648,,49.38399708987058,0.0019103366113776736,101.59736051953267,0.9473123440198012,0.08921329232608986,0.856962665258404,1488.7260938648985,4982.44118718172,,,,
0.0995830706773101,83.88116729353725,95.63515930140099,51.9187480809558,995849.4691209028,,58.536675796613245,0.0019484841844070826,104.66857622467853,1.0622870558766766,0.09150691307837572,0.8314339043316497,1688.5917545240134,4972.174455239734,,,,
0.09035677980743016,91.25433210984386,99.99516875143725,50.42970712923197,952390.802282327,,56.34004982722935,0.0019495598371051727,108.25758596451374,1.0330501065502489,0.084972383094319,0.8037186714718497,1673.3672661551047,4760.59221894661,,,,
0.10358390434563472,90.6055251211989,96.88566220472545,46.22805606557134,1044139.4823651146,,51.78100977940577,0.0019191035913208468,100.13387348563047,0.9854317275121163,0.08446065191155479,0.8621422986296792,1589.4081618334583,5064.498763498578,,,,
0.09588796120446859,75.71374133910884,103.32754201605366,45.81677252598105,995675.7629798236,,55.8348115069254,0.0019767604388492765,90.02068230154723,1.06009041983687,0.08436178607773777,0.9148450330580917,1538.0753284639795,4729.95809271036,,,,
0.10853766152846289,88.55511848059281,96.79149049235643,50.89169420674483,1111656.5888068846,,49.689535221443855,0.0020021933993307904,94.26623237069961,1.07736933734719,0.0928781701759761,0.8245653919377123,1537.1898093334617,5207.073730793293,,,,
0.09149204575811425,79.75660240041583,97.03267688945357,48.43459362568815,1044173.3973390469,,52.12053793181102,0.002072556040349888,106.30000835326052,0.9979490839775783,0.085431657762895,0.7731715907119824,1632.5494027577972,4891.774424106754,,,,
0.1078533159240624,87.99256375188445,106.66111790719926,51.32574646272424,1002713.820544529,,54.37869725567697,0.0019251927248867052,97.8671869542507,1.0397107042874387,0.08683797516831501,0.7775011801948636,1500.2235827831717,5081.277236701696,,,,
0.10472414227529184,87.61155864211187,93.95606027855847,52.62492555836378,1033541.7448344455,,55.06503585023966,0.0020531052078655316,100.31214986597467,1.0188884910551568,0.08195205013937852,0.7686567840860915,1558.0571102308909,5177.575343723625,,,,
0.10290237377812815,81.32926943662406,99.02528161757839,51.80986281515608,938265.3176936859,,48.56120232133715,0.001859141049095839,99.16927643417355,1.0862188580748806,0.08313261971845759,0.8488539365823237,1467.8047664372132,4787.557114914807,,,,
0.09695749256067271,79.7780408397876,93.91408999689811,53.250290098131046,1105625.47110378,,53.78378243866198,0.00203360705658254,107.21212745418221,0.9271046160473049,0.08900013522466571,0.8069593496318166,1514.2863923927387,5077.971477946696,,,,
0.10491746111242944,82.89174643989932,107.77043607978487,48.38271755540225,1111997.9832873472,,56.29275774511044,0.001988581042266363,93.18784508655861,0.9163251137584453,0.07756443515001005,0.8417427080918929,1584.879606286833,5210.478815836528,,,,
0.0998416916920028,88.79237239984501,92.2481735709934,54.887003298417746,1009098.7814265416,,50.88577036487931,0.0018871595684301849,102.60910300960111,1.000217399059815,0.08137482971534847,0.8580196091576119,1554.377867299556,4931.494515790271,,,,
0.09577767829346975,82.21903052577342,109.04875317819112,49.16927860979165,992838.8923638903,,58.35417273876576,0.0020243716074987775,91.73986973486537,0.9101258385832158,0.09068882976621057,0.9320391847603324,1607.594600737802,4688.74201428328,,,,
0.10166536749811271,87.38183198713983,106.92575185324662,52.673699603763815,1085085.2369138412,,54.654393364269154,0.0017735277505257735,97.48833205950935,0.9662057509131408,0.08604892233971596,0.8423651190676371,1603.2947389358926,5073.105469541424,,,,
0.09079925181687036,84.80999606846467,106.56940827988383,50.0925347953069,1034504.5014987884,,51.431100718426904,0.0020590727407358215,104.06442542868244,0.9000624524601614,0.08158588892170222,0.818379437364517,1574.9358676018849,4783.331449396949,,,,
0.10122504704348755,76.39628399554807,106.64417240439796,50.85263127504741,993295.130334758,,55.42972139494012,0.0017762003526272246,92.59855321769331,0.9572099219681518,0.08984464542062237,0.8165193978334098,1498.322949025743,4808.416644419696,,,,
0.09941695401128166,86.88556521621966,102.07757338194902,50.833782599587586,1093382.526295066,,53.752762315804205,0.001823999099367354,98.32988215079061,0.9530130667020515,0.09292226424782651,0.8112820572751779,1605.639395597155,5043.692739116803,,,,
0.10624225819350482,85.46030213111642,107.07385222719192,53.45780798851608,1115200.4642286527,,53.29827121953046,0.001810792116294634,107.16216689742303,1.0548779576117058,0.0899318179613771,0.80332126067991,1530.3795922495162,5279.228536178448,,,,
0.10418341253145265,80.36507359426223,103.00322816023217,45.62893312769497,941036.3381305438,,51.6918792888351,0.0020231092068201937,95.07784002946788,0.9496291619243475,0.08251604320797841,0.8283332511760548,1566.9285394533663,4817.341295775087,,,,
0.10216918019428033,85.70520785144744,104.23887946806774,51.21126476128231,1067049.5192223908,,52.17719461450153,0.0019676519026490804,105.13022307637536,1.0618071225798402,0.08368143096742606,0.8384519633650662,1701.0071204863432,5110.8881201717795,,,,
0.10275913029376244,75.52263914716134,105.16779732372437,52.52860938437143,1021631.2175991073,,52.640831560740324,0.0019652564337802546,92.26076274589438,1.0135464797410572,0.07969226068996077,0.8202194165354556,1653.2180055828326,4936.857147969133,,,,
0.0970545851365004,88.8481854494681,98.01159410551045,47.9265495339229,1106569.1142107274,,49.2068274248202,0.0019132828438521159,94.27667435570703,1.0520584937348725,0.08307309719794521,0.8061375224984412,1532.347054969011,5024.1816855214565,,,,
0.10831221131897478,82.29375020314494,92.3747029625553,53.935790817379555,971599.1586646165,,50.186887483227395,0.0018111413791671623,103.00484919115827,0.9422160762877606,0.09107283797506971,0.8575442481171173,1641.3588545669818,4944.689716317263,,,,
0.10198883541635816,81.0280960576128,91.94261700391637,48.5568553406447,979061.1729793081,,48.07533558098508,0.0018921581796055463,107.94296122536036,0.9633744237481012,0.08307195154656288,0.8337047583206553,1509.9584477584976,4899.3051676049745,,,,
0.1050118849651761,78.66500202102716,101.05206929600922,49.14038426848537,1073358.4199792147,,55.333750179625554,0.002027993098873311,97.48566402041796,0.9224393288808704,0.08492941207027868,0.7789149852397793,1562.0661867889598,5163.3213825174835,,,,
0.09506925312165947,78.09723996692853,96.26189086033851,52.04125388954339,978147.2685769587,,56.21215006709209,0.0018191064820866334,103.91828343627374,1.003210472645226,0.08789604452681862,0.8283917950673164,1504.2245518990635,4783.423593268018,,,,
0.0998169687214033,82.41232753051297,96.59498912238588,54.99559955792067,1125888.523684782,,50.76646505200174,0.001952500535752443,98.37971465671946,1.0390139848030513,0.08405659435718531,0.7673215631181503,1622.4833665553306,5162.609282416406,,,,
0.10341941297159957,81.17489541979221,92.60965640653338,50.46816107532227,1107089.1781778089,,54.22707423199049,0.001725665074427325,106.1585191239699,0.947888101717817,0.07918633888346323,0.8192134088032346,1649.6579370960721,5264.402570532322,,,,
0.09806372724466783,84.65989363989051,103.65716527899235,47.022950759114366,927138.7998537733,,54.15833225138737,0.001877784660494581,94.48950184978204,0.9772105216304344,0.08125512674773108,0.9094089206449509,1580.6101313261415,4685.63948303921,,,,
0.09664727703228733,88.92291878322217,109.96257762617154,47.75033863174662,1057034.885144343,,48.658690162589195,0.0019413662675930822,101.38065664305304,1.0851027744369381,0.0881064838816035,0.7998110295320026,1546.5711987034188,4917.532826656111,,,,
0.09493820245740776,86.18756242340632,98.97345264231055,49.23131341272456,970411.6266826269,,53.20186315398967,0.0019419761522079346,105.27497203461608,1.006147228159313,0.07953367663672767,0.8566328026646808,1661.7735641464685,4816.714427300078,,,,
0.09443524896586926,87.59607122314854,99.0814087232843,50.455070256510226,1095795.0591180008,,57.542186350590065,0.0019318222050650042,98.68995748932596,1.084306062671951,0.08156932978732506,0.7946946402691355,1724.758897582047,5142.273199887805,,,,
0.1006134749363903,75.85923895008406,95.3869081450549,45.91521207333861,1022919.0765648322,,50.40256584499512,0.0019304354840759084,98.48817990457677,1.0841264970890012,0.08036172792927655,0.8883251872844262,1608.4598685731212,4918.95204418003,,,,
0.10036795857719033,86.37734284599745,102.6873467802377,50.89312620582277,1010178.959141183,,53.04372404144607,0.001781450499682275,92.83590702166327,0.9053779050509722,0.08329904868877207,0.7868516765379017,1531.299372098576,4890.932870054028,,,,
0.1057033480889116,82.47162198722381,101.64964143531378,53.5548495564996,1049172.501633749,,52.485309015097755,0.0017740959221141139,98.27317059997092,0.9311323110252943,0.08140679222124059,0.8609206869393965,1560.0021455954975,5046.250533151066,,,,
0.10566047562677039,78.2177860949494,97.78855816139829,51.07948687892443,1052792.7940782888,,50.609592459812596,0.0017334690067422013,100.2863917655405,1.0115206763586344,0.08149348740472877,0.8259510023815957,1741.2044789816505,5095.213005054061,,,,
0.10244895807146459,87.04131086217578,96.9566314190649,49.3759253647168,933978.1995779882,,48.573324097373586,0.0019119052942254036,102.21674783737322,0.998114370851856,0.09006697366868735,0.8282960108109243,1702.746825473597,4795.623950962777,,,,
0.10976519121493798,88.65531627032773,100.0659893971076,51.67337752139709,1029417.9869968949,,52.91229585594192,0.001971888967426141,98.12311401782962,0.9213711201721908,0.09297022244592398,0.8735308792946949,1520.9935290571502,5060.532359648744,,,,
0.09750930905146993,80.39687816700777,98.01388720378793,48.8607576516759,1083161.03534626,,57.47348030432082,0.0017405897339592634,103.50821422219667,0.9268475800252965,0.08427468449224898,0.8195736518887204,1527.6065993840868,5083.957349440806,,,,
0.10496455046921929,77.46523200246112,98.02281407659078,51.3318263292298,938515.7665934797,,52.2594648218612,0.0018776608353977887,97.32146546042861,1.0492323724901367,0.09449511571762166,0.8092434559041096,1618.1126989232487,4799.1250215455975,,,,
0.10115406217316936,82.78916156598409,104.51311341219338,50.82906937394842,927787.9828225834,,49.9707814689211,0.0019555288620254647,98.08523872350669,0.9356586252297133,0.08616020886468173,0.932112847173802,1618.8950161464866,4675.723445433693,,,,
0.10815923319224885,89.86802325270912,91.65643016460315,46.217988409084086,1041968.9234084538,,49.520535910564284,0.001715649960560294,97.75130104525164,1.0980558403795517,0.07775455535667845,0.9148938317861387,1452.444723829768,5120.867479625511,,,,
0.09609428987860553,82.09787906636164,94.65650273415821,49.04453837969988,934782.2564379501,,54.499287801624945,0.0020566539813320936,101.64123541158847,1.0719578725734673,0.08059099143305043,0.7898698325384886,1660.1501821305164,4804.803696448935,,,,
0.10851842740994362,89.18362676265566,101.83083724028776,52.96070922619863,944733.7666157475,,54.957165554577,0.0019513918236385337,104.09069805940014,0.9400842415040763,0.090990742839694,0.9197119376191192,1739.7305647929772,4940.7370258871415,,,,
0.1094205545997768,85.8950155890506,96.46328997358039,49.67199412803808,976625.3192831371,,53.99551438950379,0.0018538004995864916,97.3737580019214,0.9303648088357896,0.08413533676945284,0.9212092453039595,1744.2476909075567,5010.612487937058,,,,
0.10689986366758282,77.35492878332198,94.96202524187053,53.77762418632028,979602.166734354,,54.66965524074952,0.0018863305841931369,105.56012630456759,0.9363189817740505,0.08530510179950793,0.8829702917678012,1687.4557284639243,4991.6201858771565,,,,
0.0976300073310723,86.78822983275582,109.7622887403683,50.531006111981384,1014744.4363342464,,53.49730914732343,0.0018451132214315539,107.21054741583973,0.951052794541135,0.08166077438651625,0.845278626165359,1603.2644600443334,4912.5034339180875,,,,
0.1034866106992539,81.11715135695236,95.07013559521253,49.57628325197863,1070051.2376215244,,54.509636300154455,0.0018617852963325632,105.23053458826455,1.0929513070272558,0.08531117720053782,0.8481482769037492,1507.5135956293823,5163.914157019226,,,,
0.10357106573548498,91.21204768043398,96.46014760602397,51.24321495187672,984466.1897658457,,52.096629358512104,0.0018525881107931692,92.24297537154955,0.977408392047679,0.07988321087654218,0.8682590418675146,1717.571046935236,4928.3727834600495,,,,
0.09225300966873878,81.82592487603436,103.29132338193325,45.42876433641458,972095.8290363594,,54.380865163529315,0.0019119244209984915,98.91867446312524,1.0698819571596354,0.08296101019507304,0.9103724060490481,1523.5675109333552,4686.51650830153,,,,
0.09292678357428763,78.44858040854501,105.51750258463002,54.499499508528956,948886.8150905287,,57.91224655470142,0.00207035557106431,90.24625308896546,0.9014903295449374,0.08469020804482712,0.8109707011083984,1610.344380678035,4597.75728722195,,,,
0.10171421068291471,80.52124387099713,101.89706896314637,51.33504267126864,994530.4612250396,,56.84565621729659,0.001878650247351453,99.11158854657175,1.0187971641533589,0.0849531571782875,0.800100300825518,1540.583352416712,4962.0357110594905,,,,
0.10172943312543142,82.86467479294687,107.53215919542069,48.27132577890381,1028437.7835916948,,48.713237226591225,0.00203755981629273,96.47728487068896,1.0483358763975605,0.09220039775922578,0.8048382783070781,1613.989517160304,4890.431098494654,,,,
0.0966264641969811,89.79772316032106,102.99548013134871,51.28775885849418,934674.0723351929,,48.045199111802695,0.0019086745627429388,104.8734909859856,1.0556521075121656,0.07939018772929016,0.8776713289875915,1583.6025187940786,4723.231213756305,,,,
0.09585765055560869,89.27303792219627,90.91514114864864,46.84561411759112,1120204.8988048064,,56.05292404346251,0.0019058961244937471,100.64580837009802,0.936374909575425,0.08656290982436633,0.8437051111802358,1450.4072372016421,5118.761983882921,,,,
0.09628412120994274,80.15552920042299,105.10333887445636,47.483693799819456,1018161.6285582611,,49.89864092956177,0.0019324723668285347,90.46720539275151,0.9825372681300717,0.08699307488977079,0.8582983394360906,1661.3943949537393,4727.674746156464,,,,
0.09168663860830785,75.58751591639061,97.5197976702255,47.67140671268389,991701.8174472163,,52.714805355881964,0.001814064636311353,91.73809407487323,1.0118073041850513,0.08364480722683465,0.9136504343654825,1644.702230518067,4627.034459222841,,,,
0.10562294022028254,75.58479726059123,94.62617412889865,46.94641359350036,1033660.1803541769,,55.43969630249146,0.0019633255374974503,95.23046573297452,1.035251851328769,0.07814393082587642,0.9234276458060667,1512.2878446682248,5049.320881384228,,,,
0.10558871526151817,82.56879275330316,97.20099466165847,48.89611734281534,926733.3874279889,,56.52318045864975,0.00205737177446417,93.65128909991216,0.9610719014225986,0.0925039646333078,0.8803750841245397,1695.2376846867826,4804.955261991154,,,,
0.09185801178719243,85.72148393142582,106.2306872688934,54.08966439453855,1004457.9931408967,,52.00806387784531,0.0017527420820132008,93.45344589383356,1.0578729316217708,0.08623712514722044,0.8457930251037725,1631.4347887786537,4681.991081514492,,,,
0.09902524478413824,78.56301241666931,104.5828332957049,47.307298090349754,1029549.4393279927,,52.072824436942504,0.001913159571186882,96.92881538846854,1.0947803964117053,0.08508251561923832,0.8672125735420163,1583.5901511485833,4884.896433613048,,,,
0.10305977426806345,89.16140779491977,102.33076679862178,48.392450419255944,1040231.8441547364,,51.17217323740225,0.001967467945657957,98.37641458629057,0.9541705421776007,0.08118649741704226,0.8558144183645138,1556.995282982226,5012.068997647411,,,,
0.10514543648237128,79.0161795164455,98.56204327439556,50.55845330495822,1030177.3607267163,,54.7473564278976,0.0018578534998612067,94.63285689707537,0.9814855345619197,0.09369186213201681,0.8748381878515623,1716.3942822279666,4970.219934271962,,,,
0.10376696755903661,75.28317327422788,99.48664486636144,50.43835420804681,1035943.9264529822,,52.920431095496795,0.0020814753334956527,91.86771052031592,1.0166210639302393,0.08182377689596496,0.8527916388694228,1729.1275777472483,4983.854714547137,,,,
0.09102085565361134,91.54405481261504,108.20898330552463,53.43774817999698,1122063.2244934454,,58.096671182666945,0.0018694165112091367,90.33164359300405,1.0141326278511988,0.09113623448470227,0.8029610123717168,1579.2290554079195,4988.287402524616,,,,
0.10761156770382406,83.85290171593674,91.98468273442072,54.81080945212396,1025767.2403719994,,57.01158364708973,0.0017214554802918861,105.49746869952182,1.086285323824617,0.07998369820335491,0.8787247806550956,1530.0946259904672,5198.978292662075,,,,
0.10065635624747336,78.07546101005283,100.48728063808676,48.517164999377954,1052173.1594746583,,54.802235750104956,0.001964391028997753,97.26599295155039,0.9407605616228748,0.09352407530160851,0.8675852382220377,1543.4736381952102,4922.931415220802,,,,
0.1000343826467949,81.91970550818392,105.12141182562651,52.543982301017365,953825.8018039365,,52.656891882077495,0.0020015186720741926,106.43123635062726,1.0674913201329566,0.08444349247176866,0.787319187550727,1557.8346740557286,4858.419223077724,,,,
0.09044373779171189,87.5850710024791,100.65538410848211,48.96792598053305,1080690.91281834,,57.137178942441274,0.001804614446131931,108.2546604933146,0.9236067349353545,0.08937898821063697,0.7793336701201344,1583.1539114719083,4996.849178331046,,,,
0.10221717715832451,83.5781708801634,90.400789827711,49.46003001487576,953860.6754615204,,56.409583565482855,0.0020801930487615,97.25090156932214,1.0985341669165576,0.09265976687923161,0.7882423454260136,1725.162865626306,4913.463440644455,,,,
0.1024033152622153,90.85905364074306,96.37219137278302,49.7013880122429,1095736.1409571706,,57.56936986014039,0.0019514361833218039,95.96638855611472,0.9751814652936487,0.08169432444477479,0.8347128745797237,1720.14681443054,5236.536606137636,,,,
0.09248910511744016,89.49324766805638,100.45984143610387,46.661430057733895,949756.8358689721,,52.87240085705109,0.0018621033319804994,92.94900318015759,0.9823894081333819,0.08339775487144284,0.8827683182756706,1645.246270707445,4630.933555149078,,,,
0.10002004194698669,88.00924123373456,100.4310209303106,49.77330968062263,973378.2687507491,,49.08443713917137,0.0017177957196161436,108.67190676783301,1.0481937722178036,0.08917873886169954,0.7776944637463602,1619.6243169931138,4888.209762492374,,,,
0.09084556887646006,81.65527598312497,90.21810548322443,53.3592765931131,1000045.6846826643,,54.095827713476595,0.001991094699478215,91.29815088074893,1.073330712043235,0.08358857130219834,0.797866690371131,1531.9641517420296,4740.2314169070905,,,,
0.09907794037220964,88.00489911439816,97.93876930773968,48.47457060135383,1038835.5086047115,,50.24214460224997,0.0020224354802601883,100.88387883459421,1.0355636930992638,0.08685972229044805,0.9189275913466428,1599.3166719864828,4906.954581075617,,,,
0.09210515577215173,84.98337889212323,99.03260630250426,49.67844611684619,1092658.7425429164,,52.482884458307105,0.001717325870232197,101.02367548615767,0.9796506064852609,0.08115090828411084,0.8521501600041287,1459.2656823535635,4918.485081775116,,,,
0.10476979336100987,84.84559147517255,95.98896096345904,48.87582572267652,988184.5432118223,,54.1738864432953,0.0018741001996463317,100.54837304595769,0.9281054651974453,0.08403440895835641,0.8676790793234801,1642.37292443059,4977.385274079854,,,,
0.09806083566056867,89.84837925193835,101.70164976486554,47.66377223945237,1064794.8197423052,,55.52426762355882,0.0018438560282584534,106.56095119449908,1.0782268504179449,0.07811720342718198,0.8389619908514778,1691.790216397719,5142.205986480217,,,,
0.0960980374712619,82.65961619538535,109.71452065268022,53.686116252516214,1046215.0465692502,,52.439873026064085,0.0020213125265971955,106.4542083778865,1.0601042698337526,0.08444206958986457,0.8530020967944473,1695.835837402206,4919.8581903367685,,,,
0.09044010472431707,83.41171431296458,93.80472628041694,47.182866845977415,970769.0413882311,,53.62214884700528,0.0020309217069226153,98.25832201773711,1.0822025130025386,0.08466552425944253,0.7962752809408553,1464.4384548102566,4713.650049853999,,,,
0.10828910361320354,75.11044027788066,90.44900891212845,52.86419392070435,997171.1561374732,,55.308889758603435,0.00192740690942369,108.42006070640507,1.0163988061733902,0.08341714831325626,0.8162122143229361,1641.9360428281539,5145.68825458864,,,,
0.10382210860695434,88.25800009172355,93.6502787812412,50.624437239671636,1097548.514220942,,54.37188158756467,0.001999417827898279,103.13199957467509,0.9337988096184451,0.09329962464136854,0.882096417105572,1656.34664437811,5154.433185106239,,,,
0.09721034074045422,88.37536660940016,98.87365990875684,51.67583188041566,1046400.055704528,,52.873867780974145,0.0017386513813898558,108.2163663886129,0.9871440540286691,0.08731563712003142,0.865086012989449,1534.6585385685069,4957.948147114599,,,,
0.10043373266458651,82.06096793056831,93.30639861689883,48.327173807269574,965292.0423962288,,55.43432433777059,0.0019610773528308777,104.57100840605604,1.0431109686238274,0.09022182817458999,0.8124859582882296,1574.3907879007716,4900.668748190568,,,,
0.09769198547389886,75.30697068619892,106.81616041844113,50.2123041744077,1055662.6855508273,,55.47767843260426,0.0018238434915730651,97.87724517573142,1.0394313946365044,0.08591631011641061,0.7825218001780181,1630.3193794303597,4981.223608558632,,,,
0.10489777105600324,83.17775967773056,95.40386351754378,53.5871946997792,1059246.4461786607,,54.120782927460695,0.0017137361370330472,101.23416389535788,0.9353372643986497,0.09182322860161851,0.9289356449886897,1578.2725662581963,5023.774069218774,,,,
0.10812846008740072,83.58342240735467,101.15351114032731,54.94040121570403,1116694.5494302667,,51.634020050119425,0.001969642326142929,100.11539070084807,1.0152665952984352,0.08254787171747631,0.8577882855749445,1558.5714335720759,5237.606193531395,,,,
0.09651314119077731,83.73689946617557,105.97747116988987,48.399272693071374,973676.4522972886,,54.74698386112159,0.0018792991742334994,102.94914679495812,0.9775900632680351,0.08420430152165939,0.8709786700041791,1464.678544774794,4775.759869126437,,,,
0.09125358152933676,81.90702443384453,96.75573944969238,49.76394563797031,936005.644653387,,52.11193575543579,0.0018637115568328655,102.87257044068956,0.9198666096839806,0.08507472581776127,0.7871319219552163,1578.0688160653558,4615.967651597859,,,,
0.09051808705114053,79.50129819879264,103.41358237982219,48.13420656974694,1076473.3341599882,,58.62554650105635,0.0019323007938634145,102.89744576749258,0.9793804148807899,0.0899973971605168,0.906138872497173,1701.9952709810646,4870.61101176928,,,,
0.10265265743503418,83.50516002478456,98.39575531773657,46.920595924492694,993186.5430850188,,57.92968506191226,0.0018600531883230284,98.50925431986339,1.0286667915313832,0.09154287450287071,0.9194535509579657,1703.1057643520833,4933.267225761186,,,,
0.10192336978262027,80.06906930358535,99.03435652647455,53.91965227877049,1073109.43432555,,52.93049728083647,0.0018744950823592647,97.93173244483062,1.0274116492648215,0.08593466268526127,0.8536902266753651,1697.7450193335274,5040.854720898326,,,,
0.10214970370029111,76.28405027654871,92.32493961267674,45.334194198663106,1016195.0389404382,,52.88906827595873,0.0018279140584548702,100.8358407750737,1.0764553441310756,0.09188277635976215,0.9093498142805682,1719.667011904479,4935.020542973274,,,,
0.10176723029161357,84.26485865900656,93.77126266000636,50.243224546506084,1011838.8282749552,,56.268448497768524,0.001988729752122408,104.97998738297379,0.9197759554623677,0.09337863804103763,0.8221554879266002,1498.931973845709,4978.213097226633,,,,
0.0991855947117225,78.19959202186914,102.58523099277798,54.863932157351925,1042439.7281881147,,49.91105914283377,0.0018181760197671746,102.30773041134388,0.9039092667612016,0.08770289901493199,0.8676095172584348,1497.7373507510263,4836.284397017733,,,,
0.09828414914503597,86.51233845966743,103.63560125028566,50.05027408571614,1073589.9123158792,,54.441405772910976,0.0019390997188101855,97.09552807760102,0.9080961405158263,0.0879051724530038,0.8382246154502001,1656.0075705791608,4980.236120718557,,,,
0.0907882346134307,85.6722545918928,96.41995579086627,49.80996678199099,1051157.1940375702,,52.894764273740094,0.0018638045080888923,99.1037213326026,0.977990785817365,0.08163135965216121,0.8948226956775427,1552.486580246925,4800.822823054452,,,,
0.10241954737426753,80.74271298562068,98.86442526662664,51.30188672269582,1007091.5895533649,,49.284856575104925,0.0020402152675256823,101.69886241649655,1.012647132261272,0.09078715440280229,0.7937998168909932,1447.527842997521,4899.45217251834,,,,
0.10576216731298194,86.93660375379355,109.90271091493524,50.67594208212823,985713.5713939682,,56.04612803635665,0.001847035452176355,95.66649101697378,0.9011257551261637,0.08523575417517736,0.8179667675535377,1731.588203064064,4967.672217702663,,,,
0.10093909675060793,76.23600174579983,106.54968988840614,51.11966406135296,1095304.4239527362,,54.0592159876329,0.002018146501650967,104.64475813180805,0.9309353087449089,0.07872810963528375,0.8089710322532286,1504.3435443022647,5124.750086595555,,,,
0.09133419986442076,80.14741645605704,95.7798175652597,46.81823716791824,935051.2749903423,,57.71086418372926,0.0020383187603203556,102.7148865412521,1.0178676904034234,0.09442696852101808,0.8860128086927838,1572.6047193118727,4599.810861779899,,,,
0.10364113788879976,84.55038823192602,103.98808734971237,45.543273219424826,945400.1226230029,,49.905579231269726,0.002043041469222583,103.73653784020023,1.047567680423888,0.0789567559030612,0.7825495691431964,1442.2622768720817,4914.285455479272,,,,
0.1074142721787139,77.20131279580191,102.48657816517466,53.00060657355608,983400.6610202634,,57.7479133174221,0.0019274679017113883,107.04168431565671,1.0813571002203883,0.07999005933432088,0.8186902804033716,1550.6659156288194,5122.822406271306,,,,
0.09897519911047672,81.45889841032229,93.53170000358848,54.31663307307579,1016955.3750413192,,52.5692375977345,0.0017398216803198566,104.57529548130667,0.9422762503700202,0.08087460323158205,0.8125230244771751,1573.5014288040875,4947.132021507099,,,,
0.1029200685928379,88.63968199615012,98.14569736017941,47.144590527545404,959057.3350248303,,53.83102146514015,0.0018383694205524061,109.6612878597997,0.9114541066268952,0.08976361626316438,0.8538074788528286,1614.6579819952935,4917.332170559327,,,,
0.09937251108479284,88.08010931359216,99.42819603759726,47.886674442505786,1101726.0408517595,,56.199924279462124,0.002081939303073586,92.28800493210566,1.062240275962567,0.08141689475687666,0.925062504765772,1569.3604312360756,5075.618267513033,,,,
0.09397231968201501,77.08185270627274,101.56317386196572,50.0877680896994,1070278.6286444967,,50.54733955571608,0.0019592076298308313,104.01941303938236,1.048869476520023,0.09160165111733967,0.8894818046717756,1515.9748967919284,4822.588370677238,,,,
0.09564855942276322,80.13417620262226,96.54284373751591,49.476990557643106,953891.2188244238,,52.829772504898585,0.0019561031083073586,107.49627374647768,1.0978826519784062,0.08966628895997071,0.8894745969098952,1702.4051877849977,4750.485003879236,,,,
0.10170004681182157,81.1208671189466,98.77416235509807,47.442690325977416,977948.5798350495,,55.17363142378535,0.001803750765504492,103.19959737427513,1.0903720373151318,0.09124752790124997,0.8905374509914328,1627.7259253622897,4894.82176657244,,,,
0.09790011014891015,76.25029457055388,94.06412890873325,50.68398237375814,1053179.1407611386,,52.0716247017351,0.001732602404306879,105.15733017182076,0.9365533380625026,0.08612367047608052,0.8854211014504665,1690.361455806655,4920.600435238864,,,,
0.10402874874693567,78.78397401392742,108.1254953237984,45.28021655429588,1047781.969739872,,56.71456133971281,0.001981519457141344,103.6633826349011,0.992116287892665,0.0875836353464491,0.8376984311388465,1721.6631792338414,5109.66356790192,,,,
0.10422190295564156,85.12719217775593,97.23865729444961,50.35677738778398,1066425.5107083092,,51.374138044392204,0.0020076310062359997,109.41878729689947,0.9677244747533555,0.08130861131505182,0.9203532456055492,1538.559079041657,5105.726001256221,,,,
0.10061611698705908,79.75682043471612,107.82459163812743,45.995347723990555,1023574.5704951389,,48.479305457437825,0.001941116184091796,94.06475418959653,1.0023505168515277,0.08650789842104459,0.824481746392052,1704.9314880295917,4847.9516857457,,,,
0.09895252417201787,78.75545405248151,102.86110801062127,45.701142406296654,1017609.1045961704,,58.1506465446176,0.0019374932374336923,92.05174056428518,1.0946764574116945,0.08699044974186472,0.8333674106417043,1622.2748132916813,4933.847254842689,,,,
0.09111551871335273,80.89401376262917,107.62053084995733,52.080078772437346,986172.4353446203,,51.203678387273285,0.0017525020194542067,92.97042404899791,1.0610188857224057,0.09268413973834799,0.8634526904821969,1570.9280990929299,4560.271861656746,,,,
0.09850977010459357,91.54831103918416,94.62524452339632,52.459412105494486,1023064.0888791749,,57.717978558881214,0.002086399457105845,105.89826521024538,0.9863866025683342,0.0904910847315077,0.8092533208104151,1671.9093480632323,5039.962319833772,,,,
0.10170629219197974,90.31474228311787,105.85446194896694,50.60957526619414,978575.1401300577,,50.05676313406393,0.001908295931946475,92.5447587074432,0.9466048765840104,0.08204745310228956,0.853497838991049,1696.7256528413488,4822.363556022922,,,,
0.10202257371087714,82.09709390793321,106.99016539645743,52.88587337921486,1112139.8685630255,,53.00001918021079,0.0018894412374022968,91.06648096084906,1.0957933266829631,0.09138988506271353,0.8318529843342901,1627.7635496734606,5070.4867931307745,,,,
0.10090744463977615,80.92901827432944,109.48288560951119,46.118128765735946,1079523.9082755651,,52.97809959592101,0.0019212775103045303,109.45489424987403,1.0864908311269965,0.08954858297593646,0.8617765097289288,1551.720368304409,5078.768254852447,,,,
0.10802676940391572,87.32234272540225,99.91223122469589,54.68652357502155,992663.5766663331,,57.32355328883679,0.002058181351585535,106.40078689807977,0.9980189214435023,0.08147592194587214,0.9244386085144977,1587.9768245148011,5101.726745636885,,,,
0.10705397984117256,81.83353470617307,99.41088000639937,48.42953704579468,1001573.0468020772,,50.494160320147245,0.0018372648209246808,90.49512531311869,0.9580645092912424,0.08342779333346528,0.8261445083995325,1455.3735694894403,4939.129959819625,,,,
0.09996328409276606,89.7325944683463,97.61276447820171,54.068322472024974,1113089.2353639912,,52.59536270813158,0.0017616395882008558,100.04728571224109,1.0811586954284016,0.0915506755448169,0.8980439576444534,1557.3087673338891,5068.204849985518,,,,
0.10667151709898226,82.71945849409049,101.94909001891988,50.947728600687604,1028617.3115227353,,51.189699892290875,0.0019448254727342884,104.2386625328047,0.9624162195850303,0.08848077550778832,0.808420286081045,1659.0261245778847,5069.408718030655,,,,
0.09181153881819715,81.36130347785942,99.0958215029287,54.326154890863876,1018195.7612163926,,53.780011058547025,0.0018354013631819578,103.11172650780375,1.0273188843809762,0.08602556031411905,0.8536225797452418,1550.670511472882,4773.307675339631,,,,
0.09677905024188493,86.80553332443752,93.92954258698923,49.54736308061277,978675.9661630284,,58.11326244259462,0.0018630184138604677,99.82103262784693,0.9441909771971488,0.08921601392563287,0.9128121756026569,1561.071031004472,4801.298257736179,,,,
0.10293730410609961,89.17373093326748,95.03692186319205,54.92475637030226,1000939.2262038141,,55.77959722228331,0.0019274303048517406,108.0517520376945,0.9085180048619088,0.0930381761689992,0.8786312313881148,1572.348512129994,4968.878993039037,,,,
0.10714455942704976,82.8354243820469,109.57530685039694,48.730063683884836,962764.287453263,,49.46517318418321,0.002050463434542849,109.36050214123571,0.9666376097150537,0.08957085260169727,0.9172526424520083,1450.5412267880552,4883.934360386363,,,,
0.09371280652799391,85.60037142524321,100.73080080923648,50.105676606775916,970639.4895721428,,57.482157901840104,0.0018799462025110246,97.50027938957066,0.9649101863951356,0.08750979789159065,0.815476993847194,1625.6231031343593,4746.554066950766,,,,
0.10289025115507502,80.47743129982078,96.08966607716496,50.55395839412794,1080175.8887166048,,48.600106280270545,0.0019271304304503893,97.54497539346747,1.0762955549180366,0.07886652027164766,0.8051610732436602,1546.2937650031959,5088.352305201412,,,,
0.09825082381178013,85.29667880069327,104.14442082596422,54.244529002343874,994997.5489100298,,53.02159625371872,0.0017888295037122462,102.30543809400947,1.07619463351432,0.08794027328014127,0.8926904032236113,1689.9660164627635,4832.271892344329,,,,
0.09921203032376859,87.55371574170785,108.32827563384254,47.20290559622177,1094696.1230960146,,57.849513259681466,0.0018256567554751205,96.65165572746372,1.0620761076471912,0.08906768945188098,0.9189071600868712,1593.6076536908158,5052.0686699504995,,,,
0.10028495316397242,85.68637646267452,105.71535733839454,45.19953893878287,1124408.9217421296,,51.37199415552286,0.0017937947135802557,107.40329897875647,1.0883130562106926,0.09292890014380539,0.8816046437024896,1562.6911033703836,5115.266571914775,,,,
0.09100050600753672,78.63348057169708,93.23996546885446,45.72092771763197,985907.6948439993,,52.71502625526688,0.002008296253048934,102.83678322584582,1.0516297232482874,0.07854598630204014,0.8170465545846802,1706.8169459276546,4789.377492783459,,,,
0.10459537790897927,81.3211020093168,109.4458241177009,45.73070756659749,961207.9723713886,,52.39921215833499,0.0017913041692541834,107.88923363414074,0.9283775432052227,0.08330348631238035,0.8137776044090552,1586.961568554439,4928.1753000030685,,,,
0.10342675876966384,83.66088985707823,101.68424235311224,46.72737740448017,1019831.8508885525,,55.044358165798954,0.001891675175148887,103.75700308421985,0.995254820928834,0.0812945665560879,0.890470660747554,1624.685560682709,5042.136966610755,,,,
0.10375792043623569,89.2195030725741,96.95204175673115,47.334219936449635,1125425.2463834786,,49.710386496001135,0.0019352515573535516,100.23948951297234,1.0980441078226895,0.08003831893096096,0.8811706449713838,1523.130728545192,5197.1472686928755,,,,
0.09029345613071803,88.9512927424586,99.85990429520496,50.07307930935736,1030843.0391493653,,51.93302672993128,0.0019032557340916598,97.94041011183084,0.979117777328905,0.09062838647254728,0.8803244959449716,1613.2030116634623,4710.767375709807,,,,
0.10310882002331533,77.2565552159115,105.12943886847053,54.08658811095087,960191.7103458086,,56.03778980314683,0.001946641440979479,101.62882099801185,0.9118511005844073,0.08914865310853151,0.7831126390293977,1535.0342190357358,4846.750304318223,,,,
0.09792998850443586,88.7623422636726,99.80021641873353,50.212444180706704,1032639.803206641,,52.38415234532877,0.001872239963368293,105.50389709364822,1.0245736328726753,0.0844853247038048,0.9035542019571684,1455.4918767122756,4922.788832786959,,,,
0.10340127778084277,88.72907290637355,106.23154491046762,52.589329150213814,1071686.5877404842,,56.088215579654566,0.0019404295227085653,101.47639074469575,1.0049756357426636,0.08871501900558984,0.8836532099725364,1582.689918554355,5101.097930475304,,,,
0.1037235903127876,81.8130420349552,93.08778334137163,49.49302890139481,1083392.5612656837,,54.481983126040355,0.001879190295673204,101.14931321748077,1.0925148999079053,0.09154823702890375,0.9088761780927258,1504.233386775773,5107.599621116084,,,,
0.1000926223184032,75.96083672120464,99.24924400958346,45.598199567405686,1101993.4370592292,,52.68673872566538,0.0019688584870794137,98.21261784555728,0.9708182491553379,0.09307472855557623,0.9316454731756506,1630.2572179708766,4966.465140775269,,,,
0.09600675773622176,84.6128095731659,97.91480990114907,52.281063810621674,956032.8069218558,,53.0144181432106,0.0017925073263969386,100.65037514302608,0.9926031424872301,0.08478002818562141,0.786045795806192,1464.646684567496,4754.638705427271,,,,
0.09703162115387876,79.47647078135269,95.35778965076481,49.67961066262341,1030113.7442590344,,51.63640026394885,0.0018510137580363354,103.73058031690246,1.0959834459154787,0.08551321928288579,0.9161095712332826,1546.6966287088778,4871.894119030672,,,,
0.10043286522842867,77.76478279641505,105.38263399503055,45.75249792588306,991326.3983236055,,49.92386428146355,0.0017227564769724112,94.1781169630724,1.072903152533765,0.08423854525810374,0.8818713679167983,1693.1046368111686,4797.177655658107,,,,
0.0956173027840233,81.90609256796083,102.51760612617645,50.24046696984414,1013276.261282459,,54.685048014776676,0.0019415676639917216,96.12863090866658,0.9136357913464067,0.0808293446218946,0.9167343420818418,1587.8442179850692,4778.998397662214,,,,
0.0925087456393533,83.47906845348152,99.34659558411309,53.47527133704118,959895.044727057,,52.871250839365395,0.0020395640939637537,109.54849619187512,1.0619527983212134,0.0823767508753431,0.8576022890952882,1573.9411908018026,4742.738343335873,,,,
0.0945750262613128,78.03203952541978,92.50942052219217,53.79456928269121,1064820.4467523564,,56.73820049976086,0.00203556483166768,105.57079687331378,0.9783368670033196,0.07991816324010785,0.8992407327823199,1661.4057800583605,4976.587467750319,,,,
0.10902814801957939,87.55112976493827,95.95057830073937,54.24499458034655,980872.3920587471,,51.31564354813919,0.0020277146054964025,104.38490571973304,0.9068989919353065,0.0853674284692959,0.8887246291051111,1533.1618843823455,5005.441557674999,,,,
0.10349927275586401,83.84862827758721,94.13755663074055,54.62344856821443,1057576.9994038146,,53.357197595265205,0.0018309270286698271,91.95764159384127,0.9784284929876204,0.08357043776235991,0.8294035213679735,1582.8516792629332,5042.815405606758,,,,
0.09799392344225082,78.29035244070856,108.51347853352202,53.68115825692006,997335.8205767073,,48.37736068630019,0.00200219737143704,106.52589679034512,0.9807069948280767,0.09263199554116319,0.8499143184930998,1501.4175866341577,4732.913277790403,,,,
0.10166696230002065,79.88426551528883,96.60048011301431,53.70800924143093,1052504.4917252362,,49.39181091460249,0.0018406067514186275,98.81440159413563,0.9858530293519002,0.09008515400664675,0.8120339288572627,1610.9683240526651,4949.933249866149,,,,
0.09414991422634544,76.21895769118069,93.67724262087434,47.86214727889055,1104532.3405187728,,53.803184333701054,0.0019577760763575883,105.04944227134769,1.0386732281538023,0.08819319277685686,0.858414866443983,1589.85030626918,5005.755498767645,,,,
0.10475598868893449,88.06585296841696,99.41787366535003,49.65091157384183,1016731.3573909629,,49.878266467631015,0.0018271860043489704,95.1391865181457,1.013677240394865,0.08196796473153026,0.7883823480544689,1675.6282735088719,5024.770967756709,,,,
0.10952795370154755,77.45323099995244,98.47746827682573,46.10262683556962,1021544.9696654683,,51.22180360695599,0.001928949419989854,102.51158389870896,0.9185274534338573,0.08988335936763306,0.7711026569093898,1750.9740313308798,5115.901460421043,,,,
0.10253298361394819,84.59667204106063,103.02700437500549,51.893240832906905,1063497.094592726,,57.56273564450586,0.0019171217152429544,106.40469724510879,1.0544232595208014,0.08417143992965899,0.8484607836225724,1703.245826394541,5181.8518785482265,,,,
0.09203339256366667,89.54406866972653,105.9219146290362,51.51628256725221,1005060.7524309639,,57.23171528308671,0.0018026921699880643,96.98919328379205,1.0460722216158915,0.08217884356796679,0.8768889356117283,1554.013460108281,4785.887849901965,,,,
0.099659140082683,82.16602500567947,90.34576246617637,49.17637625230095,982310.5987522635,,56.19898972489276,0.002026726719898299,109.98799066351155,0.9976734590908958,0.09408864702124992,0.7713306556245881,1625.0828344052397,4960.816966732284,,,,
0.1029792236193865,91.3720835684665,98.58987415725933,52.274247171060985,979756.7456829859,,56.02181179018311,0.0018791563195383657,107.2955682071006,1.0509831247142898,0.09166572167756917,0.836816718492606,1655.5449240847554,4999.041512376295,,,,
0.10324566185129139,90.80330025368112,94.97079798885586,47.21723088898592,1079787.2260054103,,50.15254576426317,0.001955636489383178,98.13187532734555,0.9820904752340678,0.08409319617640779,0.8229936840776643,1726.203314232722,5131.471904244506,,,,
0.09452278397618785,83.3651604272339,104.0717807685428,52.218737823018024,1003453.5275897833,,57.10343882988649,0.0018497802142853972,100.33664239344088,1.0230440579445508,0.08090191414311484,0.7678621425629165,1551.9672500151926,4902.850665730591,,,,
0.0990978428990162,88.13969111906998,96.65134333089472,50.96149052771144,1080970.094768912,,52.88849582779136,0.0017577789492577993,96.93112960918435,1.0273065586314507,0.08599541231725437,0.815298209090351,1457.341039915541,5045.266124936723,,,,
0.10418561219824474,79.10514732485207,106.0223567525115,45.533576871485835,1007360.4879214953,,55.58763947721234,0.001838057875148859,106.2149050407817,1.077890294318883,0.08384472612163386,0.8779712791372025,1527.846964563184,5033.908845910187,,,,
0.09681446504135556,79.00802460048521,100.24530889324828,54.52427485312678,1053578.48430914,,55.5994162386993,0.0017381554109712814,104.30926707313644,0.9286329157858803,0.08926992472917743,0.926039652999558,1491.5090072748942,4867.760842671325,,,,
0.10134191476752569,91.4215140830127,92.34233740364927,49.578387232378134,1006770.8856188504,,54.318464603994364,0.0017183030646181065,105.81675449256798,0.9394733606515288,0.08593514668478586,0.9209812174013136,1720.3123891838613,4983.210803684713,,,,
0.10286666288336642,75.83591305876197,91.44794515803211,50.573582577357634,1083876.2610429635,,50.28446101535331,0.0018737138423563122,102.26913418461292,1.0536642139031371,0.08741409357952051,0.8654989214229605,1637.330801994616,5066.852411864042,,,,
0.10850890181304262,76.81381960024186,92.17808003647853,47.017068964578755,992448.0759834888,,49.835986549451086,0.001963059282938539,109.4247783889255,1.0478999463555498,0.07958963942732655,0.7787250212182917,1480.1552114829146,5130.764603910702,,,,
0.09475194046790104,87.26719666524745,109.1623398251755,47.63012039580794,946665.1156878627,,53.24037700711213,0.001799455840088215,99.33759668568271,1.0047889133049437,0.08212708603833972,0.8582987761359757,1543.2269184578574,4688.393319709349,,,,
0.10085528531656254,86.1081845368327,91.05782691019549,54.40984855136246,1049020.256281332,,56.473494468441004,0.001753535633016058,93.13696181796503,0.9080638841179937,0.08752126491098476,0.8971120204952577,1676.353146289225,4968.117208368573,,,,
0.10770931896586096,80.0823622782973,92.75497504339513,45.93633927603328,1079212.650232644,,52.452075166552895,0.0018084059090345403,95.63606874095673,1.0946531155054287,0.07853156983677953,0.895091612774827,1667.653753383446,5195.193050235293,,,,
0.09717908563697727,85.2451115771382,102.36381333985491,51.11039010478938,1126602.5397127918,,49.74167838822899,0.001763472793932548,90.02226353096118,1.0114921076559218,0.07822219891500086,0.7764250505905813,1720.448145139121,5061.656310645166,,,,
0.10950094890542011,84.9621493604936,99.29676365826775,48.189755383346984,976656.408939719,,54.36591795600094,0.001717585325241369,102.78263559031504,0.9310333648699051,0.07945473889076451,0.8821721880638773,1545.6569229709849,5060.777609099134,,,,
0.09395431561196699,80.70531628423062,108.76608410424211,50.71770823459727,1074946.691656117,,58.27454956668369,0.002068363628407152,106.9005006187192,1.022826153580645,0.08466635919974008,0.7900828170154636,1515.7555546994881,5052.859723475446,,,,
0.10473754531999518,76.53388365761687,100.26308382432505,51.77570617636748,1106314.3055942473,,55.01914197066855,0.0017624313684175483,97.4372859705075,1.0469411124934271,0.09019335112346588,0.8411074023781049,1531.5679916518563,5156.113086334808,,,,
0.10004044205160843,90.33187350081305,100.49793881739129,46.62511837996305,980419.361726868,,55.95668432642635,0.001754686029365662,104.51203423472353,1.0571224395488295,0.08594995945785913,0.9154658544307517,1705.0056001443006,4929.393873739143,,,,
0.09757424047794921,85.54497972263982,101.73516470274555,49.771950277778885,1084429.0751136653,,51.159284651565265,0.002054031425398661,96.36943637221707,1.0266956475944082,0.08372190495832527,0.852730469911349,1493.8347624045489,4964.6727015832885,,,,
0.09819140893670286,86.32246261667505,90.14968080152389,48.117169814721585,967043.0481577853,,49.52622686254641,0.0018172767199930182,92.6730415974335,0.9229381036091947,0.08101236767071339,0.8690892301819517,1673.3296688066528,4754.487873504543,,,,
0.10244539735848959,84.10301481900693,103.08019052277466,54.241218415008696,1072428.5511811138,,54.02861080098305,0.0018189971288727867,99.72782265481392,1.0578114220901453,0.08836661025435964,0.7877844281759931,1647.8642353116363,5119.75232977057,,,,
0.10626116295750376,81.34539396753496,104.88354237954634,51.465624118642495,1008884.9778114813,,52.985972215977256,0.001781752417718249,101.99708944203772,0.9889836215955968,0.08191635420071315,0.8933235428727576,1491.809752288417,4991.671009398178,,,,
0.10864139906255084,80.04802336433045,96.54748822997053,50.05123900226006,983594.7143374727,,54.18441953581464,0.001803738863285379,95.43863723504063,0.9659685435908912,0.08433963381810797,0.934723289705912,1632.550653980522,4966.086116751067,,,,
0.10705071301341794,88.39522612927735,107.0879994732555,47.67392215747256,1060050.2984028743,,49.02490461148845,0.0017465019262958214,108.23174166149865,0.9276913094850314,0.07795975486888918,0.8151582692443179,1738.0752750925342,5183.46323150362,,,,
0.09512042989638377,84.27114600041863,108.97452395757006,48.5133604761405,1026505.0550909489,,54.312131204397055,0.0018601725185836899,90.95701168656448,1.0546175266470623,0.09213328732816281,0.8162667707739854,1716.01623499856,4798.109918433848,,,,
0.09159345365672689,78.12587785530279,99.77650079834788,54.95241474036647,924931.620037672,,53.234227126412215,0.001730957331449755,94.73818590092839,1.0119368137977702,0.08897597275533228,0.8643930516768324,1609.1128480788234,4497.694795141535,,,,
0.10424483349119965,77.46475173373062,108.20977469194189,45.48599720236193,1108859.5698140345,,48.06635272256122,0.0019159475681475475,106.48577891643367,1.0021639277936718,0.08001470780184122,0.8820877410215103,1709.2638600644834,5114.242332117289,,,,
0.09440066485746118,84.18806933496307,99.10168875953505,47.32156908063629,1011837.0648264117,,52.41551777699503,0.0018544409703684526,108.53874254951963,1.0464205391696988,0.08437540140686733,0.9000299675855646,1608.6088731253358,4848.270023260064,,,,
0.09823324234687213,90.59932583402069,104.43443621488251,47.65722576339563,935715.3372723294,,51.47369816089492,0.0020722724705926226,92.33769482121912,0.983864368791638,0.09214596451389326,0.8474340258750703,1529.3945283920461,4648.856317310338,,,,
0.09227860138059191,79.62001543201117,106.27087133192468,48.44624956597054,1003250.9384195661,,52.049911017987355,0.0020785309406799136,104.7526556621799,0.941365544101249,0.08356505681214497,0.8299744915160238,1643.06174309708,4748.5006376368365,,,,
0.10476253123787589,84.91514154403744,103.38829793291976,48.900562196964565,1122658.0327973715,,53.681787463602944,0.0018862348799588238,96.1631166449687,1.0528446361574775,0.08592169266691123,0.9321876155337889,1475.0599797358968,5139.407566373825,,,,
0.0920530834190263,89.51312390275314,99.43922881252838,46.234745623249495,1083219.7932628242,,51.09995034121354,0.0019379393001757064,97.50798012648143,1.001325775082087,0.09036108028305666,0.7838632752253024,1689.7320100010554,4921.194259262403,,,,
0.09494159503943422,87.93833247835836,93.94699466018591,49.26452900506052,1085449.5222703102,,57.74840944954316,0.001855022947747629,100.40455160406414,0.9113947663595791,0.0906872525131641,0.8120891383581407,1579.3621504929538,5039.182093330315,,,,
0.09747944000732922,85.26449798055988,96.94058047135235,45.83187045658811,924041.1527548919,,53.67604856286173,0.0017677194640073448,100.2048464730841,0.9677568480902894,0.0804274561422718,0.9157881834002979,1530.9753538140642,4716.895529935458,,,,
0.10393473159599625,84.88246671544454,93.97008843053818,54.58388024640893,984472.5668727524,,56.005451348240484,0.0018141623663429124,94.8193114221083,0.9989573854269151,0.088681107384623,0.8629810429121356,1757.9551851907377,4934.09891445073,,,,
0.10699190821487953,79.23231139128193,94.71567726399608,49.85677099823841,922710.3886617041,,50.62464134489877,0.002041705239812973,106.07406845549727,0.9328035006329446,0.0905189209733882,0.783574961479255,1620.4866628879292,4869.726481753943,,,,
0.09367016522539061,78.54995008002106,98.1674587001319,52.513903112335356,1027252.0482017342,,55.780802182516474,0.0018037817068237683,109.29552530373708,1.092899137256524,0.08365530457737214,0.8615892512954403,1536.6658862849017,4906.3712290283975,,,,
0.09963347468099171,83.972513528151,108.77453748396029,50.216560075191495,930101.4077305967,,56.412591525016765,0.0020138659174388156,105.44828544283456,1.0352137185773773,0.0837111093636544,0.8955983019931986,1514.1116173610465,4783.449339264833,,,,
0.0991016657183622,83.47385035313944,101.64431968574033,46.53917636406487,1097678.4195396085,,54.02725246765456,0.0020419208378724112,102.36814115522574,0.9400042934302641,0.07794240086546766,0.821767135176779,1611.0058056541816,5136.822004690895,,,,
0.10933236675454627,82.54543228802146,97.48631813953152,49.27056954664727,950868.4989275797,,52.95710116286592,0.0017937539300884073,103.83089119576421,0.9078338980489581,0.09297521218827079,0.8083722101243532,1531.358229726348,4944.939388995301,,,,
0.09594638806540594,81.94123976672537,107.21771827610971,48.56507902036865,1036023.8322495366,,58.56565124625657,0.001929924789198279,97.78935766513744,0.9634326401355442,0.08813684144449406,0.9329958700215272,1748.1342919715078,4855.186463302328,,,,
0.10485255279721815,77.8872561110474,98.15125046909901,53.13488471105329,999703.0051261163,,58.363241939061105,0.0017579767958212965,101.29925651709056,1.0379349372198359,0.0944048210830726,0.848621423943746,1709.6756247870671,4993.739018569876,,,,
0.10130238038590207,86.18878099120926,98.84899299148726,54.47390412760696,999766.671429101,,48.186547458838476,0.0017930527824506477,99.97708021024478,1.0371702240190497,0.09027866988568094,0.870176886260005,1750.3596797789744,4844.82763395546,,,,
0.09355835024622185,80.47064975510047,94.3262628331022,48.871350985771656,1020655.2624962099,,54.593980899257765,0.0018858921750790371,97.11555989762802,1.006257197191312,0.08922780697850535,0.8286085938194566,1689.5176298198564,4815.221979271475,,,,
0.10624803166283366,82.27813429027034,105.52206720007287,46.53222384442356,972325.2835358971,,57.4703322749255,0.0020547583053359335,94.4088685795528,1.0153968240441573,0.08624681965513753,0.8890628776689117,1544.0429891137921,4938.557105690109,,,,
0.09626125745681323,76.93930605274748,103.29602005483918,49.48928185914878,1077843.2115378643,,54.174863168879796,0.001801184308458673,107.3136155557926,1.0069420790841241,0.0925255015419466,0.9085715218276863,1720.869400772476,4932.121719824804,,,,
0.10568097199671661,91.02235017781491,108.9934388442397,50.78448382313111,1050874.916874472,,49.93385642179808,0.001962988591849094,99.19552898573292,1.0027914677471335,0.07832404523683657,0.8178770359875113,1622.2946920671802,5104.956074360729,,,,
0.10028232693590794,88.35630184826687,91.14618726935218,49.653241453313726,951073.9186477751,,51.23257268017737,0.0020443400651619452,97.96021847138341,0.9915826991700062,0.08656595327005573,0.8644062025742718,1724.4847095723696,4812.585484963553,,,,
0.10373469481782344,80.23649952866297,90.7829446397419,49.54495238566451,1023024.5905894766,,56.35993038776379,0.0019136132790725686,97.17338493668164,0.9020743639013895,0.08684156425563659,0.9276261770113937,1506.690344596585,4963.106570512684,,,,
0.10524782405676253,83.62928803448577,108.72883592526495,46.485397753277695,1072280.2033082931,,50.701579492603535,0.0019008044529919377,105.63487770125366,0.9290328914528038,0.0805135882638172,0.8127665113148878,1477.466389485968,5133.847427889545,,,,
0.10852831133174848,85.07625833783781,105.25926595086406,51.0238087002432,1122671.9433493924,,53.20809385675783,0.0019768442002423836,108.01098597407636,1.051651674902335,0.08612172029883224,0.8467213777544821,1622.2020077053107,5342.866340383484,,,,
0.10491389426190188,87.32149763748329,97.41449606129426,48.85846161453826,1122425.782125255,,51.26357066563254,0.0017560676795539763,96.78669545581702,1.0252325583167439,0.08625081407808419,0.8033757200303311,1535.9900050390427,5226.535983031702,,,,
0.10128481533641816,90.05133504893134,103.52855415225193,46.9419762112343,1026086.1503111016,,56.916460543823746,0.0018732526084440347,109.52507366674567,0.9720571958078511,0.07869682081806248,0.9122594565945825,1497.993601390863,5071.013255953432,,,,
0.09049705509570767,88.65622438252205,104.7806627245877,50.810945765616076,1037213.8393575118,,57.237991378730776,0.0017417061187850688,100.90199430040568,1.0995349868645234,0.08764980251383869,0.7939573921719121,1641.156215439528,4894.474001320728,,,,
0.09926656767958755,86.43942771354646,90.50450550935129,51.077589265303516,963361.3819511908,,52.122815723744,0.0019382259165986427,96.29110329113931,1.008222026783659,0.09154065183931835,0.8410709859143949,1675.7104856274398,4786.846931647375,,,,
0.09336402732696714,88.53259188213528,99.13885723748102,54.45820107218412,1055238.9009731216,,49.04303125417069,0.002026616512629353,92.58713132537942,1.057149716643548,0.08238314599844809,0.9334670267567817,1457.0400224409527,4746.973698961706,,,,
0.10116957913793323,79.52006063168115,96.1160248517839,46.82390042463613,1097371.7857840436,,50.926710852626805,0.0018806891088998588,106.91439945208589,1.0833232514671487,0.09144211380752273,0.8596025563043898,1572.0522675679179,5095.122177005247,,,,
0.1029804903860224,78.42375112938018,98.97611523256144,49.95401506791163,1036813.7842973332,,51.94197997931896,0.0017969371223967,100.61891380197751,1.0528293441228347,0.07995579708392894,0.8387865797394987,1464.8298369944134,5021.123761774404,,,,
0.09822714591068717,81.128535912248,99.03051129608008,47.45955697837746,1004744.7914376975,,55.10512672255284,0.0017134270757193325,98.03890216224659,1.0415359660712675,0.08307887646775639,0.9117516635116117,1593.026267355285,4861.708302811633,,,,
0.09850502169418979,80.4579277930091,105.70085708170103,53.94402508014533,1017926.7638118658,,52.2349462694778,0.002018660587873272,104.30839466672066,1.0660294210236378,0.08440813415026958,0.8362018266202771,1468.4386108567019,4892.906663065178,,,,
0.10594913200495695,84.70488350982025,101.71167727277731,46.09823070668284,1056582.5641024057,,50.18407656844544,0.0018781662655603076,91.70520307186129,0.9756440157400168,0.08470326660675592,0.9166062354684318,1752.4577007096855,5005.225031044509,,,,
0.10174701701849448,87.74782582363518,109.96841773030918,48.6631102211971,1078986.5706468688,,53.84419222100073,0.0019231561275978866,94.99747050972537,0.9567265844219904,0.09169458308370697,0.900584239504835,1511.813706463207,4969.196194544277,,,,
0.09367488159835825,83.37519893794153,98.51973083800935,45.97502348409737,975724.4336854647,,55.691599734552085,0.001873207703853428,94.48521419868887,1.0866288696550364,0.09027432227704718,0.8621584303114714,1592.646726918228,4718.133290483069,,,,
0.09458744692895309,90.72552028884225,106.23533125027215,45.62805016608164,924481.0079538934,,55.76881031197567,0.0020608802958878365,97.07432286947491,1.0336364542406877,0.08971830053005522,0.9135184983247525,1654.9925398805508,4635.824329404285,,,,
0.09889374088655399,90.12994487539385,103.83737867697404,46.869660485185186,1080078.9026169307,,48.56414131701592,0.001985169226298193,96.47308451157859,1.0793808897891488,0.08420202016220195,0.921936331487902,1642.9460426567757,4940.0437806954005,,,,
0.09464323408459324,90.2033376402193,103.99787670484442,45.24852445096858,1080347.2026535629,,50.76555143585875,0.0019710505173904974,93.30117903944503,0.9767082138526696,0.0860055701542621,0.8860134782949566,1563.167844243829,4861.628343922599,,,,
0.098599934370587,77.19279946132569,92.7201619765829,45.69297772654421,960077.6982948432,,48.896198267357974,0.0020617638434100986,100.7771583667155,1.0463833282395787,0.08871741994463,0.891460953740596,1584.7333143706896,4734.973497584693,,,,
0.10153568563983889,79.48631519509382,106.66182685276853,51.62079158508177,1040763.3772994156,,48.3037109849758,0.0017491455827777565,97.81616899506575,0.9078792201550518,0.09009381720159838,0.8515505313679642,1656.1235988990413,4844.49337990781,,,,
0.09993313861096288,90.389237681437,102.83350291901571,48.103668167067916,958249.8216457556,,58.260329535329134,0.0020133437811483924,98.70964564591091,1.094521911806715,0.07778801216826016,0.8160084506193558,1500.171391837214,4957.827951140405,,,,
0.09815706796127005,81.7900014949625,100.39695553032301,52.67570149731229,1045862.126769058,,55.79013070327946,0.0018684933156475772,104.71832565903141,1.0354282208319558,0.08775384773964232,0.860868870266064,1746.4329983301518,4992.446922710146,,,,
0.0968302532613099,81.19297806883816,97.22484843690064,48.38735740208114,1061484.142766417,,54.69397372563592,0.0020355573630714855,99.42579850266597,0.920889742374452,0.08225404688488323,0.8529071554332881,1758.5596440096226,4977.417700474208,,,,
0.09326610475911257,86.0428981593207,90.39909543622086,48.327089546377145,1033204.7071079914,,52.03044436933126,0.0018422302924490052,105.3721084729088,0.9810960860789343,0.08415496931326573,0.9343479216542094,1753.3751459073508,4848.9429506173265,,,,
0.09906636363405179,84.97709235978886,102.38209837149064,49.43177303339612,1084311.5411044336,,54.24543110414016,0.0019382833134863743,104.13958653077027,0.9198899068251956,0.08146724043355733,0.8782211560858092,1636.580574543482,5056.944289188598,,,,
0.10503223366791864,84.59225389336935,93.4667973553732,45.858475415679244,952212.3666958509,,52.91141763081663,0.0017464534162578854,99.73318943177063,1.0153690451342685,0.0844110606920577,0.8592569778078988,1653.096714412524,4931.607629439054,,,,
0.09558310122452184,90.67900710318236,104.88510106598076,50.78371015507973,1023272.1350235374,,50.56166295213225,0.001827987417566595,105.61154156843133,0.9688408713029754,0.0805185114800326,0.8699680730376004,1653.0323340111656,4869.22099272634,,,,
0.09420732179754839,85.04042062324345,95.20901477485164,49.82183450127217,1083415.8853344365,,51.19205245780965,0.001948066425498503,101.39958992831207,1.063478886590958,0.079897684922344,0.8710657238610693,1588.6411162678219,4960.742978854601,,,,
0.09319107443504435,84.67217555944329,98.89883833427965,49.88535054905915,952941.4811722391,,56.52383329380563,0.00190758833841396,90.59967899461266,0.9751299712062423,0.08755142015258954,0.8043729856487737,1721.0737597078785,4665.327216499528,,,,
0.1016258737973294,82.80534531724635,104.50750366807576,51.44635821006916,1106920.3448917982,,49.785426620016324,0.0018238204148492913,92.23364336062883,1.0486527821782508,0.07977017756559719,0.8879112835863224,1630.4424075120207,5015.321087574995,,,,
0.10308655818774133,89.16481154191595,97.95280939118264,46.04318361557352,1000851.6194968342,,48.59260970773398,0.0018994766282734088,101.95080953318181,0.9600403759043351,0.08185168051743211,0.8731422557621749,1612.7119535443824,4943.646117473397,,,,
0.09367647012672321,86.6019916122876,102.80831975948495,54.01280231785114,1010883.3176101007,,52.61787355998362,0.0020094419833463946,93.77617800701874,0.9690595108101866,0.0836609945404698,0.8583924066753496,1563.2278090822308,4735.196935488122,,,,
0.09265241444230986,87.7450309916884,106.4868854297039,48.7389119016556,987175.3745052626,,57.43439062890524,0.0018445146478814195,96.32402136703591,1.004568437475149,0.08940876651160104,0.8433332662589953,1570.1311793614375,4729.705220743415,,,,
0.09848735574962256,85.62624031593423,100.52996349300444,52.205449774744736,977525.4287192968,,49.588199913944436,0.001975368340554186,90.74339002771555,1.0250918071435258,0.09146535457781683,0.8579918772093331,1558.4667088046317,4694.992515607545,,,,
0.09642862882317649,88.8748911222274,101.73994767036314,48.978835398157,963447.6419127968,,57.53172259078799,0.0019704362888231016,99.66677949765739,0.9929708347854196,0.09430537391062811,0.8128163036394408,1538.370702659366,4769.912585017092,,,,
0.10861778829403401,82.08541808683295,91.88303892406896,53.47833251297457,1055863.2339607337,,53.381198885683254,0.0017720617032255628,102.52550655046487,0.9071727892510717,0.09151395105614761,0.8970098009291575,1657.3094275271949,5113.646693959805,,,,
0.09583089419319218,84.99973595263332,96.01633838124495,49.46249920346254,1022403.9643387976,,51.39641410629385,0.001756652492429171,104.68343886545955,0.961339812691812,0.08605801057007936,0.8307459879923981,1691.544366123358,4880.72844429135,,,,
0.10221643753825681,77.31024841004339,102.01826042597204,48.54324537826931,1075254.7538549702,,55.027877996126335,0.0020399659148185945,96.83642638766227,1.083580530425068,0.08803101776212278,0.846724115249741,1580.650928132487,5073.452813882302,,,,
0.0941945792218879,81.21862310638402,95.95489378652071,48.21677759776152,1083790.1313132376,,51.55505925291608,0.0018524292173612254,109.0855188098026,0.9543497929599704,0.09356973806599266,0.8618785711546852,1660.173970548431,4926.962434127241,,,,
0.1045514113762144,90.89736986454531,95.28596800194148,48.72588067494949,1000062.8544338446,,52.80671045288369,0.001720188014408162,93.58760729398,1.0477404125008627,0.08115865293487994,0.8530279863366004,1760.062233024161,5020.550494933797,,,,
0.09941500803926734,82.65361145329541,102.4444068556233,47.62561496338365,979804.0868333552,,50.45187212492184,0.0019358446813913031,99.94107467048646,0.99593890140853,0.08551030314877495,0.8494808737491318,1604.9861508730169,4806.755656851687,,,,
0.09623561934085266,81.60953695515349,99.79346599102958,52.805765762949285,1057938.1178057012,,49.409794265910556,0.0019401230747131055,94.01980785293716,1.0617276972514684,0.09152782062968855,0.8581794538977144,1592.025915737572,4810.695269970768,,,,
0.10548995986003462,84.7435197109028,93.47287765775437,50.43232914769945,941308.9712278037,,52.300918073552694,0.0018283420229737272,98.63503059917993,0.9595950025618919,0.08441456454368554,0.7897685349576196,1570.0554121093846,4905.620416969779,,,,
0.10868194591466224,90.2763271250815,103.5336001323187,47.13115087685481,1122939.9208992566,,57.68030766214062,0.0020094371761488787,101.16030876579198,1.0280034913216543,0.09226909569044954,0.8434948741610286,1637.8872621561254,5384.681786471903,,,,
0.10162560460248303,85.98491943668077,93.68516761034932,52.44194325410284,1104738.326576167,,49.03708032594155,0.0018967256542186284,96.13990941902242,0.9753597907630471,0.08916995740061702,0.9105421822867146,1751.8006810782535,5009.434343924041,,,,
0.10839650991975708,87.87520135414798,106.96499237293065,46.56919010298288,968201.6544484716,,50.198104011828796,0.0018733912840549686,97.74088775088605,0.968838323744912,0.08808398610798787,0.8297094997494437,1593.5286659155986,4938.793212758925,,,,
0.09785637891920113,81.5201310017623,98.80607373257986,47.63161629212199,1022993.861336463,,52.68447106170611,0.002050900234993225,93.11240029533656,1.0078711636874413,0.07846198041662236,0.9275452196427705,1577.3048920985354,4840.115210244474,,,,
0.10828224902099622,79.37715969036726,102.05709723432417,46.88037720243665,997800.3417048544,,51.02733427066898,0.0020099393828727184,97.46437953537568,0.9584322342905699,0.08033167507279125,0.8346392143892619,1583.6326903718,5015.863763873496,,,,
0.09019149092513701,77.7229820391944,97.32223120572093,51.86221682241747,1113698.8509979248,,52.97831745618746,0.0018915466192905785,93.74524702503449,1.0653861142187808,0.09166291770235604,0.8969110654596835,1593.996470097941,4814.760361755559,,,,
0.0983447361116628,75.49534281805126,102.88269572877597,47.66916816706278,1122210.889044054,,52.21096867549771,0.0017760992179674596,103.4827380796733,1.095312068693688,0.09354183864021798,0.8511555773605145,1650.438040014523,5055.5327031325005,,,,
0.09335932636322884,80.15326263649872,100.96763831453895,51.584553952802395,1072745.0645656649,,52.11241531236456,0.0018734508218750706,99.59545157911786,1.0651914809896108,0.08443638475125573,0.8572151811493973,1709.163664228183,4888.226353393858,,,,
0.09867779086824752,90.730429908661,90.62393916866868,50.31323906420309,1051508.9045763202,,52.01906008535191,0.0017202952436133293,108.44219923362894,1.0044580076937288,0.08838863373618858,0.8174182577318548,1745.1533691919683,5066.758152715772,,,,
0.09341028744766143,79.99561959251285,105.00548457491476,52.37602196378204,1104109.7871330804,,57.97421636016834,0.002064981980409794,93.23902804315924,1.0791754177461939,0.08391827939601428,0.8499866354506502,1551.2187766070178,4991.6909629102365,,,,
0.10071996726150889,89.37601302255818,101.07512188202534,47.48641409470906,1023544.0353981461,,58.57299062042441,0.0019052809955658252,91.95025888827573,0.9550780634550025,0.0871856249616019,0.8113631667934962,1561.0377050242428,4995.762570308617,,,,
0.10737567454760438,85.73737358224179,95.94113806255162,52.46313756279166,933060.9270788372,,51.076702041923774,0.0019837722978302257,108.3779479513999,0.9647683096030589,0.09053284135404835,0.8069671148835017,1509.999900105819,4918.3605133551455,,,,
0.10796814408716993,84.44041541055988,94.24166080805479,54.24966113614631,1098132.5906706438,,55.7132126064981,0.001806359649361419,100.67818326215905,1.0932349470605907,0.07826844342028465,0.9195023303509832,1507.0881795086118,5272.345597056253,,,,
0.09548966598828268,88.507678693492,90.2211550548085,51.580953338644356,1064094.9039750819,,56.511483599882816,0.001893159681701578,96.22564342453686,1.0615440000707475,0.09322906194957245,0.9189176693924352,1519.8786540163323,4917.622389120364,,,,
0.10398362512778264,76.65349155269533,102.19726281270263,54.97996595547683,956742.8053360259,,58.372703114748745,0.0020044573887782243,95.98803940253104,1.029296175739686,0.09157292258776795,0.8534581040380318,1741.1352709764424,4851.170866148032,,,,
0.09240156559639899,83.17564514062089,94.57966883892915,48.459157079369625,1041226.0772927724,,55.249287020480104,0.0017686252062001648,105.7961579073974,0.957172452019509,0.09287414631970885,0.821010854132395,1667.941762998551,4874.4471296559095,,,,
0.1071059448825381,87.67567433869706,105.02596207693922,45.92510688134732,942014.3402599652,,50.76847603920281,0.0019278475544241922,104.44288231969657,1.0620505338868873,0.09079388009449979,0.9032214198589846,1599.4182339116037,4898.41760784266,,,,
0.10606308058401744,83.24300225155541,101.42240538732771,54.96632610011281,1041942.6914979551,,51.6294321402276,0.0017990599798160187,98.00409114850726,1.0795664170842858,0.07930848765629236,0.782457215143495,1573.3572708875608,5126.854926783485,,,,
0.10699876632527627,90.27963745152168,96.4727608602506,47.455348226773275,1038283.2441880631,,53.41359541858289,0.0019440378491809066,107.42732660093601,1.062957294164294,0.08517521641862784,0.9152888578185928,1712.0076806724476,5175.496804360013,,,,
0.09507782519988912,91.48226458322513,99.94669439105101,51.24793531481922,1085070.767313326,,52.932161264078026,0.0020472109260137165,93.7512032791413,1.0793312991701456,0.08878808983302554,0.858674936391879,1667.4321247170626,4951.197308299346,,,,
0.09263943094558165,78.70617454214712,109.1224447752604,50.84138977536404,980548.4921325076,,56.98215947749384,0.0017151594894785822,100.78778337580256,1.0032573963550266,0.0883527488724493,0.8819239181752252,1474.1467315584534,4668.1423501098825,,,,
0.09469097934725701,87.16964195322193,93.6809041702138,53.474007846766426,1123873.9181658435,,48.62525107594279,0.001859564462434514,97.83647831079352,0.9983618476811834,0.08305110666327092,0.824587809377643,1646.1290422302175,4993.522201847147,,,,
0.09391917984556125,80.10846608167094,99.94385760490182,47.01336830674684,1079123.6006253178,,49.59435894851089,0.0017945690228443416,94.43196235990347,1.0916999993343792,0.07980809509314189,0.794487118172286,1695.8772348390396,4927.410832345819,,,,
0.10241140020209638,79.15688353185953,108.79409143987782,48.72456970727194,1031034.9699394755,,51.76387089996785,0.0019107116508966298,101.87576197942903,1.0716892691407078,0.08802748757249314,0.7885809166950157,1510.5873046955676,4988.803130780865,,,,
0.09546883083846576,77.22636891934154,98.46258330348185,46.205882997600426,1118774.5840786302,,55.76588109273102,0.0018683912350696483,92.10829291310051,0.9864724903922099,0.09109328913374931,0.8008048990366322,1746.604334292681,5040.839947723856,,,,
0.10173647108916695,89.4043676600382,98.55645926529914,48.6790456891874,929692.7156448531,,57.96650369009484,0.0017168835223126955,103.52537033596394,0.9369375077300387,0.09247040775963955,0.8457024494830884,1489.3832634162293,4812.393307161672,,,,
0.1012891362642519,76.965624850398,102.53872638476433,47.57512089899148,1088548.834403975,,50.24781333188788,0.002053734475094851,95.80745261841781,0.9806605219020941,0.08807791037002877,0.8989363157757831,1507.7698516461971,4940.902787562366,,,,
0.09846147175269393,83.10208653707656,107.30950934724358,48.04062088929085,984946.7775891324,,50.41402734487409,0.001904625170664523,94.79448573747624,1.0180216095201275,0.08621063374212923,0.928076536751361,1480.3924896437622,4711.026016198216,,,,
0.10852189125902689,77.7659752520012,105.83079399530202,51.81497195810939,947485.5888472766,,51.10532832338846,0.0019157141066038414,104.41898679939032,1.008737051767361,0.08307776165160208,0.8462435680730638,1741.5642388924405,4945.292774980687,,,,
0.09167029287900548,81.57685741484086,100.082106069391,48.59405693150512,1113587.1684946674,,52.46331971675748,0.001900365575096315,98.27363919034524,0.9897974177895669,0.08281536075826089,0.8755186355439124,1696.5217831086688,4919.702847252471,,,,
0.09103688247310948,79.77947592139743,91.68106503151175,51.39662892340058,1119372.271428147,,57.639477305336854,0.001870612376575645,96.6676084706181,1.0394133343390146,0.08837721622457732,0.8254140440372243,1537.6502805522855,5016.329102591676,,,,
0.09042451896831158,85.04338485469498,98.15297796933835,53.86263734661263,1112283.6649905152,,52.06323930504006,0.001919171929728899,98.31942031826327,0.9794355869183377,0.08175142882156705,0.8460073738870764,1730.3468670577972,4918.788900978575,,,,
0.09959044546511234,81.75774452061053,91.50919764744796,54.85088797034775,991512.1271160298,,53.343531267254534,0.0018850372050643474,99.11682264732386,0.9055308029588203,0.0820844601778304,0.8786904121334165,1613.653649019824,4847.914413777639,,,,
0.10040069059923325,85.86012571986448,107.5375704344248,45.785531276097,1019727.9874788539,,55.83030798104353,0.0017108548109317234,93.79949669569605,0.9413501891219692,0.09067621141999065,0.796843192833774,1575.2235623585875,4915.0953280194735,,,,
0.10866916168002037,84.437762725272,96.82939726826277,48.68240346261615,971567.7115703225,,53.935640125653656,0.0017542140952543006,105.74779617429526,1.0141677334467107,0.08251510280510634,0.7991376341936091,1754.3940827965928,5117.46220463961,,,,
0.10870278864680337,87.45334853002355,102.50522832221911,50.51487420549403,978271.0204190759,,52.07265460759535,0.0019465874326683862,105.2480054208285,0.9743619533569409,0.07861308843280002,0.8837959910699924,1623.0236760217815,5055.457094089337,,,,
0.09760804794418498,75.10369452600143,99.55321612549906,48.390140298861276,1100795.7604874978,,57.070605487258696,0.0020786882973813214,109.13282160592534,0.9929673058448246,0.0891734953693109,0.9003190698933448,1552.7805049353824,5069.202578203896,,,,
0.10531106162550799,79.31548642007614,100.80658501726299,52.06553923554996,1102947.5498863051,,55.843059880740576,0.0017672339104735286,105.53067754993131,1.0411522768638628,0.09167620163226764,0.8716335508425668,1623.650486998223,5205.095839247568,,,,
0.09090932943094215,91.13758853036602,91.07662369503595,45.45513923721809,956615.9705198432,,53.49242080747271,0.0019051285609377393,96.80938116308306,0.9905723814949531,0.09172284949100361,0.7786515853014888,1550.5032655194598,4671.477828219812,,,,
0.09029785935887652,91.17828817963905,106.34726532430778,52.66499800631939,1032443.6290086271,,50.96857839446156,0.0018380609850339865,95.06385086615003,1.0088495906957993,0.08262625963529246,0.7773938959213764,1454.4475714566802,4763.6027936613855,,,,
0.10347885354582731,79.88850742311222,97.66731774874738,53.48962574288638,1089350.7268334662,,55.10636564566689,0.0017820176255184301,104.87864580533319,0.9025221147394191,0.09083649994826803,0.8342263809462357,1662.745478948103,5135.295786918584,,,,
0.10085690958517742,81.76762414661106,95.50693468435645,50.397853769156896,927711.6654556653,,53.11807603282683,0.0019051032690210186,97.76061013288498,0.9827447136026533,0.09367003562137827,0.8739967807851182,1714.5970844400579,4709.822214952383,,,,
0.10869967409509601,78.30130204317801,92.48371889803562,54.53590501342616,1052580.5577894005,,51.53658796380046,0.0019079331264898575,91.80616098923376,0.9995860951897773,0.09044054606118536,0.7837239746748479,1699.0549326842136,5105.961548970046,,,,
0.09892924699311498,82.32869103280171,99.98242456467501,46.2908537755634,979870.3575143131,,54.839871676269254,0.0018653638007060846,94.69736051392066,0.9901443592714295,0.0848666010146631,0.8615860800449598,1554.6176926268722,4814.108515564909,,,,
0.09543801312364501,78.97553186491855,97.8543955518551,45.27659164924476,926784.947381437,,49.49991521872792,0.0017973967519952,91.79551010314158,0.9658667535690633,0.08986216395812363,0.8161152334955332,1545.118054267239,4556.809856760073,,,,
0.10587584828886346,91.25253087317547,101.18321870577776,53.04811032500874,1038789.1400307631,,57.79932380694445,0.0020227196826336355,96.11113754777595,0.9431447760185655,0.08346786227031397,0.7782361097990312,1454.8683674558845,5171.514209471438,,,,
0.09683524486576295,87.06304851529772,99.8130375674145,50.91459264189913,1072655.0297973184,,52.98961119760729,0.0017991354820783441,109.96792767064699,1.09103814991722,0.08184247611515358,0.8497987732228951,1481.2778961268493,5062.8666784749,,,,
0.09773432333858675,79.81299048111616,100.14078398364954,45.10602875506179,941603.3081066819,,57.57441803732386,0.0020099240512048634,109.23032645029409,0.9603502980164969,0.08749346622579009,0.8441740354490654,1569.5902983709964,4809.125525866468,,,,
0.09751316994383225,89.15070152834626,98.81410949199548,48.68913775575206,1013041.2745918394,,53.534437791609456,0.001963283891000185,93.16005685886346,0.9297747861972089,0.08793314204898037,0.7907922079993881,1641.7227517592748,4868.118058045181,,,,
0.1017561893872723,82.66317959146924,94.8044701068958,48.782872680122594,957818.3170204585,,52.82670302511841,0.0020308957296035473,92.76702594023585,1.046270376305823,0.09085722736792189,0.8444352269196775,1462.7254070216945,4785.349842688673,,,,
0.09731411998143097,87.37957529660288,96.41900699961772,49.64098821157229,1005103.4834577449,,50.42181325835529,0.0017890001464486755,93.69768697568318,1.0633059691674251,0.0919096664044691,0.841348635563886,1530.7917509381696,4783.736347460805,,,,
0.1032212729035055,83.4876926406885,93.49326868395326,47.49702217890358,1027147.0674942724,,57.09270117284834,0.0018169260820074574,98.68377067946088,0.9772551268006086,0.0901668623371706,0.931765956811635,1633.9002939952327,4996.620864006259,,,,
0.09924621469608899,82.9383181723578,109.86754772170121,52.85498174821465,1037767.9576090234,,54.726491603098395,0.0018527523693166249,92.38305085986951,1.0790250814003424,0.08740431807117828,0.8651416448100302,1633.3080628847401,4888.433095797759,,,,
0.1005614695394266,79.58090188913495,108.3125593314062,52.55438376991673,1026650.8372767586,,55.62565806250661,0.001960404111024716,108.84646160113442,0.996699102401453,0.08655252346618275,0.7893520139600063,1583.8732458924571,5025.074631174739,,,,
0.1023416756249304,85.24827181289268,96.29567356666142,54.876062486211396,1032247.37291008,,55.865790400147766,0.002019368442786599,100.2053998335811,1.08804355017832,0.08166196737121681,0.9051459718835483,1654.1977612905252,5049.261859965041,,,,
0.10567890206501725,79.10571527080668,102.60191226297533,48.08551051863686,1098912.1227553776,,49.34843509573273,0.0019157454845508569,94.88376981968972,0.9582613813034243,0.08128813168387061,0.8003983633465851,1580.183184076159,5125.117299243867,,,,
0.09634982429622724,75.35290645980677,109.6194209862256,47.241138982848554,983936.3087346571,,55.56375763454404,0.0020104132142092094,101.56789823472158,0.9220296302838724,0.0929096837012472,0.9198350115694732,1736.3632868740006,4698.052165236272,,,,
0.09165873957777002,76.70303199992922,95.70306163440284,49.23319386980996,947993.3899641715,,56.134584636090295,0.001808718142402708,105.26197484781991,1.0512126756672766,0.08944280088295203,0.8277529391741025,1692.5338212742643,4682.942510159127,,,,
0.10398995049317075,79.99246386147867,99.71200258666441,45.60708665904188,1058089.745258409,,50.37223299240404,0.001757243608261996,100.67417276122261,0.9036494232613032,0.08335264368479538,0.8099649129335862,1531.6975845787922,5047.766061955874,,,,
0.09470382363938187,89.50335304867946,101.38124245818538,48.99470772451463,985061.3948062882,,57.48610766167447,0.0018366561862274214,90.84194420433096,1.0466042777006181,0.07879441379937281,0.8311827536839564,1528.0717188947394,4826.688048445516,,,,
0.09738287896931686,75.81511681603347,92.20641088704733,50.48548684121313,966352.9509216866,,57.575292424574066,0.0017453795754233223,106.72930783789765,0.9804414714789486,0.08915666870538513,0.8138234296276419,1606.3403011059622,4841.22755314241,,,,
0.10892075203204046,75.67217634650471,92.69192087580706,46.84707060587186,1053645.1711734908,,56.522635571434876,0.0017653209600984804,106.52760262620218,1.0571915281719941,0.08087090045650054,0.7713679056591597,1565.133568958789,5343.675552085432,,,,
0.10266363415534419,85.7795926114293,106.69097693744591,48.89404468152695,1022251.0699647855,,53.928906373396075,0.0019651827514454772,91.74806426226236,0.9514029009903494,0.0897545127044222,0.8678834441335869,1590.621389518554,4895.127632843758,,,,
0.09892066660244125,83.31940755757007,102.60307995595394,51.17056477809564,1086091.286479739,,53.859458429570154,0.0019897263377104428,90.50455057772811,1.0269302698689162,0.0895979214567923,0.7864197902908826,1471.4238197322454,5006.828965270114,,,,
0.1070356579719286,87.65820986216038,96.36128411837547,47.03238504383938,959661.9015905391,,51.99705896313237,0.0018075153121042233,98.21904900090455,1.0774617194897083,0.07889659611875044,0.8184208103239806,1546.4024775619623,5019.973100048323,,,,
0.10053421934527568,80.37571199525611,98.99099914723634,50.427613814520136,927361.3633098005,,53.73634963278601,0.002015940506258536,103.82903823900193,1.0770545655964707,0.09470233984717014,0.8631212902455673,1682.4966907131281,4747.214736423581,,,,
0.0906365853946948,84.1654041485295,104.07749304919318,52.11747684256801,945080.9953487683,,48.81276536157402,0.001806457501456014,99.79429425630192,1.0102579481180929,0.09320767794621035,0.780915508185395,1573.8364354525788,4532.193707691115,,,,
0.09450289184637961,81.78227641284776,101.48041630951654,46.66894099473976,966333.6370565499,,50.492123887730294,0.0019408438740309917,91.56795714324826,0.9139673767860798,0.08618211667746069,0.8347637954252871,1604.7846093468672,4625.040592053302,,,,
0.0978924559730554,78.5097135577968,106.25960774101652,52.79308179356619,996063.8462325163,,56.88251233225722,0.0017230966637979523,97.4894986966738,0.9221573050949797,0.0783119618947953,0.8263357475188052,1615.5031528319819,4856.371468993949,,,,
0.10288444592633023,86.5141990571087,90.51388724928351,45.44674231490045,960020.1769222235,,54.46923462857703,0.0018335744027956184,97.92921837536844,0.9321718889907742,0.09060648215326998,0.9024026595262508,1524.683828398142,4847.024978342706,,,,
0.10599048078510978,84.04777764133699,97.85561936207321,45.10440670829578,1019332.942056691,,53.16748590386676,0.0019434228823716738,97.72977152961897,1.0369754832174443,0.08659978179137935,0.8893038835082703,1506.2233170280142,5024.13881759398,,,,
0.09514511108452792,82.78433332235277,95.07300893879386,49.475501719291245,1063793.490403932,,53.08955444057277,0.0019446872260034042,96.61931492942102,1.0785962266261873,0.08669483141643346,0.7940575460882293,1543.6638667227821,4961.67516680435,,,,
0.10929000003763599,86.37728914300271,107.4444327800881,50.62213955625019,987058.7743042753,,48.11544829726687,0.0017781889428072745,97.72535228818899,0.9006184492397067,0.08270416517664697,0.8893449529453974,1464.8597667247311,4921.629736988822,,,,
0.09490912217420852,80.35308228833348,92.35201234367423,47.48477292581336,1033464.4931850053,,54.759376032698256,0.0017569811665281174,93.53416365298399,0.9731338188612101,0.08249359222584977,0.7984377626672545,1586.3674364850515,4893.347156095393,,,,
0.10946913455341732,84.15644777439431,95.84762101190383,49.371015826471336,962717.8967272851,,49.6144560808214,0.0018971900293152566,108.41744303562946,1.0056609261252867,0.08583779973891487,0.8157314762419892,1516.7610662007128,5035.182050440324,,,,
0.10091461239383077,78.64994839339505,92.89975404231473,54.93636649906779,1094199.6402462488,,54.345848238251385,0.00199680825894753,99.9555485897572,0.9643076821545107,0.0944362297341646,0.770548992139654,1589.3006836226693,5107.30303031063,,,,
0.10704917901526212,84.83196253404239,99.3080115802337,49.96611713979488,922925.4161649937,,58.46423655641141,0.0018704929993295836,96.24288216159374,1.0753272139280394,0.08278768472532921,0.887833158937686,1500.1419123808535,4921.508176760012,,,,
0.09558080073088053,82.96874999916847,98.358576180869,49.1839501753719,981675.1151190308,,54.14597999100579,0.0018974400621402795,98.90394884293386,0.9479938031005612,0.08450794530465429,0.8999788040586716,1739.0529280681162,4758.951276732021,,,,
0.09253575776632328,87.51311105803205,93.84556823745521,49.37840286207438,1025654.2859651576,,50.93523797605621,0.002037906456556696,105.34925834640813,1.077080472444696,0.09080554555223008,0.8092652916429731,1581.92282352961,4850.735808170016,,,,
0.09998997685046128,78.85563506820915,102.22189556523126,45.41049257484697,975777.6039868934,,51.65721119755023,0.00200224259152172,100.84233632009297,0.974138660844148,0.08455786787793745,0.8295858237280777,1474.4765535573126,4820.77138426888,,,,
0.10287940129663338,86.40866915598266,98.72867909462244,45.182798803783854,982283.1088901783,,51.919966471573105,0.0017139016301853723,90.34542806002955,0.9865857010468256,0.0854997468510372,0.8546735522399358,1566.8260482029987,4856.287448799051,,,,
0.0920777712941905,83.67917571417848,97.77058217827141,49.193926133262565,1099827.1617164898,,55.5316488709496,0.0018166773632125352,101.38963015274278,1.0316183079339285,0.09007358348918702,0.8623371301397273,1727.710297634348,4967.346400849914,,,,
0.10801942371465434,81.2038072510342,102.41226606432772,51.29368751538509,1095071.0005785755,,54.226928085116015,0.0020046602508747204,94.15514871726593,0.9933518952391117,0.0933848425627949,0.831424350177975,1561.0528136253824,5164.5684549084845,,,,
0.10671159909916822,78.32704912051783,95.27029820606478,47.779723242526515,965304.3297003687,,53.061515739589915,0.0019680476363124907,100.4148371425152,0.9986097438357568,0.09309848096271622,0.9043585487759668,1555.2528413305115,4887.981469343664,,,,
0.10120201920235042,89.93177571353424,90.03951103867493,52.329967741879344,971683.1994873533,,51.338282431143455,0.0018919560372614365,94.72669961768577,0.9172188515680975,0.08014149407332567,0.7669125953813186,1594.6837309441867,4902.48253387404,,,,
0.10104251904466413,91.45251870396764,98.71846022080987,53.35251323101266,1009063.6226714685,,56.40246516516131,0.002034900153353771,92.54420678188741,0.9778037076739003,0.08661184574091152,0.7987763061196363,1684.7134148927337,4975.6104510503665,,,,
0.10705037918075565,81.98630622290126,97.88173181043538,53.632062762512014,1073809.4587688537,,51.113557122364575,0.001992064215735192,104.29860494321979,0.9430062850705132,0.07848959300522494,0.8205145542924747,1546.7189083603287,5188.198717127784,,,,
0.09718075024368027,80.682872141738,109.21988530057187,54.40394487791744,1075732.7230646769,,50.63675362367515,0.0018464941600003022,96.63724616482816,0.9639891006161104,0.08660424747049074,0.8248980291458907,1593.789282143394,4880.0977759492935,,,,
0.09481689585896015,80.17106930545809,106.40389157502656,45.466455357152086,968061.0555171827,,52.10135710081011,0.0019280168733610732,106.65105191396052,0.9740019244488142,0.0889624573322221,0.8083783246108281,1531.87842678805,4728.942360403391,,,,
0.0977431792514109,82.66107358141852,96.95952313004102,45.69064389723015,1008311.2355334943,,49.01056904421362,0.001778208739749079,109.76221790465632,1.0148231897229596,0.08663814299668712,0.8700587644619973,1479.3666731056162,4864.317224023162,,,,
0.10856820754156678,76.23452641298081,94.66061248393954,52.89998835365972,1092098.5696000296,,56.894711333768434,0.001940068155607466,97.89319496781225,1.0339397227763523,0.08790376584226416,0.8458101318030472,1611.2125014764108,5258.615366752508,,,,
0.10057813216221481,88.13320637577031,101.15695549770318,51.877064548590845,974916.7207697525,,52.370487931115655,0.002028957995652052,109.95870951209159,0.9516336669018338,0.0908668498720321,0.831718136453716,1582.4234817821618,4881.089386356816,,,,
0.09390829211936454,76.63650027439796,97.15360169669668,50.03710304400426,956964.0322319962,,56.22224045341964,0.0019861234602143174,109.47247956645244,0.9027989849205798,0.08434517880306103,0.8280346936887415,1692.7169178999934,4759.301626850765,,,,
0.0905697768490682,87.57244228895277,104.6986884310684,45.22326771695993,1040266.5950652226,,49.66243016879153,0.0018897546832481276,101.80778599724196,0.9609926194860753,0.08527258937128206,0.9280407843797137,1669.0257724984533,4723.2072586814775,,,,
0.09575527106840363,89.61269896191575,107.43546822063851,49.84075844216768,1066499.138254309,,48.895644782454525,0.001840828862723586,98.42417975005652,0.9090875225228585,0.0855468004358819,0.8093446352720154,1725.8972310753866,4884.523166109494,,,,
0.0994677643034282,79.85032748377728,104.8990269866101,49.00184202719561,931569.2367091394,,49.6179369266811,0.00187428980502043,100.02401967037599,1.0833384304119291,0.0871024366995046,0.9073305640305073,1670.74155197771,4687.6035358428835,,,,
0.09063193296832876,80.7320824110546,103.06329749806913,53.59360172026195,1045217.8351874629,,54.54704683985717,0.0019253546386760279,100.80952135741235,1.0707332013163153,0.08952032416862515,0.8559107021912027,1750.8571885246831,4796.6297458840545,,,,
0.1028513647845154,82.87993790262064,91.96697399888976,54.29517990143715,1117799.6006549208,,54.567674884910424,0.001736852857566947,98.3726504805047,1.0093740907170665,0.08104821899438867,0.7765325793881065,1700.161156212169,5285.031844046461,,,,
0.09326551422796596,81.23229533093863,101.83905172748781,50.178349568628875,963820.1121012295,,55.61018051577548,0.0017520770555377744,100.68283147555437,1.0822724663997105,0.09228497769185272,0.8451274248288267,1678.3695646703961,4693.446532408815,,,,
0.0993163736052168,77.97935701340984,96.45140096028837,54.918265445970626,1033008.1558435446,,51.8963229158143,0.0018625719394037828,96.86252686235964,0.9037002397952784,0.09301737328917742,0.8842343043254197,1559.518067712578,4801.503532504925,,,,
0.09941476118408737,89.32024111506809,99.68002083981486,52.498968484221734,945103.1173519273,,54.28875258333143,0.0017867276615909603,95.95284398212426,0.9916572833723737,0.0895791777422479,0.8550553427342629,1758.109536660894,4760.070652715386,,,,
0.10591303050095674,82.40188664265358,100.34438133300011,48.54197669843492,1043939.3306242013,,48.2188428726617,0.0019973190841871213,99.65640043569674,0.93177454660299,0.07812274518335131,0.7973360583111374,1552.6824420398577,5065.364936532785,,,,
0.0990872630033846,83.67713465823194,105.10460236306423,49.402390340154376,1004460.2680060918,,57.94603854550735,0.0017443198296740346,106.78809044755037,0.9810859956498961,0.08658465140820061,0.8968162020411252,1655.7000850330373,4930.925354446392,,,,
0.09103109709344359,78.51698205398196,94.9746468875612,50.218006411480275,1114098.970601645,,54.46409608180713,0.0020419870381179323,105.57806731136026,1.0606964147366367,0.07830063169705775,0.8438592503952601,1674.6673012717358,5043.814080613893,,,,
0.10982086293210297,76.81582403796966,100.14943069237452,46.15032546570549,1065774.0979570842,,48.25196986233127,0.001803282898818961,96.5729912524328,0.9176015103547909,0.0846994310667052,0.8449450508716535,1617.2300730228394,5087.772168656845,,,,
0.10874132032631989,89.09337793776514,107.35167691949263,45.89214133970066,1056494.3116008374,,50.17469550134807,0.002005707805485545,93.8589489618918,1.0476164353549333,0.09140145656840064,0.92073591661598,1536.2302993828214,5040.966840137506,,,,
0.1009550529300552,75.24352203268485,104.4625553948153,45.95774165536208,1035676.6552472865,,52.17415371675717,0.0019043618764658502,102.37035030452735,1.0026934337531248,0.08345732310147815,0.9155714689836624,1629.0845455163512,4921.28633817669,,,,
0.09473075322987946,78.69136582729608,102.35719631533595,47.301578917578915,933226.9785822311,,54.047231050295096,0.001884899173248029,106.02162031049427,1.016700406655151,0.08316543688997338,0.8727072051980482,1595.4193394979975,4694.503065346699,,,,
0.0962631514516805,80.73383828490329,96.93502725505803,50.42097492437018,1022524.8700712265,,52.529314198570546,0.0017920036221495542,104.14063201633637,0.9618732012828463,0.0809406869190151,0.8208554597555083,1630.858751763903,4905.947486308995,,,,
0.09499068437074214,90.1621578389157,97.83687831318167,51.32407543075757,940115.1543770257,,50.046953384033834,0.0020711229304623685,107.81397496200246,1.006335830862113,0.07854020778611995,0.8498308956533693,1573.1481500427813,4759.899201380807,,,,
0.09055374855442522,79.82145221596254,91.87160200197697,51.225325107254946,1022962.1642581183,,50.88516352584106,0.0019611231825241247,91.19035734803813,1.009979718890127,0.08480776371273169,0.7867935409976597,1650.845912906315,4727.006510123439,,,,
0.10610459786806925,84.12774211918997,109.38683789515152,48.29505418023853,956171.480565976,,54.122856478703284,0.0017287184555674806,104.88770183025483,1.0304603720898076,0.08421871668915966,0.8546196424370831,1748.7702689764787,4965.4927246646475,,,,
0.1020649519633488,78.49127890130531,90.27746010210858,46.736256899779264,1097136.7856422544,,51.55482241148591,0.0019229995252984511,95.95173670495295,0.9141330058240466,0.08922630171679892,0.8399491359794347,1465.0275284994957,5045.136282351782,,,,
0.09368536039641501,83.14406986818402,94.46604901278285,47.37831941027797,1106775.5172201167,,48.6533732970024,0.001996474657284129,94.98016289295951,0.9803345914090273,0.09434972401408381,0.8836860092888515,1551.7332993425014,4832.324360715608,,,,
0.10235563141175825,84.83984176406295,93.51016655899355,49.26422119942216,977650.7776881522,,54.53492196562294,0.0018348300305149371,103.03747748913628,1.0539866353001817,0.08510063194393212,0.890474365199653,1647.9154366651996,4948.52121512557,,,,
0.09568777510141502,83.07353383600595,107.79176705365391,51.55274725143249,953951.9810769754,,50.69663599053373,0.002002132504875869,98.94069423421405,0.96861505611864,0.0842843786436082,0.8816535542885229,1583.8685571181798,4647.671637531901,,,,
0.10590244952790727,88.15177277084926,101.93279900646526,48.82754251067103,1059666.9372261465,,48.225676643368715,0.0018100376523049993,103.222923371653,0.9357080709508985,0.07808514911765597,0.8365208259666775,1508.4587423365447,5097.998362551817,,,,
0.10202855412281969,78.30347967285383,100.35745723131085,50.3194230994574,1098755.871081962,,57.7713543571514,0.0018161923984957354,93.29017625363895,0.9518841683644035,0.09260739615234065,0.9089360401792351,1724.9614971669864,5047.643427700152,,,,
0.10772762749270677,90.31491347451319,101.54101212765494,50.11409773789322,1008998.4239537766,,53.94116026283929,0.0020159906648012,99.4394263948431,0.9809245433685327,0.0870639295476694,0.7706619324761536,1724.6133305465462,5131.283602207668,,,,
0.10523719320916576,84.79723061723692,105.51612435111008,52.3003078285238,938200.2101783163,,51.05056807778764,0.0020343625088200972,105.65773639412433,1.0470872016490518,0.09016453185050073,0.87406968019056,1634.7897360361596,4850.655880863522,,,,
0.10467441968763413,84.7236830157846,93.4519989532,46.97268778681178,956025.9800915867,,49.56142701516714,0.0017832507893687705,102.27996127460904,1.0869805190910666,0.0836180935131499,0.7882985264164085,1752.4375246677616,4971.781213511167,,,,
0.09706539618867432,87.22715611191491,98.39852085723851,45.56162688812429,982369.1127613186,,49.46959220895098,0.0020531367449182834,100.46232614919558,1.0455850594818106,0.08498270939667701,0.8337221690454012,1571.8946560368645,4812.860119253928,,,,
0.10466133078526466,77.85321352496773,104.24408383460812,50.14615901977733,1056582.0821499764,,51.53770960513318,0.001985835436769912,97.40928188784669,1.0180460469650123,0.0818812831537029,0.8869602212146518,1449.1062399958428,5002.818758184738,,,,
0.10561474963207372,86.4075890587757,102.48193415251122,48.51334126389787,987685.8551651996,,53.044431482611856,0.0017287475188635319,94.12331559454378,0.9859278522395309,0.07935836286825838,0.8655693504963587,1634.0784943706622,4965.112272321468,,,,
0.09311637204318635,81.24667756037955,92.32763843432576,45.39092285470488,1046112.9489213418,,48.789427745353954,0.00205827418228312,108.5548298971873,0.9666541011164443,0.07839013354811396,0.8931390517367147,1646.5831385629842,4868.45320713848,,,,
0.09458941435409994,82.23846394063301,104.62215600632344,49.217302956259864,987370.4296238862,,53.77603619313744,0.0019872107690836636,101.21227621173571,0.93115823220053,0.09421990372061216,0.8791810175557067,1563.9176268590766,4682.889872392915,,,,
0.0976504760921117,82.18442554577496,107.51971457350228,46.09049700995864,1045109.6334354223,,49.69239197949311,0.0019974184533188685,101.8157216835749,1.0829042327316099,0.09410730307684585,0.8725603437863282,1695.7264305256042,4857.271111013529,,,,
0.09433249967737585,79.74320799095729,90.15002074745205,54.48728919669617,995410.09412237,,54.109808608350555,0.0018923174046097248,106.92618933027364,0.9525245829121396,0.081824111176055,0.8656994173380446,1678.8293971266612,4829.933762939803,,,,
0.09817324050220833,79.20261351665475,105.72735985503586,49.129194054564316,989837.6944344942,,57.52853099370947,0.0019867074901898938,105.02147013797598,1.0145187914322225,0.089022049207893,0.8648373048750625,1709.917698114007,4871.2495801791965,,,,
0.10716227947135709,81.80875426121489,104.76719577193793,53.14915333892899,1015399.0242039758,,54.935572992024824,0.0018154801754098491,93.54956986138174,1.0461879912450411,0.08583335857170421,0.8377662426423319,1566.5631639348696,5025.70625037229,,,,
0.09150877602539974,77.99636883890012,101.21568484086936,48.256747944690275,1057582.1699859474,,55.437241334942186,0.001934511954154409,94.68871354842963,1.024013806320264,0.08016268631644323,0.8606607367667221,1533.5372360593776,4836.534241738648,,,,
0.10754289449603936,78.97423487447084,94.38007985606629,47.58508314519385,987018.9590107212,,50.9567895829173,0.002015772698454965,96.27857375530613,1.0919006779483635,0.08619400198319177,0.8422339007217675,1633.2037718708036,4994.311284039989,,,,
0.09833328467383307,85.13379341543151,107.67467500698555,47.99986116006237,984300.8433895877,,55.25437554814613,0.001807082116484705,94.70045642646193,0.9427715210707828,0.0886660291495017,0.7833138188211456,1458.2325939770683,4799.995078180744,,,,
0.09983102767041324,77.22926101012509,109.87417935698669,45.70029502593189,1116148.5144755752,,53.60621690026897,0.001950949773657693,94.95239657493069,0.9497758110034056,0.07995386639860844,0.8110978671467173,1622.9640418961415,5095.091063395874,,,,
0.09911761443432887,85.66546349584712,94.31832561211077,54.61449961513522,1098773.568230054,,50.938913578139,0.001970922862237185,107.8637940267025,0.9055601805157123,0.09099305082248196,0.8156941961412462,1649.9342451016478,5071.635103505028,,,,
0.10894622429296455,91.04684559652208,95.95962585480684,45.6819707059021,1113171.550767183,,54.29766345091325,0.0018308150956876095,90.41656276363163,0.9271068229206894,0.08119617082758278,0.8699775035208689,1731.4250379705038,5286.098301609806,,,,
0.10820417517007051,76.85586449289822,103.90264356486551,49.399740571453,1028202.8574315435,,55.83198631122599,0.0019125083682063914,103.29842395987629,1.0826367979472649,0.0780300855457256,0.8011519523104292,1652.9779535945954,5220.4706093561845,,,,
0.10687096553638263,83.26610128423276,104.74136726270086,52.41766242397993,922662.5638692065,,54.47573459504924,0.002079802894135737,96.80728217777194,1.0414500066458126,0.0917970828890844,0.8070837797881074,1652.2847458335632,4841.124436651009,,,,
0.10127526794910235,74.97176371617275,105.01851028219913,46.04750210055033,1043793.5550448176,,52.892345465155216,0.00184701060099377,92.2714497114251,1.075307215021514,0.09050200038817753,0.8404765683947838,1562.5876917628134,4909.994875168808,,,,
0.10190429783777469,79.95509595717444,109.60073702203394,48.33530754041205,928173.9156698975,,56.42681905196417,0.0018222979570702543,100.58617931964855,1.0522235417473091,0.08112792911979712,0.8392415108639419,1518.308044644711,4822.150011528468,,,,
0.10167316725892794,78.59378189597858,94.50633190107256,54.235427217877174,943577.3041442846,,53.7540786379566,0.0019465290978505445,100.01661938576495,0.9602793953278747,0.0919291303512141,0.8962575744503537,1706.6728906459127,4752.906607905903,,,,
0.09905777773818054,89.06299972438846,104.82300118010363,51.23665440417473,1084400.713705249,,58.51306782998681,0.0018446532481964859,107.41080466852233,0.9620343469032759,0.07847873198905801,0.9022482951288692,1634.8397937536702,5144.479621777192,,,,
0.09007016126418117,90.76016337141607,96.4855346582357,45.49083711376509,1024105.3269843505,,56.610131999759176,0.0019323150861667508,98.62416427329983,0.9682830224734194,0.08819245972266788,0.8771741860684805,1585.2948266466062,4789.5437746793805,,,,
0.10056628966121944,79.70901795831053,104.70335680643836,46.633839351890984,1125202.0226720767,,57.68324109978936,0.0018888146228282915,101.41604723902825,1.065980963864713,0.08675856448389276,0.8925414486160254,1696.2023682473005,5187.685325772463,,,,
0.09494065290375053,77.60014835703517,94.18602159023041,52.0958648517593,1032719.1181185016,,54.11459830178155,0.002048871637184724,91.60718688816634,0.9979685476249661,0.08787387798580573,0.792130665907141,1498.8629357238399,4826.6998609724305,,,,
0.09194284357849072,79.51417372812577,92.9669393753232,50.85242337501605,1033703.8344307189,,51.664039699135614,0.0019197001077646363,100.62945325486534,0.9476973151801281,0.09429486991988573,0.8476737729482164,1705.603904009851,4741.685442689239,,,,
0.10147908788552458,82.00680066608517,107.41067789565196,52.5399872160276,928657.9590951578,,53.03444958353307,0.002063131371749256,91.07399112934233,1.0407499535174578,0.0913162502111063,0.7959274761387224,1604.8690163255058,4693.482748733843,,,,
0.10426299727781135,78.57257188911002,103.53553926872054,51.173945252025774,1105767.1480340196,,51.63040220437626,0.0018739564669729176,93.01296399817701,0.9974916126278748,0.09162389562986453,0.7832836662827853,1677.216281043176,5109.966588513229,,,,
0.09858294552915392,76.9530422445681,101.48264595955285,45.5267696374245,1043981.6620724489,,51.639601882909496,0.0017476694780540307,106.75929437835883,0.9794837176126798,0.09113559621965395,0.8666635869455358,1621.392049916162,4909.075152063224,,,,
0.10135475656916731,81.43200495097798,94.106031233084,51.147555106696686,1122342.3342368046,,48.892354750899344,0.0020056341769855946,98.82965410098073,1.0145681494298662,0.08231516090396994,0.8425094344287378,1650.6031536988469,5108.27572503023,,,,
0.09822182916276712,75.3467339071653,101.13678501406007,53.50434038256729,1061769.040529192,,48.314920931129656,0.00204370488998916,102.43263862292957,1.0311705331800038,0.08598036854850272,0.7961477673822772,1491.0019325683138,4913.410779026722,,,,
0.1027716722459497,81.112427100584,109.62653503134337,47.79561794689884,1012908.5227020034,,54.42868927696613,0.0018145949548804797,108.09787352053159,0.9891980766637469,0.07899227990238353,0.9320211209544167,1517.272027840524,4977.360237856209,,,,
0.09363807396528179,82.94275662312904,98.6828971995805,48.455235866479725,1070317.9720149385,,53.969815255030575,0.0019978963197951572,102.66253035561796,1.0189700845422454,0.07870606442164946,0.8592624787050636,1554.687620696242,4962.173445453907,,,,
0.09651065542850276,85.6080611940071,105.13153971040745,46.88205370992191,1066746.7971808908,,53.50307597619602,0.00176415794539546,102.88814810271572,0.9643551438062492,0.09426619577399589,0.8692142406042931,1448.6491099185785,4898.26850132635,,,,
0.10934061687676698,85.77291863826179,102.76480070164418,53.676671011848576,949017.5929960599,,50.56122852367207,0.0020648209696858726,108.09437622259759,0.9409371370752051,0.091342090515667,0.8542373516966943,1532.0935340298217,4934.618441235359,,,,
0.1035432982636984,80.68830349345812,105.72249527247399,50.90887685279313,1015732.8959791488,,56.58144538597027,0.0019119270259685944,92.3871270463066,0.936670873520696,0.0886050115225057,0.931945157649043,1675.4113925755935,4888.425901318887,,,,
0.09436595033398112,82.25048021584605,101.1294898687058,49.28707579857157,1123195.6803974295,,54.10848980151452,0.0019236436981074083,91.21219414663386,1.0404976816004747,0.09441911743147471,0.8699847715567645,1667.161216699838,4936.4063801014345,,,,
0.09702669338685316,88.50875940265738,99.01877374022274,52.73276347689656,1035795.361392213,,49.11615484545248,0.001765693793952129,99.07109828434977,0.9620804675942772,0.09198914510693942,0.9098724920456773,1667.9474782531304,4794.225565535396,,,,
0.10594102840351294,84.0985036781057,106.20364902143902,46.216763724776904,962905.1337808863,,48.987742222530215,0.0018938364509154073,97.06826531004795,1.0649174466301687,0.09450936099532126,0.7814582670628144,1440.6200970435468,4849.5182496696325,,,,
0.10780830890397267,75.4105941137522,107.84278932488425,51.426696503202486,1068175.5282383503,,49.983979956530874,0.001848758848879707,104.49520728210713,1.0110796733050387,0.07941659413130675,0.9242938039970083,1753.1817626881025,5090.563805390345,,,,
0.1016735099805273,85.18152205022595,100.52804373010949,53.38084105299079,927873.3307365276,,48.022837721105105,0.0018127003393700288,93.05629322569405,0.9219350923433063,0.08575826436434181,0.8348720508111337,1692.3366330544989,4684.747595868314,,,,
0.10235992411343586,89.25256990095085,108.37827857853082,50.16862768826735,1040260.2336922492,,48.33818585007845,0.0017277239472592767,108.91253303978021,1.0465162920114794,0.08263400480896861,0.7888550262650029,1574.0173881315536,5055.619758818077,,,,
0.09955660396010235,79.58169030734366,98.1204270974214,51.872930514510585,928537.0129997206,,54.62376206659046,0.0020442623607792704,101.7679301399668,0.921374810049971,0.0842001606083898,0.8513068442036501,1741.1285378017692,4754.6476199228355,,,,
0.1016703740615556,80.3394812033823,108.78608433457376,45.54988096464019,984626.0253280253,,57.049977651757786,0.00174921284716661,95.92275138988656,0.9014693812026436,0.08742768227118823,0.8342078519016535,1539.1840344595516,4852.005991113148,,,,
0.1042995939469795,86.42794471270359,109.98745114163685,49.09402846831814,1002218.4974780154,,50.40905579893047,0.0020028940488599762,101.34128615638001,0.9258794189634408,0.0842561414711851,0.7838325271897838,1448.1581488641646,4951.682957713582,,,,
0.09362060563335575,79.48802431645329,99.70843348230106,46.192068617715535,1000168.6906376481,,52.453927169604086,0.0017539808829410775,98.98344568876979,1.0402641782091653,0.09187232006659936,0.8861714313323218,1508.607702480341,4699.803473804108,,,,
0.10846931825467095,80.2660588125192,97.4563699724875,51.92364677903443,1031634.6435267078,,55.67280295079791,0.0019752333940231304,93.64130067865865,1.0131576995508227,0.08797952873756772,0.8755770954331707,1536.0522056792963,5069.496635937359,,,,
0.09250830389410186,84.81233837346878,101.7123220913974,45.64438038941141,988209.2897621099,,51.51594758137219,0.0018282587351976282,90.57213407183076,1.042311151311409,0.08446065237646778,0.9199615613903265,1543.7660549418324,4637.8413337690345,,,,
0.0960741454292337,81.64859932284021,99.48901131375388,54.00953759960988,1021492.4731672013,,58.057293732726414,0.0017879556841069511,106.94177691039468,1.0989470709089775,0.08128106638279237,0.8294875403486428,1685.2826033193448,5007.587384484432,,,,
0.09266074522161681,75.64854993648149,98.01818468754891,49.99964294404168,1065596.2433140492,,49.28155125801754,0.0017426645131060573,96.60181548982722,1.0061527265723904,0.08470310926216788,0.7997492064494442,1516.943698423151,4806.771388167223,,,,
0.10182249288511212,88.79623175205639,91.13085574484026,54.085633613092156,1085088.0011665444,,56.819177727479634,0.0017973599490110639,101.24577478329996,1.0897761696785604,0.08647584441740988,0.7928093699311971,1525.5190676761472,5241.216487059551,,,,
0.10059622753998095,85.08480458170804,100.70497696898519,53.32542707027095,1109382.887242278,,56.37160492774926,0.0020032444989031236,90.65279123952796,1.0608294520889796,0.09138769952637427,0.7786881045548557,1552.438123539287,5151.615455738629,,,,
0.10078053098038771,90.22162752130875,107.63866831734799,51.7808758488903,1095311.1640064982,,54.82057218984169,0.0017973104623002702,91.69614626081291,0.9262916726525178,0.08470201214235418,0.8251050569860653,1627.1292320178202,5067.739412565483,,,,
0.10636076022757684,77.04941993582993,108.25187799411933,51.77087610614636,1121792.7085992345,,54.98717951825898,0.0017998999483218655,93.71010578433427,0.964747863226996,0.08970588923635171,0.9347223777667214,1565.9246190343529,5093.000788063383,,,,
0.09515395330836372,78.92481723312257,98.8859281549192,51.265872109470976,967496.0440228678,,48.25354302488512,0.0019382606966671361,103.17233518678069,0.9380187269341734,0.0787706050580744,0.8895510237738571,1491.001101337833,4678.718491136097,,,,
0.09177131422580538,81.97560929446976,105.59153100258855,49.349344413526346,1083459.1660701695,,51.82594654046517,0.0018469079025861734,107.72759435952469,1.005527892119699,0.091637006946903,0.7785962618211735,1754.9277958480875,4936.356043888771,,,,
0.09956101007186861,77.81790587100521,94.77624054404836,45.99819078864061,955300.6767680527,,55.5231621450206,0.0019067025096357977,90.54799524451367,1.0166064891921733,0.08516340881493421,0.9132513266299063,1518.9408384455032,4739.785808917808,,,,
0.10089117473278322,84.28883055821382,100.06016930761272,50.84006323751932,991659.1180088357,,49.69061969926513,0.0017159613020893802,100.2663042598176,0.9418795170197678,0.08283964458470365,0.7935929807945653,1448.309644746768,4866.643459290746,,,,
0.09091290922162878,82.06154004970267,100.66698721276866,54.96863785680509,1121232.5056033235,,51.934647297124776,0.0017833341548461612,106.355647287829,0.942233670886485,0.08421558778775687,0.8763251023094979,1650.4864420242002,4919.076560790202,,,,
0.10555147984025047,80.38214255100885,97.21562311441912,54.862574376928606,1064501.1438366352,,53.64432311196422,0.0018268602433499726,100.34576486936231,0.9950675781877559,0.09032985788084559,0.9214094700637173,1462.4666972726416,5032.004115062688,,,,
0.10970022799701436,77.66890137415625,97.2148924293377,49.71728687743171,944678.9591637165,,52.84935880367,0.0017763670302133785,93.27286439381498,0.9970850878690843,0.08859324044133142,0.8481909440661116,1494.969416014615,4885.66647376754,,,,
0.10754859999640681,85.45574279375236,105.05893316021802,50.56251677582443,945003.88687612,,55.73390423586907,0.0018919816561325802,97.54799296928977,0.9855792614644169,0.08097369006450074,0.9338042402852389,1496.011469883624,4910.128356457385,,,,
0.10709047499281127,75.64429247127102,103.0046168305793,46.614715661122844,990723.3856858396,,54.091585347685374,0.001748218723420972,96.28360560736262,0.9280597340960854,0.08393026946073508,0.7981394580063204,1556.233866341714,4981.020394320725,,,,
0.09035339164297572,88.69739595560526,93.44946583506129,47.560319006926974,1096063.151599342,,49.148093491220486,0.0020062629548149107,97.5826977476486,1.025726831594135,0.07768915157133256,0.8146230067528839,1521.7641682535193,4918.498906664538,,,,
0.10265973514760861,89.69724236866878,94.42407737868336,48.18413051039172,1035709.7535017872,,52.32156799030332,0.0018462373011206362,99.58987214939184,1.039616406291979,0.08659847713510321,0.8451512483744763,1732.627306126325,5056.690710764979,,,,
0.10112288592599178,88.08537244269233,104.8012549801482,52.47635733579561,1037031.9702962833,,54.51043110389619,0.0017576290294512673,103.37017307480163,1.0294091169457957,0.07896101262644442,0.9214530248781626,1648.924909452828,5012.250426017362,,,,
0.10689960396759741,84.39605236695212,93.38698443460683,49.19975187144638,1072671.7652567704,,49.565938082144015,0.0019185936476470483,97.44387020312966,1.0187723923068823,0.08323963620533403,0.7709557738118553,1724.3449940593835,5201.520852698853,,,,
0.10032095930089735,91.39622971304584,105.15748723370118,46.573762698707085,926233.3430665579,,50.78486568118045,0.0020250665262797713,99.32298122819893,1.0506682534885559,0.07915679031647244,0.8554322608672662,1758.6979961794646,4810.656158389659,,,,
0.09585106773857147,76.72864111218672,95.40526921297618,49.32053891633338,1038214.5290125249,,58.60205753249921,0.0019037187302315122,92.37511897594418,1.0097487705266204,0.08161517216686309,0.8263743224471081,1484.2545267883877,4928.727834061086,,,,
0.10500890819527242,90.55140485319461,108.81540985161331,52.68910341845018,1082394.3223495954,,51.965462301262676,0.001802150091920458,104.57004962695197,0.9444069069484597,0.09019810309656126,0.8987365057245288,1572.4622492261478,5080.052680972886,,,,
0.098041516090141,84.26123261833115,96.08495717509616,50.83900061404295,973062.5436356984,,53.42070566157752,0.001775023646918865,108.18619484612265,1.0160411940242637,0.08537172169672093,0.8993836469850922,1663.8825595997923,4848.4922181065285,,,,
0.0910857002096757,84.78603970026514,95.95181785946308,52.6145343977885,1043104.3425275334,,57.78465959733978,0.0018815865742186969,102.55946969260339,1.0561478229735193,0.0881572046929824,0.8657747251945749,1605.611647616781,4875.361351988555,,,,
0.10244461049059801,75.45969921162909,104.77285808965955,52.819295066679906,1059481.3273529515,,54.338978971595395,0.0017441346452077477,90.90977414981553,1.0286597681927332,0.08710708280280678,0.9316752711784176,1528.4395467557003,4902.6649302952965,,,,
0.0955413645780349,79.01934563051203,99.55175718634311,49.00335388609934,1045566.2587695982,,50.49601982196144,0.0020641362257819706,100.42510353837342,0.9331172265608901,0.0912940186857328,0.8577222597122021,1596.8628663072807,4803.157227993969,,,,
0.10750788328370675,87.16185697784904,90.60877864446388,51.588886918443286,1060604.8447839657,,51.083974457737064,0.0018593633399241912,108.31592111235912,1.0748744875660847,0.08202475549789315,0.7782035330774584,1681.2116893884195,5297.8474557182235,,,,
0.09019460938677976,85.90448614180879,104.79223329095953,48.474221473830085,1030881.1013012376,,51.887591351952985,0.001747791915304817,104.43887704704863,1.0935191191600278,0.08994932085268105,0.8437486865493339,1604.576883582257,4772.697384382374,,,,
0.09544348685754572,76.02511755650613,99.18140207599717,47.607930814503476,1046386.0174936275,,56.91771511693829,0.0017366119258045878,103.78714084440017,1.0357302946710414,0.08667749482835208,0.921938065770883,1671.8367815371873,4904.337605170228,,,,
0.09835801652561206,84.34483071137063,93.17526394087432,48.0790807628091,1027390.3893375471,,49.98273409196953,0.0019393640239008126,97.6455032437827,1.0244804670444707,0.09255739306294626,0.8075082173854726,1667.0275659440142,4886.042738470151,,,,
0.09791145409432694,81.97328521361048,100.35368425537195,53.397864193524335,1045153.2037201211,,56.9889136204917,0.0018325755300057532,90.65416821315252,1.0144064649280033,0.08370862891167205,0.8512024236820849,1513.2194089139214,4919.386601123091,,,,
0.0975534752518796,80.20013061341515,101.61372609626565,51.135539860094234,962486.9935965037,,53.90166410655971,0.0019471992458983218,95.87808496690286,1.0115227361714405,0.0803504852751767,0.8905351898482158,1679.3601835204347,4752.470823296752,,,,
0.09870762549015363,90.56284441136029,101.32059661039938,51.136725538413174,1125342.1043130008,,54.80340882053912,0.0018598450438536715,98.42927483524107,1.0906132678210625,0.08538945615398015,0.906331390670186,1531.6162619764007,5113.017248859296,,,,
0.09887374248324848,76.97211304349132,90.45304945679433,51.81643073478386,1032597.2539504089,,49.759345006534126,0.001778334294330683,91.6892932112791,1.0274753126386167,0.08294383232360693,0.8000774329175165,1596.3804318172274,4881.331135355834,,,,
0.0971900527276558,88.48092415151203,99.36358452329209,54.60510569028154,926235.2506906895,,52.52938750274633,0.0019046776560606659,104.32698152026951,0.9905343901861283,0.08504991381001274,0.7815259659441258,1549.5738404557435,4745.39092943993,,,,
0.09557672975802123,75.36799029422843,105.43087221949013,49.37834292818082,1068440.5406966382,,57.567593095018324,0.001845906314458884,95.54399641642924,0.9141570416478828,0.09091294572090912,0.8002012139491557,1482.2194793358224,4904.591147723186,,,,
0.10555921383101873,81.58001833443845,106.84660969715843,49.75146857504505,1071908.762960563,,52.9682984034032,0.0020031597429236237,101.00513149481529,0.9946513021123248,0.09028036760264621,0.857565274112144,1623.6378769693415,5088.848757763541,,,,
0.10611621705158994,83.24795100169294,107.23537412204523,53.49943272846104,984270.5461210952,,52.890736851158046,0.0017649194805785364,101.75373231830382,1.0754927869548538,0.08385725540983435,0.788006426547649,1552.75053410483,5009.267486084913,,,,
0.09924732391991352,82.26858960365014,101.80679621315186,49.41767339482581,945684.2854829462,,50.92941933032351,0.0017516313032521337,99.73326902037144,0.9707844903014256,0.09095866748836873,0.8734397361533108,1677.7045535865595,4700.594431107156,,,,
0.09995859523299701,79.48984418856544,103.10191080396712,52.56134607533205,923149.878650515,,55.266083795743704,0.0018593963728374845,108.78270539176518,1.035720215479811,0.0796057727678729,0.9065333711509879,1546.4634337988978,4797.122142086155,,,,
0.1028347768854126,76.92672798108453,101.92421509171467,50.259170955450074,1011244.3593957952,,55.74244529956721,0.0018734464745071221,109.43168319115992,1.0713178455999564,0.08600936966868386,0.837046090184687,1596.4806264460672,5045.197505387531,,,,
0.10849425459176323,77.77564143649131,97.03870346715568,53.458421384745826,1045945.0871168894,,55.592933815640464,0.001884859982370921,97.20266517932893,1.0524459528834862,0.08404973073543402,0.9030601436360755,1487.6675365284868,5110.999202689033,,,,
0.09823418436727717,84.08294888906676,100.60684651843485,47.406244284485936,1028667.4450235246,,53.10616343871468,0.0019409079587946773,104.95565229066439,0.997651207199839,0.0823652618217273,0.8917743923058244,1552.0223876489504,4934.043478066724,,,,
0.09601539464326836,90.89346575826067,90.73538444829516,51.9701125626996,998653.2588792194,,54.45962265262608,0.0018782374933009483,94.52389950747629,1.0255282706107722,0.08226215974256619,0.78719756292567,1615.4590193775475,4903.014049895116,,,,
0.10870380859814247,88.43777062382571,91.1423750289329,53.22175779662685,1023441.9194078648,,54.02719616127235,0.0020622665048414066,100.94464766356823,0.9013029278348902,0.08142525682093059,0.8290495151993371,1581.6155391447712,5163.198074137712,,,,
0.10703722141435093,79.3718129035947,92.97930349028253,51.57406818668083,977562.4589773784,,53.762914023238714,0.0018110097692520253,105.97902745980117,0.9994665130447029,0.08557763394363048,0.916247156151181,1494.891138967149,4982.868805358998,,,,
0.10973462419255371,85.09882499924211,93.73192769332016,45.49824457014026,1006629.4424601453,,50.263621277364166,0.0017867958732937213,107.36857138544558,0.948568900055204,0.08916937703298287,0.8335289127340054,1576.2908851286966,5108.258443864403,,,,
0.10494046629774854,87.28082983388659,97.33895149109007,47.50308627732015,1018607.7561137257,,48.16331446182108,0.0018605204998279517,105.12871166380104,0.9716351407121231,0.07843417468890126,0.8804918952782798,1515.7614939215523,5016.990896807703,,,,
0.09378561013085097,87.0249809680284,96.6605596928672,46.560754425480944,947723.4075332991,,53.51641716296586,0.001787140534769818,108.3271526085962,1.0260204875902728,0.07994201489220364,0.8405461183602445,1754.6846793202326,4804.832166198607,,,,
0.10651093938339125,85.51177138173986,109.70230702990453,47.183256596026084,964996.1354754205,,55.752887639590995,0.0019958894744077508,93.97797837079224,0.972220718267667,0.0920931888475308,0.9186860102543951,1548.2222785171448,4853.257371369538,,,,
0.0971574352006564,91.25787722693009,97.4866049405549,54.46828358833123,1011464.9151144888,,53.3741350339036,0.0017626499558102361,99.33197146326343,0.9093604438234302,0.0798207617133413,0.8884959268045346,1741.1851718847706,4873.491468745332,,,,
0.0971442700907761,89.91822471022586,94.80624926211111,46.851132415194755,1010353.5293353943,,56.708653159086836,0.0019336799971407155,105.44928569799923,1.0621343782237567,0.09108640412397072,0.8371506282345581,1558.0656161323056,4966.330501503834,,,,
0.09396930346822548,83.09888125435579,96.50723008701861,48.53175115210118,1111804.1059756146,,53.41740093582775,0.0018243794825003132,102.44545526390418,0.9860786766832788,0.08631183663042846,0.906220510051721,1693.4831999733055,4976.899269272229,,,,
0.09753485931266546,90.6448659651989,91.89328408593343,48.76302941704999,1119893.047610301,,57.170928402199415,0.0017910368623951596,98.33268388304381,1.0784123473027358,0.0891507345004848,0.9182570002203829,1590.399014675395,5124.101859443198,,,,
0.09229992936197408,90.79920780535251,98.55596174094441,46.84600240430669,1052094.0650232343,,54.242785787058416,0.0019443779200553812,105.8603951751384,0.9445222900709193,0.08156876011823222,0.8451844561919937,1602.1866647839236,4939.817436346622,,,,
0.09703489448574709,81.28042070073609,91.30020944293489,51.69420522546846,971801.1289941235,,56.20862460903686,0.0018609062431145852,94.91008000128183,0.9475088637292458,0.09252335297593825,0.8158427201806403,1612.7529093766575,4754.19068544899,,,,
0.09116785372671259,83.19335626866685,90.40980399448453,50.38827045736546,1034870.6327156228,,52.64201683201222,0.0017339425036558241,105.00509171391876,0.9926078640921996,0.08235885480057863,0.7924087291772532,1690.5313255724723,4889.133700763096,,,,
0.10482967090233153,83.2938869176603,93.27229807125363,53.783344337959385,1067713.3145490717,,56.47964822954609,0.001985217538295179,92.57429529740756,0.9821784087236612,0.0931057736715009,0.8865460827346209,1592.3848349190257,5058.545358031195,,,,
0.09529869553585785,82.15751342871214,99.22661144255653,54.839594330209295,998711.6345479188,,52.95618924094143,0.002055029456804098,100.91887480355814,0.9022691479662871,0.08877831941526795,0.8514622361235433,1495.0623433541723,4738.002102285117,,,,
0.09539403014714987,83.52311711606355,100.2173330523377,46.31913013925724,1106945.665064709,,57.08340627654609,0.001907457414090357,103.83909833481428,1.0746068934103776,0.0922896061151162,0.8426549572770168,1551.4492716058844,5088.73819528967,,,,
0.09734865678659022,80.72872742367875,103.15635325043561,46.23225958100422,974402.262393103,,53.33655853504561,0.001992704211741327,106.9669806609925,1.0255474785266039,0.08477499716547732,0.8387280760230175,1500.4731267389723,4833.164698916401,,,,
0.09374426465368024,75.18051541587778,91.60916876680896,45.39961783966374,1125914.764353378,,50.272553177347824,0.0018933199393198975,104.32213029964481,1.0022292091096874,0.08173342101334498,0.8881345935954522,1663.9099107271277,4986.262892923833,,,,
0.09851470281500962,79.4641487748315,100.7209203715816,48.31358177308157,1064604.5161319952,,50.880977026786084,0.0020531248826497948,102.52053056682473,0.9783410715300973,0.08425969344551323,0.9144810563707171,1532.175095702565,4915.1676501713155,,,,
0.09092960887308443,81.57317256749675,102.86488309628548,49.89895831211967,942497.9231394335,,51.82554778129146,0.00206077278072716,92.06541186228756,0.9673949029131693,0.09040340094399295,0.7766799708865332,1657.0662544998597,4531.286101296082,,,,
0.09843060920796622,83.35035166176338,102.44164693465139,54.48250736047724,1056130.5067047167,,53.71176691831277,0.0020354931360199034,102.75040870629239,0.9780668659622199,0.08996287401888306,0.9248090329337142,1668.6453438492201,4909.99104132873,,,,
0.10651910028774297,86.08627618969803,109.10640550909314,49.533116126368625,1054948.0565685362,,57.77689227924809,0.0017240587259599028,101.73927840840835,0.9680961992751714,0.09100534339047049,0.8501306012118227,1525.3687488488251,5133.703790420804,,,,
0.09916051309329328,82.4938665046777,100.61998459250725,48.44331414839875,1113851.7468250673,,50.093630923654594,0.00196522077202255,90.7001770018357,1.016948006151335,0.09479333027521626,0.8746533369670236,1686.0226093908975,4944.684212036931,,,,
0.10726137722493596,76.83150303444508,97.64732263290267,48.2899411622193,954809.8891649551,,50.88105520433769,0.0018401892247565466,102.88243014449672,1.0680084592360126,0.08773111715455333,0.8336281155750304,1617.4620458265758,4934.2233477036225,,,,
0.10090962742148944,86.39455244774678,95.80301007671625,51.57520424427299,959681.2935107576,,57.14152766329868,0.001946553696034417,95.67520085206714,1.0950385195813679,0.08030881079030795,0.8544171870556738,1616.2719726408836,4916.483216218807,,,,
0.10669195379267203,77.00354622625247,91.85393626129299,50.44297764377704,997802.5547848528,,56.51703215419154,0.0017597922812688015,100.75254778271952,1.0904494566386806,0.08400847073051844,0.8291394667442722,1526.2984146059778,5089.850937051811,,,,
0.09633328110864321,87.08805536565708,104.98151895111694,46.87072696093576,1032048.8207894559,,49.18297017780827,0.002016522880179376,90.60245719042761,0.9288464641392488,0.08930351765555024,0.8228332061200481,1543.888538756834,4762.1340206847935,,,,
0.09165758111554655,77.24429260387582,102.65839014514317,45.7618253964073,979275.1033018179,,55.15793241591698,0.002028878832390921,104.6170554500532,0.95447661385825,0.08900550427109181,0.8139597647190074,1632.7091786301835,4710.893124421189,,,,
0.10517438515901197,77.82502534967334,99.39060589769736,52.113436131842384,984645.0392573754,,53.671379916468446,0.0018260274482194193,94.2418410299058,1.0342522023237046,0.0813699799730634,0.8270797188342603,1530.3048444659296,4941.189090215281,,,,
0.10964660194599132,77.58730382813165,100.47735590949394,51.80575212489521,1028586.0854574933,,55.19152922183876,0.0018654098763490785,101.76068426386715,0.9419721996562563,0.07950821910944278,0.9147683179772534,1600.883058181285,5114.9772179823385,,,,
0.10241457405668244,79.5131177093079,98.08314993249509,52.4588567458787,1092671.9108184506,,52.173946731769924,0.001734346040687442,96.05477315455886,1.0317227049687536,0.07803151428605386,0.8144745383455391,1650.1693630533605,5127.041366431747,,,,
0.0966870482633852,75.98348652055212,101.15410667400077,49.976927568815135,929452.3299202005,,53.026477796920496,0.002047756090877486,97.93538433698178,0.9115517300410058,0.08542547582644143,0.9061491277885076,1739.364710915328,4620.211443074167,,,,
0.09395167555585225,78.95773998104332,95.54591413044811,46.771498723817665,1033058.3754006567,,50.722711227093455,0.0018876560514968198,100.1893177834513,1.0017415704157775,0.08765037501898301,0.8454300324100221,1649.4381270500924,4808.130734429406,,,,
0.09221691775490092,77.63963294812412,106.26082272576338,46.316561085294786,1031735.8096052489,,48.0073099498205,0.0018435206482240157,100.38534387744767,0.977761068500602,0.0837152406830597,0.8576138144006018,1606.750693022273,4708.126421176904,,,,
0.09973525499772284,88.91691983547312,103.37305042612101,45.938361433988604,1063909.1080026226,,54.337734053549205,0.0017738543304714025,94.64137378262578,0.9877936166829646,0.0895787690722916,0.7773767404552613,1634.5523110546155,5044.479577819565,,,,
0.10927858420263209,85.651603477417,102.5035681147213,45.40722139588303,1069550.586769234,,53.870443297649786,0.0020311311576125634,106.17367266844944,0.908348539525781,0.08711194198610203,0.7896134607393148,1577.9771155134865,5276.786420552443,,,,
0.1019577273965205,82.96785415638196,91.34891675925701,47.91471904195761,1012854.4948126954,,52.33076092611297,0.001918596818535687,101.63430478294488,0.9997202456253218,0.08965426225242644,0.810060612251571,1756.0798783045927,4994.086291538299,,,,
0.10061536498170043,77.46133169563801,95.80176188708616,52.275001409948004,1019465.5018520273,,55.42956422735453,0.001978524159231286,90.33414081911162,0.9547093171877625,0.08892754705586263,0.8251158948093797,1738.3178717301612,4891.376602758889,,,,
0.09976121269280175,75.73227662828639,96.28403566495088,51.28002350539466,982324.9674944604,,55.93845813567705,0.0019498972475996662,91.89570742860985,0.9065059156495634,0.08870432790246396,0.8488574083900878,1586.4717352444732,4770.951816086902,,,,
0.10552234560798818,88.79443249775373,99.78489810266849,46.88124704985515,1040096.1634832423,,49.35364227939223,0.0018729257729094193,94.70322788353297,1.063520205004086,0.07951038064481901,0.842827689261365,1474.6874811756898,5052.692305710388,,,,
0.09936824304525761,89.22739080220389,101.1818812596671,54.16099680998299,1058168.5823912027,,50.91921949804457,0.0017651612793487368,100.11672855382953,0.9713411313007121,0.09020139450603883,0.826501229347766,1739.604164726999,4961.901337909633,,,,
0.09301277278705976,84.42960553567664,97.6108401912666,53.46835806752487,1086322.0261502285,,51.75563079731006,0.002032247083203944,105.56152461995983,1.0337330330253431,0.08490977115100168,0.9339917284049982,1664.4743607237572,4897.56608861917,,,,
0.1064486345847529,76.2850309784321,105.03726524628918,49.96176209202317,998997.2756040654,,49.698587790980376,0.0018438060875812787,101.01451524008816,0.9720007834570337,0.09058172864880248,0.8038788152507058,1522.2435768018888,4920.490532371634,,,,
0.10511052075033307,87.31613208389236,100.43461991913547,54.69885152048405,976501.8522731253,,52.56680823598457,0.0017647186312784305,100.52464554596034,0.9081480933764501,0.08547405932297215,0.8767610784415424,1727.6554264136341,4915.802446842351,,,,
0.09108938156838081,87.12895067401803,107.87431341509786,54.97907446622163,1026842.2016857661,,53.36275607234167,0.002034087816474751,95.85840674153548,0.9884064791920185,0.08832565351130704,0.8321329922983091,1695.2910119471949,4730.066125062197,,,,
0.09023418850839264,89.0347121477801,93.06071565997988,52.31269104309466,1002948.9110958733,,53.70039471543608,0.0019699705331482635,104.34659075676478,0.973309969911075,0.08562662369868028,0.7747876758309292,1509.2587904866893,4805.009428362692,,,,
0.09386883827615013,77.96084453664594,96.59996621643671,49.6832267185674,955076.6344057098,,53.694706168158426,0.0019182477163903835,104.98847857209266,0.9786120613188779,0.09287277401384235,0.9063782155581672,1663.065101865823,4648.703854963371,,,,
0.1001551699421428,88.65433439801421,94.80889156857646,52.02623254986399,961516.4955708801,,55.93302069798782,0.001738071713797161,102.84129215433337,1.0097604447620483,0.0848561670191343,0.8746031097879875,1643.7543940956468,4887.8983336302645,,,,
0.10151067782787371,77.28240896306896,100.16582995773669,48.87068791212474,1098628.0743532358,,55.90570490355108,0.0018888041298479874,107.24719031619973,1.0346471633962127,0.08203820401103368,0.8441037063574829,1637.173544475425,5204.6302666032125,,,,
0.10302206972848955,91.06095569443092,104.82951975104737,53.50171409107273,1004062.300561936,,57.07911840611511,0.0018806106338612454,95.05184285974805,0.9371832213322595,0.09203939159848167,0.8052882298413646,1554.4047535474667,4946.524902584044,,,,
0.09912078038535196,85.15204891054155,103.38170751929476,45.817508726154344,1100439.5260177406,,53.9484177654049,0.0019200959598024315,99.69388768000044,0.9885276384751249,0.08545461793853924,0.8145231434482281,1654.5470604897937,5115.038569757931,,,,
0.10110085745051559,78.71680869551359,102.40795305421682,48.836374869611355,937879.3761252095,,48.59066286806482,0.001762973064023633,98.37639947338708,0.9669289731261289,0.0776206911504188,0.8393825294191216,1684.1101025188154,4758.376833623092,,,,
0.09975209037925187,90.00573249810077,94.0329930741579,49.73343283263059,1067690.918615522,,49.15773722297724,0.0018510043417930633,103.23058333444979,0.917307533703037,0.093516477567226,0.8851936841030492,1571.3447592013395,4943.544837751959,,,,
0.09305791546050636,77.18442254712399,94.30555167660363,50.784721962637555,942854.1257619062,,48.534756107541185,0.0020559743403369608,101.41014748635098,0.9900850346570111,0.08184980120888645,0.9335392753843196,1607.904489836999,4590.804115123358,,,,
0.10455595285387208,76.52768691106554,97.17492758268726,49.85223640266597,1017471.8996810834,,56.06936847647421,0.0018268120943333204,92.2879627745383,0.9343237928000565,0.0933615254361859,0.9020411921213688,1660.550711151164,4902.793261295078,,,,
0.09701821012106746,83.00773466096456,103.19757124386746,49.21719842134502,1012760.3796571549,,51.740625970134396,0.0018836300784615303,106.34449710938884,0.9866419166307356,0.08174765317913477,0.8420076760639978,1468.8913631761657,4877.692266776263,,,,
0.09584588851247423,89.95129602150719,109.24219163743186,51.511061671590156,1009586.2160962266,,51.88172385937458,0.00208295878799593,96.49415595475017,1.0197633709377658,0.07906985750111502,0.9181843732826251,1643.4886172632143,4791.87122852137,,,,
0.10298360712619592,90.05134579614261,100.18067214744755,52.52926060727232,1063263.3062631674,,51.215933251852434,0.0017141559247450275,105.7520749960941,0.9321266644139952,0.09228951324766088,0.8256754624989069,1491.194564708473,5048.350421034304,,,,
0.09305339874900777,85.96712251845223,91.2214902448197,50.43534590897164,973270.4931827872,,48.67945068405257,0.00171955136984334,105.54097643493859,1.06509917957022,0.08970850276576067,0.82852784324146,1705.5176518315202,4731.501002465121,,,,
0.09433809753630659,83.61983327175571,109.34005791838423,46.91403304612183,1006286.6216837016,,58.08322650270298,0.002060537452161332,93.0694721738802,0.9725009502151475,0.08764982646805634,0.867577757132125,1528.2649649283176,4761.1970852044105,,,,
0.1015937117890208,86.17266744389362,106.38420789256952,45.28757349917155,934076.8430735952,,54.22253942047039,0.0019973537277390725,108.6952043010496,0.9986983633884072,0.08503207200774489,0.8705523116542815,1492.9170411875357,4847.221345689292,,,,
0.09153473120385364,85.9799506211992,105.04782394859878,49.25155808321689,986523.3453207484,,54.53432643785875,0.0019406939034221768,93.26112358164951,0.9926244391349682,0.09397844116539862,0.837910023979987,1749.2126755521897,4642.906810605334,,,,
0.10176286085025897,84.13829889228931,109.84379751986648,50.26534800812668,1018963.1914906134,,53.634845023606914,0.0020516069403108063,98.85375457068336,0.9723121736608913,0.08238356184804896,0.7970064885603121,1473.44240256931,4968.391306210745,,,,
0.09196158378641708,80.24102983462335,90.56565970988373,48.35091468704482,1070343.6776903109,,51.17410308497649,0.0017676887987402728,96.80151822141863,0.9880305922449104,0.09186396033895787,0.77847751226133,1742.2834721854076,4867.968412648175,,,,
0.09702904184041046,76.69432314589248,106.58361034625537,54.3432381609697,1006410.2208629111,,51.72674385356695,0.0018168913380483293,101.62031115815786,1.0913867703011215,0.09311248191367764,0.8398518691422114,1605.8683957357227,4770.0878946400235,,,,
0.09841281413292484,75.02102645416944,99.04572433865829,45.83600130466102,976171.7043923803,,48.940469079727436,0.0019866397983015053,103.13279072356268,0.9610534229176544,0.0882911303556929,0.7950950700059813,1583.495834185188,4771.380411056112,,,,
0.10201712175346694,90.28115264002341,91.25975811636819,46.544688133929284,955247.5968869895,,54.65733585173415,0.001791362881016722,104.82977192692442,0.9357548317061467,0.08226205614687246,0.8556958896081596,1514.6866540696608,4935.516097068055,,,,
0.10921965048306795,91.3269740266321,99.79201887350283,50.30383134445483,1005325.603831558,,48.73530211498721,0.0018501402959392205,103.61865876268996,1.0606505598170288,0.08300733161399962,0.8692780200103738,1643.5039410450343,5091.66088815515,,,,
0.10423875524446916,75.44934183865985,99.85722563042128,49.596167661523694,1075962.2744022766,,57.403721226931566,0.0018359022380780602,94.54120707104914,1.0988078556288008,0.08048748014426912,0.9031679178351297,1692.4385535533124,5132.753696852319,,,,
0.09993239280638551,82.4838637547056,100.81499686842652,49.17462715651392,971630.0337771015,,50.68718720466021,0.0017253728234312643,102.93953227211404,0.949354130589146,0.09069261882321857,0.921382602611853,1715.4196703798218,4764.003003946917,,,,
0.09786204886671201,83.06146703414885,96.12920384205765,53.35195901381471,1051452.1433125755,,58.29921923353963,0.0020642253251792245,94.21588216298,0.9183545339562438,0.07937333776356953,0.8580173127554173,1710.568057738225,4998.425460630818,,,,
0.09182204075580734,89.31305235010474,98.66990225724697,54.0371265127356,1024530.7313004136,,55.72137406235294,0.0020713368742118427,108.99675476612347,1.0222249744359693,0.0825899133877151,0.898525385673079,1571.091503157396,4870.972977485788,,,,
0.10585275237723127,78.8849984587509,90.9423631538462,50.736058046280505,1065859.0963620646,,55.97706689127839,0.001919912592246285,107.1332493077382,0.9512116024865828,0.08134114676294112,0.8511552672837653,1587.1306587305182,5222.916650097061,,,,
0.09167974638687225,82.24992217962125,98.31646486758733,48.445824442299646,960860.6392434874,,56.71565516819018,0.0018753199139400134,92.55046046500438,1.0101048581000909,0.09174592637948818,0.8598881481546146,1725.9665365817116,4621.126715848998,,,,
0.10577177048398341,81.52529560737733,102.02072340107429,54.255511015786915,937198.553732576,,56.2816214834215,0.001769661129920573,101.30947023577438,0.9406476431016978,0.09079688609288351,0.877229844951112,1661.399953697804,4841.032117597259,,,,
0.09140008677063417,79.30368710793299,99.97907348688926,52.24078598708593,990407.9491425056,,48.90061500424522,0.002015654751417137,94.77181077376132,1.0839440159569422,0.08492623407337475,0.8962056880898988,1648.862017761214,4611.52371197352,,,,
0.10617503232206832,77.94721423908433,98.37478394615489,48.119896996616994,936991.151860591,,49.323099740034316,0.0019063429172928668,100.10581494502216,1.0718919505622047,0.09382086588009753,0.8264395733552425,1492.4958564849146,4810.9399496134465,,,,
0.09245591315601646,80.33599708056121,106.70998082953096,52.418706385370584,966397.8495215444,,51.30260333648747,0.0018581733983441338,109.22435219222331,1.0872240856812772,0.07877802467866775,0.9066661398723994,1532.538908976966,4700.423461396745,,,,
0.09202182649278275,82.52717537084638,92.51224754773139,45.45821556659304,1010660.4409644171,,52.483589290161504,0.0019135894468904039,91.97498638527637,0.9056623876101135,0.0919620962590397,0.8793113972474988,1567.3879845032327,4659.819376771763,,,,
0.106919167865732,84.66397579921032,99.55010274528436,48.15865142080366,1017996.3603195788,,52.569052345743444,0.0018083125163176452,93.1856082780649,1.025665711981072,0.07871320167909422,0.8870965828471351,1736.706001474052,5046.763781263226,,,,
0.10223020541351323,76.00754904801812,92.55946232660828,51.17940485365686,1103535.4528490573,,50.29085495061219,0.0018992307895652819,97.33294310953893,0.9961496313282566,0.0939914366232816,0.8953087615270414,1635.8828623838522,4998.020707769719,,,,
0.09378689660194733,76.0695272609056,98.11143325829089,51.800587432897025,967997.4467007652,,50.055814459676256,0.0017684574328667951,108.57103812121957,0.9458325094012493,0.09195798655529569,0.7730586116611114,1680.471520744518,4691.943635916562,,,,
0.10405982220246586,82.27856752760563,109.01341447373333,48.28352692729908,1038639.3256858833,,51.19560207052095,0.002013462287343302,100.27004520451842,1.0386625694572682,0.08859589495121377,0.899128995811344,1573.5291820624843,4960.093582618765,,,,
0.09667337427632045,90.86828700685945,91.15063600448497,45.422118800893834,967744.016603173,,56.62065278928318,0.0019831120465440503,101.61654967797571,1.0385720669382728,0.0883766274971264,0.8760900351431851,1559.8199417872738,4852.746527454508,,,,
0.10110948754981115,90.45244185895646,102.35369556452396,49.67163037658063,1087647.7288818336,,56.331872554215224,0.001737678476335677,101.92374173358783,0.9506972365020041,0.07864358524223726,0.9095455989343191,1607.809956615015,5129.366259132546,,,,
0.10823811701458262,79.51666221025111,95.87019402181659,51.484379152392414,1024408.9751657295,,52.87518350946762,0.0019925101478892155,103.24919711154405,0.9552497943040994,0.09219094896629129,0.8802216436610235,1531.877383940737,5039.458030653573,,,,
0.09914335166612032,88.48830296038776,101.98169516396418,53.46205437153565,967526.676710706,,50.384799119479105,0.0019191668119084913,107.91257412153301,0.921213415622858,0.08060702166823984,0.796597922246641,1449.7967347165682,4852.3804529663275,,,,
0.1002828441789297,85.02335763003843,90.82638999204005,52.16998796837065,1048503.1523930952,,54.736258857473075,0.0018430504201948502,101.11738477720245,0.9448197936547983,0.0866739429865225,0.7985200032208918,1667.1596541724675,5061.460782811316,,,,
0.1074987715732154,78.07956099226742,94.39477434835123,47.470922741066815,971293.4958567057,,57.08436019180678,0.001942275406380506,97.88238823521522,0.9541290090620792,0.08122040469302827,0.8344987473386425,1657.3571561597173,5037.037006595845,,,,
0.10321331957126763,83.40661536887606,95.01867659185012,53.79853531515477,1098268.584973225,,53.90494978803686,0.0018388167199267992,107.57590352408295,1.0463992081935194,0.08899876488889069,0.8392430334341832,1639.1310358292385,5205.792553938487,,,,
0.10018229935448851,78.77917466861658,96.70197400770756,48.96220840044935,1101841.3339073765,,50.25927278642682,0.0018200588623604483,100.29903790717161,0.912968565846034,0.09237215147834449,0.7842169835693975,1626.9454927123415,5040.136158796657,,,,
0.10773508161814525,75.82252357855296,101.78347014036248,47.355929828135345,1074707.4383950552,,52.36356964886529,0.002058529318626141,100.48232991934998,1.093798857986026,0.08111636573831055,0.9174832198267113,1642.0305602377282,5149.000033141069,,,,
0.1030174884592296,80.65798595273822,102.79351081951971,53.944556108352984,1039170.6998221178,,52.88491316866957,0.0019847136250718857,99.11529939122985,1.0259232250732864,0.09292758904548473,0.9323228277290949,1723.0253959487575,4923.528694458479,,,,
0.09436847179289676,81.13144857751843,105.8322780659991,50.75228438867122,1051063.0267365477,,52.66316608734299,0.0018846802458651407,92.21365237219732,1.0931941326949022,0.09039658907582139,0.8223181310404685,1553.5581431738033,4813.435906490498,,,,
0.09972039402455679,85.3691562780571,93.26092526871554,54.39943468721926,936101.453466144,,52.56809119765278,0.0019236384250537245,103.71267640170466,0.9007714577473356,0.09380546559969523,0.7912855498989535,1671.4086720228984,4746.7943569243225,,,,
0.09644623210371069,81.0534842857317,97.46334940101808,47.71200065490802,968961.0394657947,,48.63353777517835,0.0019977328496237666,99.10123037852344,0.9921151865389761,0.08631111442934154,0.8741115151473682,1471.5477309110577,4689.3067377272155,,,,
0.09330590138573251,80.62669824361653,106.47245062721441,51.869881685187416,1085514.4307112782,,57.28045576887604,0.002017581897867755,99.86411859871878,1.097112058935203,0.07848361215464993,0.8034056027944252,1705.4088332934764,5061.28732391911,,,,
0.10546085735142481,75.27554785086411,105.90191798569295,50.67954453189651,1030280.1633963761,,53.55148647580778,0.0018857125708720112,107.33340985368433,1.0936000995887944,0.0835248497249372,0.8317945862612641,1692.9770428977006,5104.758368953131,,,,
0.09776143286842509,89.82229783003265,99.77029041475916,54.48767268720801,1064024.4616238938,,49.73646296241334,0.0019382077718094856,99.40789606030067,0.9681739568912326,0.09296900679597825,0.8982878959678274,1665.9583324454964,4869.920262729606,,,,
0.09096183537823484,80.21778216350353,107.74844798014477,49.91816623877223,1049601.0340726862,,49.93614321521265,0.0018260206851407148,93.34898766667771,1.0906153825645386,0.08836936697165775,0.8266235107894513,1632.5305042842506,4719.658083160837,,,,
0.09368678868681211,87.8483844055015,104.23458512503885,45.82049762853512,971349.6470969097,,51.118880207243926,0.001893707030302716,103.4061718826697,0.9379166502617184,0.0856674713497201,0.8686266295663684,1472.5389869592718,4695.308752888236,,,,
0.09975640799960174,85.48307265658316,91.68602071082938,47.2396543986424,974609.2255546853,,50.35681999625101,0.002069096852776864,100.0230684713189,1.0670955374253068,0.08633989079448606,0.7753058289615123,1526.1134188160474,4889.801819684614,,,,
0.10749029385410439,76.7471058403532,99.99618708328626,45.7709086444749,1102651.8776530058,,48.54377882550035,0.0018642403442626684,109.15010357411383,0.9442731730368525,0.08426212947420653,0.8290706702440476,1503.3663410692138,5197.891488717783,,,,
0.1007077126579372,86.74787554729727,101.902739309927,52.26608804414218,1014085.4448125695,,49.254302884231564,0.0018382131096414363,97.9140546400409,0.9235275975156574,0.0895845735232771,0.8856658467315854,1461.586290653975,4806.638729116788,,,,
0.09183487991421975,75.30662282351057,99.59469411205636,47.04282921939585,990033.5114459266,,52.32261876772037,0.0020219344082780147,107.5292265014462,1.020517094913798,0.09183515763191763,0.9133170993335497,1635.2481265072176,4676.634311169311,,,,
0.09458676680933796,86.91440827184681,95.01702108637967,52.0093970480915,978650.2706181669,,58.28217420384186,0.0018621034719963376,95.60848171991542,0.9326327143584332,0.0925765610961829,0.9239031022429224,1575.531848501628,4701.562974972796,,,,
0.10536455318341564,81.14326368811761,101.19171696750477,48.14702447726521,1114900.3160991962,,57.99530767124687,0.0019896111475270232,90.51976001886902,1.0111371790197488,0.08691307033908495,0.7981206966186266,1553.9242771506842,5270.193582606377,,,,
0.1031419797713235,81.60720154460894,92.04969661492407,52.45285770071894,1014469.5600990463,,49.94334376308591,0.001931612711708977,98.05411947933516,0.9396011628375508,0.08168975014149504,0.8457258356912505,1581.5686554860872,4940.57342908817,,,,
0.1001515245167169,90.74141573766529,93.36661635158616,49.57253667787495,1127060.7196590193,,53.669325144961405,0.0018999480986081803,94.21120780155614,0.9060132708600909,0.0846197592502141,0.8277522406376019,1561.6069926227697,5153.445955587593,,,,
0.10231230320772318,76.67028870940298,92.9067633694372,52.59076144930175,1039501.2011367767,,53.090684403464245,0.0017170759234077242,103.4091156024916,0.9796253617269103,0.09199085174253409,0.8715094707965981,1481.868323581718,4954.7878669829515,,,,
0.09909281213579679,83.99224025988207,98.77672706137318,53.94262754180803,976248.5047984433,,58.096078291754445,0.0018758799994169823,94.29553159390423,0.920816959386376,0.08029211174708675,0.8524976992380238,1450.5387589571444,4835.395072964216,,,,
0.10734347455893628,89.14950954320844,95.78810224268959,50.04899069394941,1038351.1094345457,,53.19050984817145,0.0017668992673362958,102.0235135838167,1.0407607641878895,0.08012872805147392,0.8422239716431817,1678.550590721143,5193.574647586004,,,,
0.10519513081614118,77.75787687396245,92.24936531038021,46.462209288275,1030468.8340978326,,50.29656453932483,0.001893391204099261,92.01692941416233,1.0317159108545733,0.07868685140085944,0.9196650291944284,1706.9745893078943,4980.431215831732,,,,
0.09525067968414497,82.90326493227639,98.4515084165317,45.785525653922996,1002469.5100151236,,54.061852766212546,0.0019592461405005877,101.19180921925573,0.9980645804359497,0.09058593474360192,0.8419053480656822,1542.7232927831567,4807.891689241216,,,,
0.09368365225196862,86.11858139393296,94.62056035123216,54.42033391671757,1060028.9850678435,,53.286043567202654,0.0019919253069556283,91.68360590983325,0.9305093396193351,0.09207059786061228,0.8406573997829639,1751.6388989180107,4820.321879102548,,,,
0.10426572773795713,87.8613527851941,109.1536508580609,53.53735118345199,1060893.6846004939,,55.57316649759281,0.0019357477801814603,97.25608815345971,0.9339392694584475,0.08931963767185046,0.8497416656346298,1625.789370026846,5055.975351874896,,,,
0.09788798353108545,78.70651829118509,104.97890027780907,49.01373364890902,1026358.9912390796,,56.45309446798134,0.0019361783129698167,108.93541119754344,1.002499488316703,0.09123431667543541,0.8830696824149845,1512.7271558547845,4910.466751459215,,,,
0.09213177659251576,84.48060833313389,106.34096747058874,45.452236832492616,931815.2452277031,,57.93507435429514,0.0019738166831399246,92.09298740447926,0.9576124858591427,0.08770629339786416,0.9047730650118206,1640.2259202257303,4561.639348289297,,,,
0.09604185042616209,88.50511543632423,91.18042482102983,47.02487536595659,1089605.2811934627,,51.759897730907234,0.0018672677532548749,98.87833205566827,0.9646494412222776,0.08422816917243749,0.8180996779776776,1467.2914254337575,5019.084484623496,,,,
0.09050893246154806,85.46363320429722,109.25525074128323,53.39097347260042,1066765.3293334115,,48.34079335034059,0.002029061978630906,108.15619107128478,0.9013319048223917,0.08860173168708597,0.8279365060165946,1527.453543582247,4766.290018754239,,,,
0.10666551893488203,83.86924905079809,104.13584423632716,52.01470225515816,984150.2995270737,,55.82207429814575,0.0017531443222406902,107.07937693443903,0.9372347329785773,0.08444065020449656,0.8262524806430462,1571.035651337957,5041.55488814732,,,,
0.10194137828440059,90.59116014049579,106.34883588109936,49.41459128230732,1126605.8798283362,,50.22959848465536,0.0019301391845245944,106.83666525171121,1.0044356976836137,0.08203876805206896,0.8393480719733991,1668.4831093375888,5202.887514658486,,,,
0.10409822511715013,82.2285080987482,101.11434767985448,48.516188750465915,938210.6846678761,,50.305883575373315,0.002035504619024784,102.72240805899852,0.9330612301923186,0.09027168275106404,0.8551967489086175,1711.7087106594638,4804.170877564241,,,,
0.10729409006210036,89.1534406874835,99.0744470853057,51.24406284226839,1029139.4236415129,,53.171404136821266,0.0017328357473667762,102.68055175522268,0.9935128581660787,0.08159343001851059,0.9101942413661631,1725.185872305413,5112.447979365781,,,,
0.0988637043788825,80.29213050652535,100.67618243099483,45.992616241762654,1001384.8631232121,,54.6659372380407,0.0019292578354651992,104.48968162668541,1.0274370916774562,0.08584295701263986,0.8236062883581514,1571.693199841937,4930.2554658387835,,,,
0.09983801716084885,84.06483898137367,97.9089038061551,53.72813844776766,948450.6634208711,,53.815684268186864,0.0019154245728704705,104.28640623854926,1.06153419550829,0.09271171408363266,0.9196349319936499,1624.0977369567117,4768.478984441134,,,,
0.09538441906857352,78.31084838684447,104.1708047723673,48.50977567961888,1105467.413372368,,55.97939159116828,0.0018092113729743081,101.92121212031269,0.9606036469686203,0.08658890649844353,0.7681485852635386,1748.596158622771,5098.134598655092,,,,
0.1034074243673308,77.07291885884757,109.14453924895793,54.01527206604156,1086339.2453396847,,54.842147186880645,0.0017223337871339075,92.67684911240772,1.0660758920102027,0.09049718479474132,0.7881301310715789,1491.072481840003,5072.174819542517,,,,
0.1089456810215993,85.79886229649065,91.02325011324707,48.51738769789213,1084120.4313377196,,54.326326983536106,0.002054469451875982,96.4387428763995,0.9684572835661176,0.09433184175175749,0.9061642911427429,1580.1918431177148,5173.305878522574,,,,
0.10811331798681659,78.26715473443844,100.3717355478314,53.99081142939555,988676.2717971726,,50.97323836649498,0.0017436605400665429,103.08973562946548,1.0476958168002646,0.0877500675513911,0.9282465381969506,1552.050543856484,4944.405528209774,,,,
0.09301656232333792,87.24447222402267,109.36802749491238,50.95801903544015,1073820.5626103447,,55.14769432306203,0.0019230614723376625,103.5490917161882,0.9998951828229435,0.08777041466561414,0.8959999654294744,1549.0630319078869,4886.912087458363,,,,
0.09851248111584204,90.25776780751787,105.61321223214874,49.83760276897152,1026744.3875942206,,55.336689627223315,0.0017180707422980914,97.69493842758666,1.0323468140962606,0.08528421293609136,0.7946626570391943,1548.9996126236022,4974.845353755277,,,,
0.09508492969955977,89.2139298959624,93.88277526244167,51.778617220286385,1056623.0674891074,,51.21686421162239,0.0018530048649763504,95.28830060368207,1.092481492522119,0.08357612309437419,0.919193394457305,1698.6014072636362,4876.794591723972,,,,
0.10041333932055779,76.93137477004291,92.667407202598,46.97256526513471,930255.6799275768,,51.12730753404937,0.0020544394900400323,101.31942605808429,0.9302176556451077,0.08795920312259137,0.8889091178756137,1686.2558566771436,4724.524608776545,,,,
0.10330284494613536,85.13789607467317,96.7537995776682,49.325441995334586,923421.5098826482,,54.13245400237272,0.0018866632762472128,102.34107478819456,1.0585292231465577,0.08562577346195561,0.9089443187602091,1500.9308375392734,4829.555360039118,,,,
0.10797175865049805,81.11139411197578,99.95474763729464,48.75999607020278,1007268.2517259854,,52.864961957319146,0.002043908146586564,105.09322763371192,0.92517513318261,0.08440569449308861,0.7965242955333455,1584.7877115604135,5097.712712464974,,,,
0.0982057542251392,85.71971220242749,104.65320440100886,52.7917313216174,1063056.141414986,,48.09812547761733,0.002020130138941748,91.02351290965547,1.0142583010940454,0.09164714284176621,0.9140815763416266,1600.736577184004,4785.368874961668,,,,
0.09846283611265551,82.6252055137813,93.0307724429051,54.79244975497587,1055235.408052467,,50.78224986734569,0.0019027723673956563,95.43394280280897,1.0755544523427483,0.08794854732067617,0.8638944996841157,1551.3325282744424,4903.849341571584,,,,
0.10890055578705865,85.67532139987064,105.11660170091534,49.174373212637896,1073769.1515804033,,56.694489912465,0.001717285616552125,105.18980618722415,1.0433458035807877,0.09381949671900074,0.9199193331146013,1540.086920705567,5195.728036832417,,,,
0.09223216552650039,79.44758183261739,96.60603962418449,45.76594572048307,954557.289124293,,54.942824478321796,0.0018038035077674911,108.06307249677884,0.968610739210605,0.0918324746619367,0.8804492149737356,1512.4522631458547,4660.703357807339,,,,
0.10204406754228715,76.19720357405151,97.30172697929248,50.03170381280532,961282.7450781779,,57.52578625356684,0.0020187040995149935,108.03689377029946,1.0380481313182273,0.0879511883104368,0.8562379139928732,1721.7755223545469,4932.442722044305,,,,
0.10350516441468834,90.2327307364793,91.2152131290951,49.91903839536999,935987.8829700301,,57.2120786641644,0.0017694260847171822,94.38995223068511,0.9427079928962938,0.07983539340322769,0.906013877832762,1728.1759984540267,4892.810709214997,,,,
0.10395243372073518,79.46565170611748,97.11767770472005,50.72234130490795,1117277.1896408915,,48.36236930717552,0.001896625286743803,94.950669543517,0.9947287269867175,0.0922316354004822,0.8158203906735938,1464.417883326721,5060.995307033262,,,,
0.10981095289610675,81.79124735754836,93.83276099650723,47.710715441490656,1103848.2836237054,,54.05844803128273,0.0017220415509013594,90.67802649992896,1.0483777650629793,0.08955601160340393,0.838036031792275,1507.1285271113577,5244.110804259557,,,,
0.0909386207054332,80.63276370117165,96.8154504570934,52.62033427955565,1099523.2641421135,,50.94843613598814,0.0020430741090621315,99.07241377857613,0.9217153671899749,0.08237676983749224,0.8163643367217222,1561.9725655943405,4879.823275433898,,,,
0.09718717691116792,80.63886877267542,106.94946376133304,47.462503158135064,1007905.2615273385,,51.89248736590356,0.001978558520271767,104.24262875652988,1.0355925926759606,0.08289620048173946,0.8137434933577122,1697.9160837271988,4889.646183851917,,,,
0.09474277087644468,85.37425205820591,93.67469255519664,46.43549733534239,1049496.9617177425,,56.39356944912099,0.0018742475461508829,102.36830673955575,1.0507342332631058,0.08473947741391558,0.8527069345244379,1598.359799901904,4988.809314007239,,,,
0.10341423371704628,81.06266916931301,98.1259424587986,45.400889413614586,956025.4081597805,,50.52784660773213,0.0020099866787729017,92.62939399967613,0.9883599475042042,0.077768313056243,0.8104107187209758,1698.4214066060429,4873.709701135989,,,,
0.10585727740621893,85.412161252253,95.19534297064754,49.140066587058165,1036432.498863911,,56.17155565216278,0.0020002893661843083,101.67009323219594,0.9875575959314754,0.07967681659536326,0.8204719550028142,1623.5442935098351,5195.192575984123,,,,
0.09275032204718806,86.65194153243907,98.23672919598482,51.17760848468708,1052702.160629839,,53.18620813297011,0.0017284633618597992,102.54120500924691,1.0976900203973845,0.08945550174675133,0.9134740493568408,1688.4625133147945,4849.761738756951,,,,
0.10893071833125312,80.62334545670552,106.15998960790695,52.595153621470814,957923.0922728513,,52.70047616824747,0.002089803388635851,109.7171647882168,0.9802379795433278,0.09284450192367638,0.8338886667407871,1575.1586426954968,4960.915634159372,,,,
0.09416938569433873,91.48308439487525,96.83018200131376,54.182848108587955,1023882.0501071082,,54.10391646712507,0.0020287036728266782,93.9252457870359,1.0850629237435945,0.07936408546446519,0.9299395159131043,1630.3830493337582,4833.555346444999,,,,
0.10168737365439169,75.76224776788315,96.3036809735118,46.84370836211069,927647.8220793708,,53.65001067834787,0.0020420503499802858,104.60650897842064,1.028492518805793,0.08438766468768306,0.8518947670923442,1648.7621312774293,4823.469551429241,,,,
0.10539190955602905,76.94018296275337,101.41977933338562,48.35298090433759,962916.9962872738,,51.747037162420696,0.0017771178782891792,105.89200423288818,0.9757403754031666,0.08667544640308306,0.7702897372501571,1475.544095206266,4931.350873429159,,,,
0.09111153332490907,78.38810204753938,96.99758843140303,48.42247568477889,1023017.1476791262,,58.33832143290593,0.0020027310854239247,95.92882336164186,1.061348119908599,0.09103193612967125,0.859477511425683,1656.7385753728122,4781.9236814320575,,,,
0.1035688088361445,84.55613224359436,96.36169655571302,48.99672137725465,1071593.9691303791,,51.454972035540635,0.0018462873988381542,91.90603477970836,1.087732383141379,0.07958338039894754,0.9053030012948418,1615.6022798227823,5048.105999827155,,,,
0.10509745206258092,81.41802241760853,101.40185331553614,47.08938711482767,1009674.3587599014,,51.60362227537699,0.002043251832924372,108.99758555090209,1.0364014360623086,0.08239881397598138,0.8351403810019492,1496.891940075443,5062.703371160427,,,,
0.09131682975084657,83.75984192790273,96.55462463505285,47.28261044697574,943495.9366354896,,58.41034528133758,0.0020856147232494525,99.29673114408536,0.9984435438201014,0.08827698410717894,0.868330619205747,1698.3769709353385,4662.167748049315,,,,
0.09018143472839456,88.85254396582161,93.67464271630726,52.19404267188127,1085768.0189588664,,55.579847244035726,0.00184789437393369,93.26378744553496,0.9655698999363689,0.07903837264113653,0.7841290665247613,1690.3477456079954,4973.903777750802,,,,
0.10899066220998906,75.97586548334745,91.33936023269581,53.235512490612656,931526.0588350294,,54.54429445050272,0.001749566415736754,105.89443397038553,0.9389569995856474,0.08146178849365224,0.877197847332421,1671.374499048963,4967.97705821499,,,,
0.09548442494239714,84.81869520159302,95.42360678971883,52.96011098747492,1067510.835426863,,53.134314456974394,0.001969629283528592,100.18764339819752,0.9334701622446813,0.08357592103491215,0.7691413462065193,1560.9268984671448,4994.916469243312,,,,
0.10990254961025181,76.37006550835551,105.85405584554634,46.086625975404004,984126.4962219761,,57.5729563962479,0.0020112672518131014,99.54841843671365,0.9954167990281202,0.08092861475919827,0.9323814297757337,1669.0271063362115,5054.945073012853,,,,
0.10976211662227574,75.77918184323646,106.45160987524153,53.48436657177991,1023115.5083136423,,57.02965562296111,0.0018894823127624315,90.01834217558,1.0513557131638616,0.09155299664335213,0.8481670297619196,1547.057889825016,5033.3484170566235,,,,
0.09152507146517055,78.69297778513412,108.24265298178155,46.26520407065712,1050646.4353963565,,57.238959686186696,0.0018709107200651257,93.32840759704902,0.945237925961869,0.08837314321900645,0.8401340683379512,1667.6279072980967,4790.575684212111,,,,
0.09133625829873072,83.21475456757148,96.13141784867376,48.405936216510725,973659.4152625696,,51.63259643844261,0.0017762899750221617,92.67621739000037,0.9856438896606347,0.0861489886877397,0.8373436534233603,1701.9414660605619,4632.187187831402,,,,
0.09655026261924485,88.62740053147333,108.40863372601804,46.30319843579092,1057455.262732213,,49.45510601858114,0.0019205910232227691,101.59482634592977,0.9888160221903963,0.0804868584724972,0.8024872004083359,1534.7733114926584,4944.766274743617,,,,
0.10338812707847776,83.83886408379301,106.05965924661109,54.242547284250456,939707.8097421711,,57.080250723291776,0.001733520548854464,94.26705503837665,0.9755215877195916,0.08661388969753075,0.8802108845906362,1608.8369175367395,4789.454667849808,,,,
0.09505619294320893,81.6050111641147,104.94147205135702,49.12753443141647,1093813.5605000276,,49.608617621802296,0.0018490708266035852,90.35368310076564,0.9840370640074566,0.08300638783346598,0.9225937318150854,1632.8911836377906,4807.836200752497,,,,
0.09501902606812906,86.5263707894253,103.12144442937132,49.09824500864474,1000601.5272777675,,50.05400897634348,0.0019459124678005122,95.95608162579481,1.090209125317445,0.0799983191438181,0.8594099832963735,1628.469676252383,4784.276952690448,,,,
0.1029082824818348,80.32620241753374,97.71342117578425,45.46318542072213,927519.3468741686,,57.87665186787562,0.0019824912811070095,108.9032394833779,1.0873658110342082,0.0790053848463876,0.8411470409547988,1598.6224890843575,4975.789396236929,,,,
0.10517008962463102,85.15001246084701,103.22710417160981,47.25558473419481,983105.201009045,,51.70241008018537,0.0018412844247225396,100.63164062085683,0.9918662957648962,0.07928833162845968,0.8300339236003538,1571.799670611683,4984.540032111044,,,,
0.09768425197575431,86.11560527444075,93.02615680408579,52.93824785664912,983744.0206905293,,51.29172653081806,0.0017966672030078558,97.44614634417334,0.9216696255251197,0.08904234881638697,0.901175231578221,1588.915327312821,4740.131282229733,,,,
0.09423734524374897,78.76170227146517,103.00590231386822,45.44408031203294,956589.5967214999,,50.42850514897649,0.0018114291847416957,100.2000048684443,1.0928254878289434,0.07881551576802358,0.8620291264524049,1696.7703368128907,4710.877271406509,,,,
0.0960660993536222,78.9570045333521,98.19524176733103,46.42319393718387,1002198.1367739786,,54.134946027082734,0.001873187766561899,107.83774532379637,1.0662230215684572,0.08871271738837182,0.8268284131936923,1753.640829594444,4897.990534838278,,,,
0.10713226049728673,89.79144794818289,96.40440013171869,53.47092616051658,1072336.0403516297,,51.172073443921335,0.001786941064553893,108.99178694521751,1.0037470706485563,0.08689719491218909,0.9086386857030726,1567.783440303625,5167.732199593867,,,,
0.09242415909105535,86.71888436756883,95.59449968553817,47.633452261671394,1059520.1123200534,,48.1476224900548,0.0018605709673048254,91.32958143151858,1.0728945520151796,0.08651866131563203,0.8879193006588859,1592.498479586006,4757.415371880242,,,,
0.10679872723764279,76.89003586571664,98.63958448985505,46.26206996860775,1056517.6931077244,,54.70831994648777,0.0019781380069966636,99.23525488895957,0.9236159005609131,0.08754677250500609,0.8324904261681968,1586.4891618312838,5118.886397521213,,,,
0.0997132169834792,77.81354792779217,104.19998276411431,51.309566977813724,1010574.2202244608,,52.00644253101691,0.0020450477079940366,94.73261757174343,1.0663148121065011,0.08423924871089879,0.7974600377698436,1647.3648512336156,4883.638139835697,,,,
0.10340230200651274,88.39604534234418,96.15998965808672,45.204539898795176,963880.7887338941,,57.109025492697576,0.0018968947794473746,104.95284889132428,1.015706009946802,0.09190031094502152,0.9267179113561422,1538.7929977110466,4928.025660849715,,,,
0.09073956891254294,80.12488117570565,109.22885267364839,46.377284768331215,998801.1739363647,,54.12458315955141,0.0020564685140194014,108.25003157527516,0.9254927739465018,0.09076869594957326,0.7815317917368292,1627.6322629455778,4736.301169937074,,,,
0.100993699621645,90.10910126972249,94.78867379220915,47.451112968145516,992021.7524356679,,56.25435741023411,0.0018785292988966668,101.04178896411813,0.9828991766472939,0.09315244072627532,0.7689995044872089,1573.799954301214,4974.9916933794,,,,
0.10684215972695671,91.07463541278133,95.82452267424325,54.15931962519104,977399.7373233978,,51.438776000538546,0.0018871759206873983,109.36545896096762,0.9655156762173518,0.08687382451436806,0.7715162435869926,1670.8693922946302,5072.84121977838,,,,
0.0913936219713528,79.38897579541094,95.98328134687692,48.46351773956874,954943.7792142367,,57.85357651380056,0.001954268766527231,105.9019274031296,1.0857685335906522,0.08566962975922628,0.9066495055791791,1464.2936299137973,4704.254803509449,,,,
0.09566799463330078,78.11691522380319,99.61385881937807,45.31271523024231,1053544.9043879623,,50.93582016782416,0.0020405013938821588,103.75995978393367,1.025128158979847,0.0848608234412254,0.9160164827347482,1645.5366524205606,4871.322413447585,,,,
0.09896259714224799,75.14876523287766,101.16181377017075,53.21522244332424,1012883.1812580209,,53.503814019252374,0.0020189559949925226,93.74390867375088,1.012676678792293,0.08696484917681754,0.8100007209648645,1684.201139979199,4847.311550197524,,,,
0.09282203360797817,77.51347629817442,103.12153939703552,52.02870480415163,925253.8775532133,,53.25580418401824,0.002083006751348235,101.68680340377232,1.01004948865057,0.09081263109603345,0.8180798608433159,1517.8029339323807,4561.891700690724,,,,
0.09980890016641922,83.05377950176212,108.13939425299304,47.92635742447611,953362.3846560217,,57.85437018458372,0.0018050866191747826,95.1984591505846,0.9463853324510422,0.08360713757833,0.8776231860070537,1496.849917452168,4771.298949568994,,,,
0.09480357801689554,90.621795054171,105.27764184342261,45.52624088740455,983892.4392938082,,53.51100988214654,0.0017341643434639537,99.12373975534996,1.01246978838197,0.07923079585435011,0.9240853768611452,1688.4387439893667,4783.7167208580895,,,,
0.10760230050915408,88.19744616301028,103.94606301143227,46.4343670540026,992189.0438918076,,55.23009442454053,0.0019822454598805617,107.79169773322769,1.0470389056205869,0.09044168271148077,0.7683197117529721,1503.4811462285725,5132.060590447074,,,,
0.10132039751864835,83.79620780891065,92.30213769335083,52.374353304382524,1117409.474543224,,56.57472885854732,0.002040607625201314,106.06279348690234,0.978822620525851,0.08923452475332583,0.8114659362852816,1509.933245258631,5254.263858120131,,,,
0.0970676915464888,82.36768452410935,97.573979058899,49.12567689313979,1038584.2153733011,,56.09965959188313,0.0018943796885673623,101.30985317806498,0.976894397175555,0.07818509320525856,0.8655922962344516,1635.4666446154317,4980.198091730861,,,,
0.10140841486560495,77.82468050002062,97.15173949064102,53.991305484864185,950385.2668308705,,54.73083924597049,0.001825697336265868,101.45559927525719,1.0430543166065331,0.08617758914312523,0.8867949718464315,1522.9449238523607,4805.619069568799,,,,
0.09330339724102026,82.35831716236443,107.30120503272231,45.837919374239455,1013652.4272581813,,52.86352194600866,0.002008472884273685,97.08236445192652,0.9857039202223362,0.08897405580808625,0.8153007917889422,1728.2615942462921,4763.8367006362705,,,,
0.10386916058315927,82.56242917677073,105.90401489736543,50.99383004936703,958162.4703346302,,49.86442120672146,0.0020416454859050834,93.98322104773432,0.9586158012078084,0.08799409578530214,0.869395458844761,1718.1685258174605,4774.871053805821,,,,
0.10678835155857969,82.14947744367207,104.18911410865913,47.39691269108731,1048888.6254899804,,53.861910713841574,0.0020089011032998574,96.31733005720805,0.9997178429634197,0.09292853297574795,0.8239449582741578,1680.5178307915571,5081.628687081786,,,,
0.09866296243959571,87.67358836578103,98.35177520497015,51.37517452913507,1103497.410085,,51.511026960322916,0.0020496889450576814,103.14490470109241,0.9671283279055579,0.08621126470704958,0.7878601504655457,1511.2393977487188,5107.526370717886,,,,
0.10408017116719331,86.34422850252218,106.36170438971779,49.710062441953745,968956.753147307,,55.1593617411921,0.0017296360209604542,92.6490480450098,0.9817062451617384,0.0916746259905768,0.8234630136467601,1583.7101365821957,4848.835084919819,,,,
0.10132565280167834,76.72027134683042,96.985684408108,47.92051095969462,945413.5770451038,,50.68224400886654,0.0019969616135930963,108.25523328369383,0.9346478150892926,0.08588574971674419,0.8278825309945251,1460.3322052137084,4805.370141314131,,,,
0.10626813069735391,90.39536203033768,96.08092339817856,47.65772916547435,989965.3877677947,,53.44580847117872,0.0019923996577922874,93.01669541202173,0.9076804795418091,0.08215804901888789,0.9008729577385322,1537.8160534837796,4962.33334004206,,,,
0.09194738014112705,88.34602048621612,108.43039115699374,49.05533905354218,993109.6827350169,,51.488344447087734,0.0017312559633711883,102.21520225596439,0.9169533880936698,0.08054684609154382,0.8003574037640399,1527.3262569992369,4736.867856838707,,,,
0.10088037312843062,90.69056161843437,95.63985168142548,49.904278328615646,989538.6598589674,,53.22656210622745,0.0018077211735494235,97.68344144950267,1.0179145817971258,0.09067226201664012,0.8203011453253056,1657.8251176553701,4907.904852959989,,,,
0.09543892912882036,81.07750519993432,108.50516236545764,47.46000573651182,956299.9157134976,,51.45276144254073,0.00178873402227751,103.97942884475218,1.0964055586330488,0.08409753585372433,0.8676365848286116,1643.0453710061063,4722.702503601714,,,,
0.10824312518278081,81.74774468846724,103.11294476998334,46.658845160568724,1073457.474475831,,54.138064063580195,0.0018268398985838766,109.73828991706978,1.0146720033997974,0.07931356381559626,0.8182291125537002,1685.825542959783,5317.008582525135,,,,
0.10244420856479824,79.92488300390475,90.31396163868851,49.156277862847624,1097834.8627922866,,53.956940332104026,0.001745674263607066,92.01981534126017,0.9123592113056747,0.09221425270436832,0.8000120588719813,1601.2276830448316,5087.726790042333,,,,
0.10395264196179649,86.5048573525614,106.5363820941746,51.29368900535155,993674.8260771391,,49.686066016023204,0.0017905866687399062,102.87793967989158,1.0121450359488997,0.08448669000499431,0.8718496396722376,1705.8023834620637,4924.715420696516,,,,
0.10962735543322571,78.39270646585472,91.08059714660995,50.2999012584054,1032369.1405013312,,50.49932032444686,0.001890040469066732,92.37188702424667,1.0515297424279466,0.09376370526055595,0.8137454439597149,1603.7953085289064,5055.0663338241875,,,,
0.09939408254017784,83.78561119839577,102.28180292411186,49.040052994696545,1103559.3891877334,,52.047974871321976,0.0020426611862653507,95.3736031524581,0.9138715735772379,0.0853665902598023,0.9000063498785499,1640.4025413614886,4982.520294500332,,,,
0.1078637158493087,89.39373400253966,90.6027555755118,53.34266610632843,1053311.1853412446,,53.90916425364127,0.0019806395150252687,95.8644894102594,1.0346025925351148,0.08124692196739532,0.8907674810193559,1664.7634392984503,5176.529621551054,,,,
0.09601508644482316,86.98646824271935,106.89213848559693,51.47990726366009,1117840.9783393478,,54.07781576611884,0.0019734676783852035,94.85509282196583,1.086644778080066,0.08917738096327911,0.9067388054531897,1502.41308186047,4969.340778730189,,,,
0.10319083387626077,89.19229475102603,103.68567869270741,45.556807487602086,1106196.864984154,,55.806402904090845,0.0019498381151155317,101.2776827904317,1.0032388783324668,0.09140415756414431,0.8268631406616471,1635.7573226058958,5223.483507786271,,,,
0.10282921086452315,89.75356030685921,109.66829000056467,49.64273788760634,995942.4832977054,,55.31752840833863,0.0017959508703196943,95.64273913156651,1.0551364448498148,0.08984475111595581,0.7704960640218594,1596.5979993679712,4968.044215987031,,,,
0.10891435380039677,75.13604481737082,102.64503589908097,51.00422755709201,1049709.1737128345,,49.284942917670186,0.0019786715765194233,102.6662439895907,0.9784630828998446,0.07805192836457556,0.8367237096759226,1488.1110599503697,5104.936553638928,,,,
0.0989023221324976,78.55049945816808,98.99404890896328,49.65500377366218,1096505.397523405,,54.84127766803892,0.00180647530987785,96.06927289624466,1.0777521196370656,0.08489856369489157,0.8925512710767288,1453.8107614716757,5016.994340964571,,,,
0.097022628722379,90.42360842625718,98.6798559327102,49.25043965567089,994781.1836254412,,53.36223594935462,0.0018142486620764857,105.73664767905588,0.9991694745547481,0.09183543169538844,0.9140713203578367,1450.6205647268819,4814.825526879964,,,,
0.10351721925989038,81.03251841647385,101.06791655063685,49.50117978074013,970560.4179883163,,57.15146240155989,0.0017365335676996138,90.75552256335934,0.9878742022981992,0.08320975796665624,0.8388794388650332,1558.4835419270385,4887.217475254017,,,,
0.09445749722501395,86.59515393815923,101.7280411210996,46.959051097553676,1065292.535499541,,49.63819218861785,0.0019563553529372817,94.11386494721624,0.985573593960641,0.08539866384864997,0.8551137146241654,1731.4416173442778,4845.388026165799,,,,
0.0966617801076336,79.9874385417681,102.05041161979797,49.05921893138553,1034088.5406572026,,52.65707905581788,0.0020397292484509626,106.52849054991064,1.0629150116477015,0.08379011291263892,0.9185392132734831,1657.7097013838597,4897.452254319393,,,,
0.1006519225904306,83.2149257835923,90.19032565773544,52.451584305664724,995214.3762346464,,48.579533374717606,0.001869395024901216,104.35521142136442,1.047187320877029,0.09025232871748745,0.8707955779485071,1441.6799025510456,4850.56929362436,,,,
0.10471715337132126,87.8047903505342,102.47604345257324,48.01676631256541,1106685.6607575896,,55.91447643344557,0.0018993315981645261,100.78804078386365,1.0127825221282145,0.07947263816939798,0.8637572418424494,1547.5384288930532,5261.149063295759,,,,
0.10908878638615574,79.77493528262113,93.70823327819534,52.57366037721396,1006431.8110477573,,51.64764138288356,0.0020160746294668173,94.32377571232895,0.9713013079115719,0.0911908821783949,0.8006229801353633,1536.1576264962575,5008.590522826056,,,,
0.10122259153449253,77.62379748395357,105.10526725462914,51.36684232051735,956214.0191218824,,49.69857814965935,0.0018753356529632762,91.26131247467329,1.0665726194385956,0.08039295915089904,0.8917450434480272,1621.2873990143398,4726.434095836378,,,,
0.09647985008040763,75.89390473033964,90.17966504939493,50.08197926680757,936779.7390713076,,56.80900426804026,0.0018400032811647228,99.42822549199549,0.9138960874745523,0.0824336343833473,0.8086766171764433,1594.8321450683418,4742.245198337652,,,,
0.09663516249025773,89.43799844521466,102.98025320283716,49.02116436469138,984293.2911978803,,58.24547786769432,0.0020319746396104572,91.99421564529952,1.0915645440827215,0.0843378758105385,0.9319914379969136,1652.4174198265205,4813.4319245126935,,,,
0.09317966041375762,88.34344763019038,90.07461070977541,54.277188195443316,1017340.779898179,,56.62395040281094,0.001823565144981858,100.59821282469277,1.0075498085110541,0.08369857622257183,0.8485157192477387,1691.9923759009246,4888.993040687911,,,,
0.09455955414995919,79.75411355734607,104.6356976656594,52.32516417996753,1088082.7419262882,,50.772089171818266,0.0018916350373607354,97.69469011985234,0.9760826840876063,0.087259113603433,0.8836532609203303,1520.4408376058082,4831.692099173229,,,,
0.10610173392198219,85.12845503498865,104.17983586890793,50.76830606545993,1123328.2486864114,,53.901284005276935,0.0020147753931930583,107.61744415272167,0.9806226660624147,0.09098448967071536,0.9173579952861804,1595.6765433198414,5218.607460325914,,,,
0.10111107338036783,80.47524713173847,93.70216409878444,45.63291763350249,1080979.215836345,,48.351283470735694,0.0017406807007582768,95.99332210922654,1.056558675236283,0.07874452880527408,0.89745768268961,1709.1537000310734,5003.813537589203,,,,
0.10392914489122079,85.24143940654619,96.36652637873328,48.37145448538321,1074285.3474624234,,53.562814504796776,0.0017328658810343992,97.3008024196513,1.0089323827452623,0.08984894513657055,0.8498866814366893,1555.2187157288758,5093.538517086586,,,,
0.09396897838180991,80.12215152479934,105.19159983298844,49.47897690948531,1124476.2826805806,,51.23432475338611,0.0017189751158028037,100.57546394316448,0.9638851108284606,0.07969204437088236,0.8454483962095488,1749.1393733795899,4985.325162366066,,,,
0.09624026122197223,88.4356962335106,104.7679192806573,47.68840793611569,946890.3942928385,,56.11982104545667,0.0019655780809894998,108.08851828753102,1.0441867896369517,0.08888679030322852,0.8147573102720358,1701.7568286781175,4819.458205544648,,,,
0.10049546858460473,83.60566043910505,100.1097381401135,49.73647176700161,1080486.789363315,,50.65528066329199,0.002078985092681293,94.99360449919759,1.0434953826824984,0.09366453758198943,0.7856230382025873,1647.8226098381542,5015.698652081509,,,,
0.09455382101691161,75.47038492701063,103.60711081317599,46.708277692522785,1111402.3430780584,,51.654396195394085,0.0020712842430169196,106.77300893464887,1.0186652355694004,0.07953260348565666,0.8745983241463627,1698.5536145227918,5005.749489666058,,,,
0.09889975366337188,75.2689666264907,105.5389047475134,51.37263491454552,976077.5104171336,,48.00867445375019,0.001809062269564952,92.70195949090059,0.9350898790540781,0.08099694920380522,0.7729316150732493,1440.6307326916844,4704.612481243509,,,,
0.0951231087412023,76.55213438792138,90.80160735468627,50.95343566921908,974264.2441929926,,56.6355446175484,0.0017712046263343485,92.35620003174829,1.0769474545752131,0.08851106764936555,0.8754595633890525,1659.7986701981902,4727.513774143845,,,,
0.10532568420089708,83.45918536458151,90.39765578507155,52.7622347649089,1003518.4224966445,,57.775793497424566,0.002079865990104257,106.8412634718921,1.0330183707705016,0.09362267593299935,0.8973484897717299,1534.699376944439,5049.401216991943,,,,
0.10916584221041499,78.69082906135252,107.22114075589629,50.95932885888477,989790.6387356181,,53.47871563065257,0.0019108253134078512,92.11170610509049,0.9498723238947594,0.08805252822983432,0.8223672233456355,1626.27231797605,4954.195188766326,,,,
0.09568493047259562,84.57301974294516,101.8805905063662,47.57659014472419,974276.4711402869,,50.50013212125892,0.001990244534331655,106.0167705676399,0.9133718500326969,0.09095478701653173,0.8471307249890959,1492.658801703855,4716.93493846976,,,,
0.09860020431163491,86.07168113485706,92.7070797441338,49.140400368726844,1036096.4236804305,,50.01216465469487,0.0019149044560497317,95.41196687258291,1.028115082916975,0.08376903476018951,0.835743424583998,1559.5141546819732,4916.0869601615,,,,
0.09940153836568298,80.22364427229903,91.96442446356524,46.68310371011469,1056140.590485349,,52.694503786987845,0.002010487450523517,102.44962025962079,1.0499591093718073,0.08340330074477346,0.8175576375978817,1673.1789185959324,5065.853557183714,,,,
0.10431057489812366,85.21125146667922,99.63440362313435,51.56789075809457,1025974.4918280493,,53.81391423022633,0.0018077560398823713,97.77916591154175,1.0507810255371026,0.0793679600954444,0.8948992242677705,1549.7505380973703,5028.836884347029,,,,
0.09962415558939025,87.51488540567958,109.21577224721517,53.18342679228116,1064524.2970062054,,56.06852585122177,0.002035023485033278,108.76127443191781,0.9198490367159052,0.0849204523583555,0.8229418707838103,1501.6074113976383,5077.3451946103105,,,,
0.09356896015813257,80.5748680143815,100.21991188974128,46.875514130852316,994951.1133912342,,52.74399539484558,0.0017615769118441507,101.791457341289,1.0616982232584153,0.0907867941784305,0.7878940480463611,1700.5001344917055,4785.668733253608,,,,
0.09484032055507476,78.63546489989815,94.80455300804542,48.702522551315184,1029751.0609421866,,55.607138897167204,0.0019284010868252607,94.74929446264477,0.95794606773919,0.09249393605647231,0.8407050851805602,1613.3633756159568,4807.247434476857,,,,
0.10457352180230016,77.06315730196954,97.86707571821997,54.735426000225765,1048629.7793489103,,54.5933147641127,0.0019047397540655129,99.45211841536914,1.0172386373103592,0.08840191360622633,0.779775411434541,1550.1068288645606,5092.269830198479,,,,
0.09658116105398842,77.48471023874863,101.72015581486895,51.98488083574253,1007455.635959281,,52.65053390421076,0.0018095774914802575,99.5152416803651,0.951887486459223,0.08239190161664267,0.7700098109337945,1694.9497775484986,4855.3531064601875,,,,
0.10740250746260671,81.18974772250361,104.81037047660865,50.40822586182271,930723.7320649034,,57.18488171925167,0.0019264777069808346,109.32242309414929,0.9455768809022111,0.08966167039624978,0.8809804526513442,1576.7500820449188,4917.551941031396,,,,
0.09987979230036909,90.8047895488623,96.69875792443689,52.779594126297994,957470.6349724485,,49.79747717284278,0.0018780909537944885,108.5579283205416,1.0534139502470443,0.09082724918234591,0.8451590908058174,1443.1963940157568,4824.675034677589,,,,
0.10528618485532491,90.33166805049126,96.86922765209967,49.29813429932836,1089747.9881002754,,53.78499914141449,0.0018068587047868985,99.89977219304599,0.9042775416063703,0.08163884704081734,0.86644332229877,1605.4745872931453,5188.837465914218,,,,
0.10285900860717478,82.81712332771463,105.29575711754727,48.803987387714784,1077071.4575608834,,48.14024231684733,0.0019721001354957666,91.57202305801114,0.9385769330754503,0.0874459174839128,0.8338320280081142,1685.40619150459,4953.7838956548285,,,,
0.09650558620750753,78.18140715645711,97.54278779914469,51.903513200689986,932879.594409667,,49.70314621612741,0.0020354160679684568,105.58799807145863,1.0267711866750597,0.0937100227700169,0.8593945402730192,1554.1321129591101,4634.343336461642,,,,
0.10419441437908689,90.36854755376623,108.49770498108444,50.88744065091527,1104514.5871753343,,52.35063202599467,0.0018478051670300084,105.10990222077791,1.0832710405546602,0.08876970012527323,0.8138345462217105,1450.8081651122775,5209.25568792132,,,,
0.10398854589993543,84.22615474189121,94.81866292113428,48.931511682123585,1063305.477442054,,54.64643810524643,0.002007059077623643,105.68322111184911,1.027135445031194,0.08398058758246718,0.8031133610092764,1583.0993353718459,5212.6893028188615,,,,
0.09792987992883367,79.10160960066955,91.29345806937043,53.702723475112755,1078472.7216222773,,53.72426694421549,0.0018927079877732492,107.91364252932216,1.0105554609063145,0.08832268978964174,0.8858649546566378,1543.2750337501284,5014.302213330724,,,,
0.10723753122806544,83.24692219154417,108.35905832439616,47.80641489598617,1062414.603476974,,53.84036807040297,0.0017479155128843462,107.86619903537363,1.0476953934329023,0.07768670311695029,0.9078962964493149,1523.8782815196248,5183.649245756234,,,,
0.09919784136314129,86.20833244743272,105.46526226528327,47.10614718898475,1092503.7934644753,,56.4656384773368,0.001879673135758304,106.48240269888794,0.9966513382890688,0.08514821814664722,0.8119071326771864,1573.7595526190485,5172.526430305616,,,,
0.10903903561000448,79.72071658282097,99.04684468585386,54.65344961902648,1041280.4030192673,,51.63485954201578,0.0019855047241123425,107.94788572340175,0.921272377734627,0.08344553149680467,0.8611706497833592,1598.3922919199792,5131.8678588031935,,,,
0.09498989765798638,80.67859334701012,95.36697880049945,45.50366829401466,1012032.1578666792,,57.98694585624761,0.00201056982183473,97.91041816338573,1.0497539837098069,0.09309843261928828,0.8402878093968289,1538.6031445665346,4849.619781191878,,,,
0.1016597086579547,79.97150830084654,107.95282563914282,54.81261454157119,1045017.1071071097,,57.53201974904918,0.0018705107260586049,92.43908718701344,1.0839234948306218,0.08136941900066548,0.8426561439827083,1718.9929338170482,5030.95112713187,,,,
0.10422466484343505,85.38548919272274,103.55753780574,52.34667204655602,1002978.7707106166,,57.34589771746727,0.0019143798693205152,95.78199797477721,1.0076070172006313,0.08629556033991674,0.8410487698834623,1703.938956476387,5004.598278273273,,,,
0.1004477114752403,81.3830704643116,92.02489951893736,46.7983874251319,1067951.4859083542,,48.85971294456727,0.0018216328718210003,94.38530205442181,1.0363694252059148,0.09323001487383098,0.8677101937191729,1512.723226637111,4913.173556168591,,,,
0.0950635357278261,89.89049530797396,103.02803688023403,54.001554122363224,1123114.8879764895,,50.09027817582457,0.0018434536750522616,106.39437065045307,1.042991398857534,0.08115256540675,0.8081185800309697,1705.9434941422792,5093.287398767595,,,,
0.09439327768869803,77.6103174072026,108.03281210655304,51.53907060061583,923413.7785840468,,53.67300273478764,0.0018730617638638522,100.50007698125421,1.0247795059778653,0.08994712233523112,0.8709139186841972,1493.0774766967388,4559.077563641991,,,,
0.1086803569015818,78.50078979246486,100.63636694851697,53.715499240078515,971308.555000077,,51.91147365078555,0.001983619117294483,102.72266520197317,1.0843801974495806,0.08599651251583101,0.8745040676131881,1442.9868423779553,4967.054277541161,,,,
0.09475838071151123,85.59993205268331,91.78918578816904,48.070340481060555,977550.6795260932,,58.17793573749819,0.0019677024561347207,96.88549135012673,1.0939269371284004,0.08368172834907099,0.8244374422255469,1507.649688869224,4860.538026330442,,,,
0.10721417688128528,77.84080681080381,90.65243635164221,52.293559133227795,965911.8197841643,,56.23504104110068,0.001770090210335495,108.42614910139339,1.0063903471923166,0.08685158792169992,0.9256642394220023,1664.125896923571,5008.902564410262,,,,
0.09790231587209147,82.51238316052215,96.07704299909929,46.275547216146215,929792.0318778865,,54.40855253679329,0.0017241003852881598,102.12047381195704,1.0840910377119222,0.08231158866711985,0.8826850752842271,1625.1583583692914,4780.124521092247,,,,
0.09187915652011672,83.98315204394639,93.3191899188216,47.48763941229547,928508.9175401059,,58.120163346916456,0.0017849807528698028,102.72601603339359,1.0738685722481567,0.0823680010022082,0.7981918368185936,1620.664271703926,4745.8869913916,,,,
0.09388581313177222,85.67813342794696,93.58529594884891,49.32525888826449,1085096.7328525146,,57.606971318768416,0.0020745477085687986,93.6392155689848,0.9267253396833574,0.08568078737153183,0.908559789008761,1671.85453106188,4938.155793100161,,,,
0.0906750269448769,87.5065139419317,99.80398422203213,52.90349628947849,1048979.2883877286,,48.79142294539132,0.0017901440954906415,103.29173918561689,1.0473319378000214,0.08871589925365449,0.8589875912299163,1573.2695772329794,4761.72675205947,,,,
0.10789561207438983,83.59481082978935,105.17307587043163,50.30089731148524,1023646.9579454383,,54.50542276538764,0.0020112832035532073,105.34846750419908,1.0292416197097531,0.09282890608947952,0.7738138244411954,1482.0655994872993,5129.746691724056,,,,
0.10492752665123928,86.69391605063937,98.56773580381918,48.95977873086383,1000944.9358008638,,54.6381153703664,0.0020404444166875198,97.21635586829672,1.07224034866232,0.08955376145300599,0.8278529503185014,1446.5689336676178,5004.150051287231,,,,
0.09961927362687024,89.17553739180805,104.70242365356603,52.95684831077998,1023385.4811431447,,50.56266090446033,0.0018019211287064107,102.08330367959462,0.9503425603307505,0.08897670067281345,0.8970105064104704,1676.4242012963682,4861.344576756979,,,,
0.09613020194427319,75.53210452538431,98.94952412885316,49.67314112395312,1111707.885219346,,56.88060503228401,0.0018692024212706077,101.078850491813,1.0737756323146905,0.08987152224566333,0.8150969439470586,1490.8654669707325,5088.443418746877,,,,
0.10177429031735719,88.17285865731193,105.10186140490141,48.71004406610671,988495.8219070145,,56.65231403168791,0.0017741835330506125,100.89650177288547,1.0504241244554862,0.09075240384786994,0.8065866061863594,1585.8420358482485,4957.164762075925,,,,
0.10951626082016773,77.25477381812945,104.42809618091518,49.41949603946055,1100372.7541712825,,52.42293907047014,0.0018037070101472707,109.56750203357375,1.0665444095882894,0.0936078045203197,0.8899785626495926,1622.5432034451146,5229.271508083554,,,,
0.1038317820982095,75.90850114764804,90.50132871746092,48.053513798448286,1015405.8517354889,,51.25069081134021,0.0020785846618476306,99.05951737639634,0.9323047956728213,0.09454855341714243,0.889913938916522,1637.024177629246,4894.717432183218,,,,
0.10271176308751298,80.18126272988914,97.5354568728728,49.57426129769539,1030530.0078184407,,53.1540124967041,0.0019849042627754837,97.35778377195238,1.0199786593613656,0.08109230135204565,0.860240704728697,1590.8747677806525,5000.702510566692,,,,
0.0949698517553523,81.57123232127628,97.48147604335885,48.32753895954746,984408.4319692724,,52.23594565379866,0.0018817661544784194,109.33992359957465,0.9191770670343578,0.09374137041634371,0.9044178361521181,1519.8343412692516,4722.806888033522,,,,
0.10854282182927695,80.63933520850655,101.74838210932793,50.5807456020546,1067819.2211925825,,53.90312387236231,0.0019481635008338173,91.95953712559283,0.9285403195035004,0.09070411166315415,0.8189197890159672,1545.9388476347383,5105.74548471777,,,,
0.09372579055297886,83.61257001429091,104.52982067631471,46.75168338224293,962476.7157979668,,54.668003940700096,0.0018446005740996433,106.76029703727615,0.914526712579467,0.0798106233405889,0.8068377025345156,1741.2944637840747,4790.142480596084,,,,
0.09161527029490957,83.40947153092861,96.64297368900861,54.866777460015314,1096415.43633321,,58.11008324189334,0.002011233961756038,108.37771304102692,1.0717392225778157,0.08756987341053912,0.8814523654974532,1474.7467731081447,5009.97613590615,,,,
0.0933772815807177,85.66562472788034,104.59631465565045,45.89572022000509,936154.4271625886,,58.40418762920482,0.00205031141358472,93.76303107343283,0.9214742114328069,0.08844954949110073,0.8217252714474311,1544.9651055202985,4627.659234881026,,,,
0.10919025680686756,82.14550516123533,96.62771754038477,47.78916305861971,1080031.9091240289,,56.26181647997401,0.0017529965915877041,93.76933603504908,0.9496025406656702,0.08168168305563017,0.8617807480142475,1665.4150136346716,5238.09035973779,,,,
0.10195383585516132,77.38572593777022,93.91683079941336,49.145754544988804,980404.050119466,,50.194481284261485,0.0018361508773040952,107.80777722315722,0.9704870425701206,0.09242861766947996,0.8272802007584024,1666.7643574268031,4872.444170542298,,,,
0.09052926709774345,84.67224436538626,102.99933875080845,50.512524780437815,1034491.8637322539,,55.034629073412475,0.0018941870540625273,107.094265582302,0.9602264142782397,0.0817183239267183,0.7767626832554003,1725.0358216807233,4903.818989886631,,,,
0.10587572908782819,76.8470914914805,90.76777657847538,50.970602533491686,932923.0361446539,,52.05329727924166,0.002088513561889599,103.81992645695324,1.0353213405323103,0.08317408988010601,0.9055250088111704,1575.555564714225,4884.888116256792,,,,
0.09112471759470633,75.96117246308968,101.76001190924366,52.62415716994602,1030285.4052208236,,54.78283289095764,0.0017877582401745128,93.34944289787805,1.0269258634163372,0.09148659309617227,0.7970741235807539,1728.775828500963,4735.3043649785195,,,,
0.10699228373328942,85.80812266968238,93.96281205853873,52.262187408185135,1112540.5755437203,,48.267037003351405,0.001852932413389345,100.56849030855244,1.005092351808244,0.08267998012757688,0.8899595242486139,1486.9398820302615,5158.074264057951,,,,
0.09687428766556808,85.10068541344896,107.69132834218182,50.573240001845456,1105789.280300951,,50.11505545494501,0.0018147214087488683,105.45908009153047,0.9469976108537734,0.08616639178100242,0.8064264596797165,1513.9679032475326,5011.226930988794,,,,
0.0972806081504423,83.1529920527986,106.83905101476299,52.84908624192979,1017775.7220876594,,53.03675109489983,0.0017908884655952282,100.2932945519691,0.9998904881131648,0.08464454039154941,0.8532699189478102,1728.189939684761,4854.836061025859,,,,
0.10168130189099296,84.25840051523558,104.51594387474321,45.399440650078596,1060951.0632749293,,49.565106841513554,0.0019989263346025764,103.67140708185995,1.0170207967268496,0.08346583986843818,0.8752214243857275,1646.0126348107967,5016.37936390852,,,,
0.09757564103165507,86.97842497110781,91.98568412726182,53.04335366917178,1081830.0031938315,,57.22861497669604,0.0018871887094922197,91.17370539362312,0.9830492071397813,0.08436223046162601,0.8285417724192494,1466.8709518101834,5041.255513974122,,,,
0.0965622798085257,83.28948911893671,101.08590711593854,51.95360049692294,1072416.8641979124,,57.14719921164541,0.0019133397600389094,98.10438404910303,1.013878987349171,0.09023548615341453,0.8376174765436607,1739.3608178995214,4999.73810069435,,,,
0.09528504883780385,75.57610181021779,91.44978961477096,53.42886163969073,1083064.316475056,,55.508955167867015,0.001972171554374733,99.89282614682962,0.9046734387950571,0.09303074138493612,0.9056132073500011,1564.6974368619185,4880.507801606988,,,,
0.10584229817846223,90.8447926840858,107.75280256576268,48.92443020103015,1081523.359318196,,55.64984296436581,0.0017523320068539815,90.67423175282818,1.032641171230312,0.08184861154053898,0.9024530518043202,1660.0436245761023,5137.332994564354,,,,
0.09424834866208469,90.35966976552211,96.54932705781447,51.924682045742976,1119178.0357424188,,53.75485522606757,0.0020878117826765774,98.82898755397142,1.0449714497646891,0.08668962699431132,0.8937401754993086,1445.8045782245993,5004.8053285525575,,,,
0.10082374351529458,81.61635466723185,105.07752848850616,51.894940621212584,990274.345610365,,48.65711660880779,0.0017397420116916356,91.1994947407857,0.9303187461046412,0.08364973953701554,0.8653105680028708,1452.7147724768338,4729.7979930801,,,,
0.10774681487640558,81.36516713999434,100.55711515173087,50.83570230887388,995264.8019011175,,56.96401777392426,0.0020013018491768955,98.63564665014974,1.0611875781679754,0.09099754141588519,0.8580796785946014,1517.893213944982,5029.777772971655,,,,
0.10660184556555002,84.83880579244,96.982750975967,52.719970916358896,1041852.4653506612,,49.05413232782576,0.0018466081040717035,93.73701893669444,0.9030262113646664,0.07922947367735703,0.8285159387208835,1548.2052801458055,5023.8724284044865,,,,
0.09564059617138584,85.69538914909688,99.13504682354056,48.0063506334902,1055745.7765838013,,55.161379051924065,0.001985963611143477,98.85085580320082,0.9706719402784459,0.0915768382643259,0.8492471301348414,1595.194812116932,4913.892452163495,,,,
0.09563426718597637,83.55973899008967,95.42001076197025,48.88230010796384,1069370.7604738972,,55.028207613572825,0.001970454845663264,96.60102487661682,1.0128558803881418,0.09331648450246872,0.7714069268429233,1477.9803198341858,4976.540769770369,,,,
0.10339728338934673,85.12098344983222,104.01476122299438,46.06046366417456,1123312.0741899721,,57.26893936738198,0.0017418926289896788,101.81972044286076,1.0732569724711627,0.08399413063555349,0.8340116545541171,1596.671803612327,5310.6467824508,,,,
0.10165651389007307,80.28085445580626,97.70276259218525,52.17455727680481,987304.0621153442,,50.61771451276366,0.001849663029309974,99.81011580442272,1.0124215360677018,0.0825414456636506,0.8308347132282077,1580.1224687679014,4880.666459624797,,,,
0.09276683435362569,88.26138589777865,106.6277049626227,52.97802521346443,1093554.8907282809,,48.78565589606499,0.0017936024394412601,104.69560793218349,0.9916101869586438,0.07902605671381638,0.8019662402596232,1618.3622225072957,4943.541399220604,,,,
0.10190838406265282,75.65092192780178,104.05546512567363,54.8796683961979,1072594.686964909,,54.784189798206576,0.0019363847884255078,96.15119504828303,1.004798536388988,0.08678414562308714,0.8982047214994326,1620.2087040073409,4978.372013830956,,,,
0.09080157998148736,85.84337133530022,103.15446702103887,51.649981443109574,925008.8561265776,,53.858018545669964,0.0017340473087830213,91.02561402499009,0.9530522435164449,0.09124465438923957,0.8632076348596895,1744.9432625971265,4477.449051018728,,,,
0.10079790538249961,77.37365970223836,105.51892023610536,52.701293849603225,1022992.6934505303,,48.34769622311072,0.001997627838053952,97.46185273947543,0.9982193243417622,0.08120898655919187,0.8996601404086243,1461.3207546045267,4811.623005840725,,,,
0.10422314425028892,83.22201902870204,102.09572870136616,47.31446346903066,936212.7105334155,,57.12908776161793,0.002043370521947138,106.77464271491431,0.9274183734140916,0.08042169819486214,0.8807973794519048,1756.8863371530986,4940.560932528466,,,,
0.09543320594562932,90.19279649664149,99.2422162232044,51.881214425283275,1066229.257134904,,52.8765692750873,0.002074672375583358,95.87673324874626,1.0320800932099912,0.09245181227982428,0.8705541575634086,1591.1726250851102,4887.686634841119,,,,
0.09610988865722869,87.03197120621877,108.42063628198255,50.69838790525647,983545.2398173186,,51.5252300065446,0.0018987988807916566,102.30054597898568,0.9515098787431514,0.08498014694337551,0.9301325982337251,1484.1858091578033,4715.2308622019,,,,
0.09694006977142228,85.54271667011282,97.59131569236197,51.7427962831656,1102651.267258316,,51.817006689397424,0.001958362492342241,96.30887985505528,0.9784767633824241,0.07885553314013331,0.8430741550252955,1486.2949327747963,5014.954176181914,,,,
0.09457283352743001,84.04237561140312,100.03906449218178,49.74042866754554,926563.1188981913,,51.32007631640966,0.0019480180492038365,98.03332104723196,0.9632171014662935,0.07884061563572314,0.9231923745180188,1447.5241306618254,4608.682173838401,,,,
0.1008565832011253,88.16641997445373,97.971221748794,52.01772518678964,944059.3029283123,,51.55389061051601,0.00205847047540577,94.66243655014645,1.0720449153459293,0.08587757633980792,0.855600948810779,1484.2658268957662,4774.3322363198,,,,
0.10818844547191975,82.82481254240702,90.20142740079073,53.14088131447197,1030423.2947359046,,55.591701178905254,0.0019469278740972273,108.85751765536584,0.9208459820558178,0.08359892409233285,0.8372883136408916,1596.6872163415835,5204.3618310399415,,,,
0.1096783972930136,91.32319091682189,93.31818344565096,53.36750003824846,1089723.658610076,,51.14154191542217,0.0017430581902205193,106.89287539272571,1.0574358691334398,0.088263193929688,0.784010680532897,1695.6088061666785,5353.9736541617885,,,,
0.10409677896804737,91.1291458405587,104.62130724916364,50.80937336359109,936426.2380761727,,57.326966265002824,0.0019893273513276032,105.18242698454807,1.0602014230941004,0.08201494131196696,0.8171887508725931,1682.6649340467472,4990.510172268732,,,,
0.104243920541088,89.64754538470493,101.4071835309886,49.57920449862372,1033193.8402677301,,55.992937940592675,0.0019142799382485666,97.95952893503751,0.9396319443412134,0.08631624085220192,0.8658068213901811,1610.0759890453844,5052.320879725794,,,,
0.09735485732824234,77.15955478196912,99.69832492107479,46.88463695583429,1005141.2621257798,,51.25645075415835,0.002085418884175249,100.63283743621827,0.9499801627738256,0.08288754246804475,0.8849366937910369,1662.731026714088,4807.427533828546,,,,
0.10921586572370075,89.97882500023763,97.33138617699514,46.667914004526175,1029168.8890823157,,58.57435036119187,0.0019258146500764576,94.72904109396968,0.9879669173393241,0.09095859053393512,0.8882669861827451,1748.5474791272702,5160.683358342379,,,,
0.10336808160130838,88.24363291477502,106.76901605963994,45.33136877953608,972295.0729038698,,57.30271792296757,0.0018215613784362853,102.07218605820843,1.034283228122461,0.09111540799836713,0.8105665105981016,1624.357772661478,4966.5006902103905,,,,
0.09281762794419153,85.32032985757425,104.94191111429943,47.90659110424151,1076682.170303825,,52.25394189525601,0.0019853385333509104,99.85105174997251,0.9836273611707235,0.08097871923105741,0.7756224140179113,1522.0306865803748,4953.94511458919,,,,
0.10128032072734222,82.97670412950022,100.40632574199083,49.197608586013516,958023.4540132822,,51.438933750340446,0.0020633200385528775,100.23998629730957,1.005462996620342,0.09234731219229315,0.8955476580374744,1738.1623352368813,4778.759380939115,,,,
0.10944607384659798,82.21329093423745,104.21988654009,49.543841286017894,1027531.2420413917,,56.02193318584972,0.00202181898238644,108.70892145988707,0.9521463651703981,0.09341485908629289,0.8142459588125195,1461.6446280285838,5155.076924543682,,,,
0.10325792066243887,79.87980674079346,91.01466352864387,54.656159794930545,1088653.38239184,,51.45428538868313,0.00202358131301706,107.3928444825907,1.0105883966797278,0.08765897876680694,0.8850999503792994,1537.6184437461834,5106.850622216328,,,,
0.10791487619126239,84.85756564596899,101.7825790918805,52.702378654393954,1094159.1077548594,,55.37723469445446,0.0018027294247841426,106.09883766243141,0.9764388046606386,0.08818861063405588,0.8433647114350606,1574.1686394839874,5268.271495837678,,,,
0.09352117915602536,81.80114291332376,105.39716369300879,49.10351347773446,1063008.085405561,,55.63033765583742,0.0018122791064612022,94.29747506194869,1.0134202043768892,0.09295816377173509,0.8342307237346077,1477.323206452628,4833.609178448943,,,,
0.10188803999008778,88.07586913063673,91.73067798363815,51.21922330701769,972573.7384374231,,54.47376905152935,0.0018226221155245186,102.00635412463994,0.902427103201807,0.09164210273418803,0.9020357286195202,1755.1417110254445,4869.727236758085,,,,
0.09709031122972861,91.20209508808314,101.4107646266728,53.4390169772997,943420.4899229548,,52.02366523346843,0.0018767956367281484,99.2760029472591,0.9098182328835909,0.08232468531428809,0.9315887172298749,1661.0589402667695,4696.913069653455,,,,
0.09423448881656638,83.85819030517841,95.22293246088469,51.98778756262398,1087132.7396327548,,55.133616276259765,0.0019180699613803407,101.37640946394801,0.9254882839032842,0.08067004090097617,0.9302922013618415,1509.4039847307902,4933.3313217833775,,,,
0.09389707409018848,77.86114679205289,98.46782920784166,52.30536948967206,1079640.6746656515,,53.2744276560106,0.0020635677256939694,98.0294751001213,1.0545818256575934,0.08874445749772746,0.8547586120769639,1707.3003414844536,4899.440294765941,,,,
0.10441689249943771,76.14709546335767,99.47089622664478,53.238098640783136,1022470.4131421674,,50.52081161260389,0.0018005298807746285,103.5061228011201,0.9065276224464817,0.07809362856659054,0.9180867337568587,1472.2249396999669,4934.593542897336,,,,
0.09924569440311826,78.4220259139119,98.19653206460472,53.54291276660263,1084450.463093127,,56.30974550108357,0.0018650889183576388,100.80858014690122,1.0552729336805167,0.0887591019952807,0.8376792742096774,1580.2115170503346,5070.916628250821,,,,
0.10318453599069449,79.2624580520396,96.3841901994915,46.64035290548275,1019316.1478336188,,55.05255829350664,0.0020889939503167037,108.3574590774196,0.9761314389677621,0.08524869472658478,0.7813910602235329,1519.7736816755462,5101.197520115812,,,,
0.10024378894477003,89.42152198056927,105.70863133100148,51.89407625577702,1036067.2088500705,,49.684576110978476,0.0018450589321255598,98.42340146595912,1.0839733013751118,0.09265235320231141,0.8495737378026786,1514.4144318121332,4888.668568486612,,,,
0.1089689913071978,86.30079063545574,93.56047527668417,50.90253231969887,938239.6886887567,,50.95443469535469,0.001995115109433609,99.02637514072752,0.9141359448755368,0.0942925194812504,0.9148766328960104,1478.3425677794983,4846.828028800375,,,,
0.10199812702128419,78.59724888977422,91.24003207049621,51.39730351597296,1098545.5894274167,,58.40806987728701,0.0020033716648789708,105.14093148308328,1.0081234704439783,0.08378996150994716,0.8079281058307898,1478.5858281175954,5270.471755027407,,,,
0.1011001940531786,79.75486098442289,106.71497914120516,51.22721438313243,1121952.5252507376,,55.51782981924547,0.0017610991768358534,100.7971523836809,1.0649775782789814,0.08715397271683031,0.8472298641472761,1549.76082373344,5156.036615214156,,,,
0.09413133185700133,91.03379802823858,92.4350620263883,46.774010700642634,956114.3892432221,,56.19905155060906,0.001954673848933653,108.7112114137034,0.9828045738558793,0.07878156795233203,0.8777144472323718,1666.152178012739,4857.363971944906,,,,
0.09373029433795832,78.9554575605261,100.34877870804426,52.0580463570925,988783.6509768828,,49.28063883168244,0.0020625243637433493,100.05035541935017,1.04359208993426,0.08888617447348278,0.8023708212808986,1536.8075465044694,4696.296047772625,,,,
0.10186189507975757,81.41012759251157,91.84870827955568,45.157534646461905,1061050.2370492984,,51.4355658005626,0.0019214938796910134,96.20424508433142,1.0171302284530315,0.08139197697237462,0.7656343469731168,1758.7280812351157,5122.93240791791,,,,
0.09481826909993518,84.2526997358462,98.71781444534557,48.21980229269499,1048290.8404620957,,58.43295680884626,0.001983445626856083,96.27593360986482,1.029267083293349,0.08269800655428415,0.8413667091336475,1641.3344539272482,4975.287264984837,,,,
0.09277815191108651,78.81997661966201,94.03823753606065,52.1513551135518,1051467.3386483795,,56.73498459220528,0.002070489561351568,95.1645343807341,0.9573709368140406,0.08022770171560253,0.8065048405224287,1648.05646393057,4916.899818602478,,,,
0.10523054571881055,90.7370040567596,103.25925026876692,51.68488499469913,1070570.176901878,,52.42398630275526,0.0019736465122274192,92.18421809817117,0.9693396433941245,0.08282555421139244,0.8749081404819101,1651.5181530881748,5076.4830698764,,,,
0.09835746799877917,89.67431532683369,108.39008310056641,54.59122271805877,1056132.6714158873,,53.17574840617699,0.001924077106389332,94.97017469979447,1.0824440396612731,0.08682859840702103,0.8927733700014342,1645.1572321851081,4914.2464376826465,,,,
0.10723773949329506,75.28759152282467,99.19080175106537,50.900364325368145,1052449.3472165358,,54.49505738390555,0.0019366613751309032,91.66050516645501,1.077314778519762,0.08280880584846444,0.7838969027206296,1731.9902541867605,5162.698456706639,,,,
0.10846421305161008,83.04546787168326,93.77461454073615,48.12605152419045,1018117.9882110546,,58.624033372497905,0.0020330880346434437,104.28119231526023,0.949158361991762,0.08579894448142561,0.9091094877370256,1459.6212223466214,5143.0904426324805,,,,
0.10074953987817821,80.59112408964216,100.13908357232313,53.30030846847954,977395.6368593002,,57.27205600031957,0.001840078500706003,92.37482982695461,1.0231039635257126,0.08056666036659497,0.8888756997373221,1535.2131581608207,4846.281552351763,,,,
0.09237323502674857,84.77562974870649,104.75324521810197,53.27407373407678,1048330.3085389306,,54.15998282326279,0.0018095884133517224,97.84378159115094,0.9563064394321562,0.08820676530652163,0.8179293582784793,1588.3988653100628,4813.925120548311,,,,
0.10676053919331535,77.40798910659935,94.36684948264558,49.053237208440585,1080259.2082096622,,55.012078718880176,0.001789649786544323,104.35889198532549,1.0147850679529857,0.09154759691814171,0.9043609994985401,1449.3724285757805,5145.874148061024,,,,
0.10128913027887837,75.38316020424473,101.18905790768649,49.79415022968085,939180.1231536516,,50.367531439002256,0.0017108677378243676,95.54807886054269,1.0608738945620133,0.08477407651063502,0.8695379370448166,1562.5300092336656,4716.3754781536145,,,,
0.09035228927632052,89.31633537604525,98.76798586961246,50.46630326889272,1120301.1445205945,,56.82611685835271,0.001735204278352626,104.81117212951231,0.9631894100450575,0.08347221320085133,0.8554610891462465,1690.835683187859,5042.82563902316,,,,
0.09850621923354025,77.62455689332087,105.55891667028648,52.707647329938446,982399.216445665,,58.07888962290899,0.0018689745169201545,90.01695225593434,0.9758195717965533,0.08591722241416219,0.8493190233837662,1713.3714891823156,4778.134871949787,,,,
0.0975420749256352,85.92533036421321,109.8569165690341,48.929757128397824,965377.4368886165,,51.9540223515284,0.001743065698216855,109.17083546255839,0.9718339000942751,0.07930100534633035,0.9130343401675884,1621.706806916095,4799.2654625246505,,,,
0.09835622526210153,75.25694569481536,98.84284323337573,50.370093877322056,994695.79138992,,50.82423016408467,0.001824270962149065,106.61798022888263,1.016913914416516,0.09130981441886443,0.780544956751519,1701.5451005980844,4849.5425306442085,,,,
0.10230732887674526,77.46909773841946,90.7917345795596,52.307969048592284,1034045.2498988347,,53.3863968254311,0.0018144162621820392,98.76224079088534,0.9433878006010931,0.08650402682127013,0.8735020063453007,1666.4200476136589,4964.107663559033,,,,
0.10976514927173692,84.96345488242301,99.80393260303966,46.03144406393787,957243.0328608947,,50.96443218121477,0.0017907120450766534,96.89036064566602,1.0540169306197993,0.09330021134029957,0.8736027802467216,1717.0067299687282,4941.907134750801,,,,
0.10706986637078286,85.41933372555472,95.81721923389188,54.241973481230275,975201.1825902864,,53.73677817323449,0.0018061228548027254,92.86259498719502,0.9889550195828292,0.07871561795781783,0.9168577686492346,1625.9062053773612,4950.224819962225,,,,
0.10800983382688285,77.51740447806581,106.13281780866642,49.918776401777656,1048716.4404683027,,54.52231385650429,0.001866190396737813,90.67248738790845,0.9861728326176745,0.08768694681953085,0.8954475119752623,1645.618722738613,5023.641448385115,,,,
0.09752404766211502,85.95038200940418,103.63073716104336,52.34863397972438,926283.5300519882,,57.375784651337,0.0018974298575356178,97.31281195216165,1.028284936301739,0.09411158993625554,0.8135605494563856,1625.3592580267912,4683.530459819085,,,,
0.09962333790194204,82.19821748561782,95.01115098297018,49.951709835749995,980650.0511562831,,56.72703538749982,0.0018451207642925236,102.51196210637742,1.0215369338425884,0.08373913774861275,0.8268344080070363,1453.741961907492,4923.484512341247,,,,
0.09425734954888743,85.27093139202643,98.50715387379145,48.05198619046613,1018640.3664502957,,48.05009235283913,0.0018123914433227646,97.53931671643808,0.968208252253045,0.08383852848728479,0.8570409632358773,1685.3454003039787,4756.615708562408,,,,
0.100859650305633,78.13333226467837,102.5066758092984,48.0603907894449,1072906.1840685394,,51.457530240652545,0.0017222603851900424,96.11204150524813,0.9249110407657695,0.08593955452129746,0.9009666454624463,1483.6826802510332,4913.82845048219,,,,
0.09147068317976506,83.10270389394402,95.50471047519301,53.200731492163456,959009.261467259,,52.138152978211096,0.0017933216535580964,106.79328279554261,0.9318132982904026,0.09158844076681731,0.8871212865767482,1544.7826820592777,4612.106867821065,,,,
0.09167620067072835,80.15670868549535,100.5899731695731,47.57678984500857,1034221.332947955,,56.371581159837795,0.0018321990014444436,93.81100971450358,1.0753987829028964,0.08651567327537546,0.8387462848740973,1689.1231147448225,4818.69869605886,,,,
0.10307480970606771,79.76819786873934,95.87763272397017,47.44879576745396,1027178.8651935983,,57.52768982060173,0.0019079690987224905,92.6590995846805,1.028679181243692,0.08239381651412432,0.8676386171984761,1488.0298626847732,5020.221017440904,,,,
0.10090227481841768,83.61259565868033,93.34696790702476,51.64330968680497,940189.2419556887,,51.55396440949118,0.001970718106234937,95.26469862834158,0.9489057194215534,0.09234883073739597,0.7781597660178604,1508.6259013249912,4733.042696438957,,,,
0.10130442267125064,80.10063291256584,96.76286017591022,46.725135113510916,947185.935068264,,54.05243008833573,0.0019231477892532572,100.87927415596008,0.9361783907834251,0.08447979144793179,0.873446645632251,1595.5247757188797,4813.3353551132295,,,,
0.10027069413841322,76.11067239981591,91.36068167723664,48.36855771697417,1014524.5647482835,,49.17497159926371,0.0017806045749650362,106.81170726648736,0.915876363670282,0.0853761965851315,0.9239620343842593,1584.5088437651004,4860.315854508438,,,,
0.09038077737781597,90.70204118366817,107.3785813886901,51.52018033244475,1001233.156930846,,52.85923748517974,0.0017333229419588525,97.71892910579014,0.9992646054193082,0.08485877359699685,0.8842110574625374,1587.1365913819855,4674.487204562935,,,,
0.09728297613178787,87.04283173046242,102.51293526214225,47.83308160012224,960492.9367541763,,53.665273936605935,0.001875385899493066,95.44671517933638,1.0452491135477042,0.08952959704575346,0.8356461754745135,1606.536276301495,4747.216291772522,,,,
0.09943715193134262,81.21025542089777,90.0339597024813,54.25385992678756,965749.2503237223,,56.692963669000626,0.0018830256346598524,94.36212330114641,0.9854024979266861,0.08079444907907464,0.8552563218968577,1750.7244539583317,4855.856874786828,,,,
0.10498499420162506,81.04092483645086,93.9776993597185,49.04226066927264,1033840.454710146,,48.251137652971735,0.0017485402468259482,90.0615769030672,0.9507758800817628,0.0789661148647899,0.9089296501527833,1497.076335874704,4911.797165731572,,,,
0.10010654055771553,86.57088189981792,102.80617362315678,53.4129566999488,1084089.232302134,,53.584829678468935,0.0018182009941500143,98.81290226807803,0.9688085816841644,0.08437549898372333,0.9314383150797579,1561.258048291261,4985.992093841674,,,,
0.10295299698929004,84.06589568563118,103.15261142834228,54.862128415399816,981070.2635506258,,55.96643357466921,0.001861954487027064,100.90076037084957,1.0042877860825807,0.08590752678331444,0.8470305832054216,1760.3522263439534,4940.371273919243,,,,
0.09968266601679555,81.40860314524541,101.44009574442447,46.27075343533414,982977.1506153789,,51.00088961960463,0.0020009247564290048,103.32002290403386,0.9054105137968794,0.08846774077626905,0.8246791133884902,1548.8419945452997,4817.327616921175,,,,
0.1015867717762568,88.13041356050083,97.91742129865693,46.69074468775291,1052035.704712588,,52.81008915365601,0.001957989567756904,90.16301729033415,0.9345125792747486,0.08863029541120328,0.8175423243087205,1757.4560194211376,4993.804623736322,,,,
0.10524028369946044,77.985786076019,98.46831654177096,51.59882912835037,1107768.8924117566,,48.48303634869457,0.002031246352153748,107.81132112879313,0.9224913475116688,0.07907354690754868,0.8474534031177825,1748.0250169205667,5174.710353099977,,,,
0.09017402913704736,90.47835817612051,106.7770798510618,46.519661042698495,1114642.9212032356,,48.657065404246225,0.0018583412122234564,95.00101873270953,1.023982610799468,0.09187457580428632,0.7804151273351534,1546.7874086229583,4866.7919906107045,,,,
0.09117202380763453,80.33861232353976,97.14433253234256,49.84295279552557,984013.5170535867,,51.56576201850538,0.0017863182842761537,103.8552576791284,0.9974203063665136,0.0856321065755858,0.7938120582333146,1736.7256095810976,4727.66236197101,,,,
0.10694964042895112,89.90701642796232,108.86300714529101,54.01417458069946,988120.7194834144,,55.166637581918266,0.0020284637469177615,104.94281793404309,0.9447961256431502,0.07861556291076453,0.8064610980792961,1452.9414603258915,5078.497253283638,,,,
0.100574865808509,80.36902678586479,95.61506501293495,51.921939065102926,928863.5074150844,,48.98871294372822,0.0020556603111322896,95.40632939402595,1.075943029094394,0.0811051320852662,0.8175260738083059,1583.309228090498,4747.286651017329,,,,
0.09105648330605828,79.90435928709279,104.2105579617863,51.822667875090126,1014121.0004457636,,51.66021608331369,0.0020489387971209198,102.49052440165893,0.9660610197637739,0.09159020564972921,0.8925834591778958,1607.728215515786,4656.858033823328,,,,
0.09527118429572844,79.6173578635478,109.03606640680523,47.09496701009759,923568.8711629899,,56.70563069701954,0.001797263179372872,101.43173411172326,1.0400228445105562,0.08721866057514369,0.859838536305914,1673.318342567443,4660.52923627603,,,,
0.10321981273828114,82.44965515602676,99.71286415886794,46.402737327254734,987554.0826954739,,56.02992492129903,0.0018896654137643965,107.05401198547624,0.9546708747065574,0.0854806379893902,0.8092418857619205,1581.1458833019494,5017.822973691478,,,,
0.09831527259933294,80.2535960544024,108.09491381571543,54.69398245861476,1082782.209231514,,53.61538189125974,0.0018348706186695103,104.369074108247,0.9287793284831665,0.08537580264335307,0.813439830794014,1650.1172249726724,5015.2992483328435,,,,
0.10900459562211842,79.1606640811814,100.1719658453891,51.25308277810935,971690.9211995915,,52.53656902411252,0.0018485569338019456,105.7064840854494,1.0429256233618578,0.08426936639729199,0.9032889684416137,1582.356503497478,5005.62692289019,,,,
0.09466330803659558,76.55530050174589,100.16690376266406,53.1625447515637,1090841.4359371576,,48.66967324029114,0.001854439563222443,98.68501057581996,0.9778080161899703,0.09021632592931843,0.7990890791346585,1686.6759357646552,4869.784541535819,,,,
0.09755467510159282,90.45355020809627,98.11944955720132,53.40575436235273,1096699.6918039164,,52.86551884873206,0.0019185164943190391,93.70714349351806,0.9341150528749054,0.08430876827743645,0.8493505067306154,1543.4738446059323,4994.685829363547,,,,
0.09122016812428782,78.62580191791577,100.54444341322537,54.02454937610334,1069639.425283584,,51.46095894494117,0.0017894595518291288,109.1637069038349,0.9344899693934602,0.09341187444332535,0.8885837238836638,1646.1439448107753,4783.20846631856,,,,
0.10620133598427045,75.20916282011758,106.91194949159397,53.77656906597005,981399.4994459884,,48.71601197563515,0.0019383326919242647,92.32277907165027,1.0327732900415045,0.08658678398681885,0.8895323258362826,1566.0095444023839,4800.89744499192,,,,
0.09900263131888089,84.34919737817819,107.87221853743998,52.14402159887771,1013762.0459222788,,52.131081894926695,0.0018377140907233458,108.31065295432052,0.9309944435042385,0.0867289360961152,0.8215335936990453,1725.4902688622049,4912.272271369539,,,,
0.09024413272824185,80.47918328951394,92.82019662958679,54.95848374001081,1101778.4182587466,,56.05437749624697,0.0018113067840170886,104.53141946783091,0.9448772446283275,0.09271284793541307,0.909544763923085,1616.4200700295007,4873.55629304173,,,,
0.09151689331387816,90.39400487164475,95.96685629366716,53.22190824613223,966606.7499619497,,51.08242096392017,0.002081178604076634,95.52606592130542,1.017288322779644,0.07843559543635838,0.7719178761593323,1496.082841534386,4718.98569426817,,,,
0.09020796714124048,88.36059984623819,91.92667061955375,52.08810299187262,1029183.4949892812,,50.3916896796183,0.0017317328165276002,99.39721519744556,1.0528762414535406,0.09041447187979545,0.7673111203902321,1535.7760378957232,4786.292686634418,,,,
0.10417346563580768,83.02784999835777,101.33957615613515,47.18159784713522,1075088.3914980416,,53.622442078772146,0.0019818572047551816,92.8887850818483,1.091563958667666,0.09142401250518865,0.8612659394224375,1690.6903923397774,5077.235854728837,,,,
0.09530835681883787,86.06645701264247,102.25988466689462,47.570293455442894,1056293.6898985815,,52.39481929318825,0.0020336187501695997,108.05367998266749,1.0120074590066672,0.09342449663862051,0.8687336767006404,1707.8808599614665,4920.203174931188,,,,
0.09405736528670182,79.30181716032581,92.54497034796495,54.33890131743511,939567.6122011545,,54.90528556081664,0.0019603233773581455,104.55258212262639,1.0791891953967716,0.08687762143510544,0.9143310307631269,1575.3025389744946,4681.312982143708,,,,
0.09010097469044137,84.30808725120475,91.77664691099925,54.59013736258673,1053304.2591026742,,52.40438350600994,0.0020100997745806284,107.96168242659536,1.0723806550214623,0.0863703505413963,0.8194969172950364,1592.9032840622494,4888.131315436941,,,,
0.1011221153459057,83.05873403709099,96.03352366729713,50.976561291439474,992093.8099150391,,50.52453019321786,0.0020823941763900896,98.37412558866134,0.9687487450839972,0.08876882717419557,0.8934871187728154,1468.425438785851,4812.841166435921,,,,
0.09524956100203368,76.65879241340629,105.94176999670792,51.581712151457815,979376.5471742273,,53.93581662044488,0.001797759113032451,90.32532816395538,0.9266592064870522,0.08629171342077371,0.8903917520122628,1586.127967101902,4621.430692762256,,,,
0.09960984844041998,84.65049483750515,91.15246687029418,52.39108039809604,996934.6964688379,,50.08618197705708,0.0017848051151008895,90.65407073355341,0.9207438788543891,0.08563626051501504,0.8607238259390677,1619.256030235966,4784.202635450197,,,,
0.10578138656750063,79.63097292691246,103.21721100764243,53.05537179235873,985400.47825956,,49.899148417784346,0.0020881202120000323,109.15613828806036,1.0155464196255901,0.08753485421469291,0.9343545934646443,1565.6947799982713,4917.00840838456,,,,
0.1015194943889014,81.2483445686932,95.83322569414354,47.116575732148064,990404.176302714,,52.20377129170285,0.0019026106326926883,98.72906538955954,1.0650333264902412,0.08033171514199249,0.8622428778294726,1651.4237579955275,4931.4887476954755,,,,
0.10818867979795957,91.29130668236795,96.55188256971505,46.97374180849294,1031640.2035170234,,55.19329870741773,0.001977067495394015,107.02885443289235,0.973644385816157,0.09462492638184233,0.9214123903268965,1698.1669582280285,5141.7817189191455,,,,
0.09697809147037617,83.69982092898815,91.82161692505659,54.80509757583434,1087190.0533373803,,57.174214288276424,0.0020182327137078285,92.15658874130793,0.9244559628751687,0.09163320474827427,0.778817141475204,1635.842721053908,5035.176812823537,,,,
0.09366633699552462,90.70292012536105,103.65514997923444,50.147693240606586,1081593.5796270748,,53.44881266999624,0.001722233885254489,93.48287954024549,1.04217759216837,0.08559125571462549,0.888416735216881,1645.407992085641,4889.23225002776,,,,
0.09178421540185067,90.75435613027003,100.67078363558275,49.13402329573418,1003328.4556912979,,55.09944790387875,0.0018912002978984203,104.9460218611894,0.9663963198514527,0.07789787067942654,0.8875320582403156,1637.0804054131843,4828.66731212953,,,,
0.10805084710558455,89.56932530468362,99.08026677149499,46.0605933996888,1043061.9121787064,,48.63196664991634,0.0019854437327651397,95.68680901428979,0.9719292900855729,0.08456728000317204,0.903762040920525,1542.941389470644,5041.882732184129,,,,
0.09452880619431608,87.04496510229188,100.48518435359361,52.79403348947537,1044896.270114305,,54.496150057959035,0.002076975891668446,98.28893958332185,0.9605340385454876,0.07985566200906406,0.7686298179206361,1562.4962850899217,4960.996915143151,,,,
0.09780596632393526,78.78523879791138,101.6399460799257,47.521503424646696,1040626.2727554792,,49.585590163179624,0.0018067708763699485,97.70461978878376,1.0022865840878794,0.07989918383084743,0.7668408785124898,1698.9814978648606,4937.254776194503,,,,
0.10749987877384136,83.10158923003443,98.45362128031461,54.380576178534625,1101951.652291649,,52.568415349549284,0.001855499338570022,91.69083877839063,0.9491379562034551,0.08505207557951926,0.7972563003716737,1492.2702442655589,5183.686895485416,,,,
0.09648880092970429,86.10448258409579,102.95449265205885,50.421848895014286,929655.3341284351,,54.35313540038955,0.0017324004352247643,90.54025143573439,1.0294985029289139,0.08990123600481774,0.831166989234647,1531.3328015918114,4623.218767439788,,,,
0.09398523652363147,79.98448616136866,95.30572683995004,51.39890433969968,1096274.631284642,,54.7824616870565,0.0017352675500994445,100.73026210328044,0.9660618772486873,0.0775767491862638,0.9246662551435447,1530.980088673516,4945.376095347744,,,,
0.09368535363338543,80.19269935999976,105.6011989580392,48.03489106168061,999346.3946938139,,52.9332560913823,0.0020329857433587545,93.20660369154822,1.0210946562098138,0.08184618905101114,0.832390874388572,1656.0329531408904,4741.851749359165,,,,
0.10795473684208562,82.53414011275137,91.38961240641052,49.99273229177753,1018425.9331408279,,57.78534881984631,0.0018059993192538811,103.13201527962916,1.067132944141334,0.08365170544153085,0.9095907936784593,1559.1254994269539,5160.132310190468,,,,
0.09741909851370663,81.19616793406959,108.62725491193812,53.43401196195793,1026278.7803643744,,54.157167005743574,0.0019293817731232063,96.3398322441213,0.985279861891961,0.08394312862226924,0.8661682456156011,1670.3033479466546,4840.752952209164,,,,
0.09975014850457761,82.79396151591122,108.64631364090212,54.74831092557486,949431.6697744728,,54.901621662620634,0.0018206202303371838,95.76280550273142,1.0535261331071313,0.09428587784667683,0.8768441184815003,1603.0441623463503,4692.0652766573185,,,,
0.09287575191564071,77.96179553420815,91.3238256437017,52.33021653850912,1013603.0416787359,,49.30214281751246,0.0018590384642422385,103.77706004411382,1.0948064030126365,0.09045474235585109,0.860008958943653,1564.2609365562057,4741.7456568128155,,,,
0.10322822672448698,77.95979227967925,92.40132107267287,49.46675615751351,959990.6646778914,,50.20806392015332,0.0020683360774242194,94.60181460116345,1.0400092750747711,0.08624564120514494,0.9217645795352637,1492.3839421080586,4784.8793633032365,,,,
0.10372620941409139,79.22073699530247,94.68098061159739,45.12457337902158,1026221.1450438099,,55.795025832229236,0.0019479259949196236,92.61865150500198,1.0338657949898455,0.0841014031444016,0.8230652943799602,1557.2943473371413,5044.1985935691855,,,,
0.10610505468003294,86.77041254752588,100.4515761227089,50.84573047541443,998996.4600299262,,52.199060366715365,0.0020523379775272766,107.56939741906595,0.9769178637930785,0.08580469066987664,0.7709722011474862,1636.8728359942727,5091.326427020223,,,,
0.10288502178549984,90.40481050953905,93.5707762454009,45.14777428354668,1104843.9564412048,,56.4840013059946,0.0020512535847646072,104.66362162484384,0.9786898556184708,0.09296005580755651,0.7699807219235937,1663.9852876641692,5319.2181884464,,,,
0.10155513477747685,86.92625175414759,96.14328882874983,50.80316743469222,1125461.5170051367,,53.069083527508155,0.0017891059103988924,102.14058512414952,1.037733798962268,0.07784016403577987,0.8452205229878763,1680.976643629342,5240.377729131481,,,,
0.09606457905054482,78.74120249966698,95.96825161138221,54.47778961517849,1009960.1351849801,,54.960212445664745,0.002007525197491324,94.31760654808775,0.9670408004330233,0.08021621514795878,0.8832298858393717,1670.8468610738048,4809.523714094783,,,,
0.0938247205520478,86.37757143752549,96.03804440344156,51.24234197329388,945569.533649113,,52.16840705893947,0.001950764056312633,104.96417503676084,0.9561066264768436,0.09280289334032785,0.9333905625362167,1473.8823572135082,4619.242236592591,,,,
0.09147205843987988,82.47967785429908,97.93495432577181,48.503959957812604,961814.1825621757,,48.80057867886095,0.0018604662660046763,99.99735190282225,0.9807283947625274,0.0894823355157816,0.8293444305659967,1547.3137177508215,4594.441482665313,,,,
0.09838033155918743,91.437507216281,92.1353132690786,45.41554548353419,958396.7891245671,,52.01329493015893,0.0019256242296297771,96.83439203782001,0.9823067935178851,0.08200836982992628,0.8123087449549197,1693.0647563833286,4851.306264980937,,,,
0.10796539564660784,85.61585172984493,96.33065696227384,48.70737590464854,1008460.5743555147,,53.9105032941112,0.0017439136469520275,102.1493694342867,0.9004108538250298,0.08770021053414769,0.8780000268058733,1723.3512022863065,5061.502883569585,,,,
0.10442455124056393,86.60077696187417,90.51065925069356,47.22069770725522,1106363.686501536,,57.56768118237145,0.0019364926404998302,99.51108451842288,1.0656602262484147,0.07933425169311982,0.8184337519394211,1561.559762893944,5361.665140886661,,,,
0.10843155960615632,83.0626241933525,108.18292780324616,45.5393549739617,1009370.9615812862,,51.24136932252421,0.0019636075191239452,93.3683310879309,0.9205006324706114,0.08090409674351601,0.8192041342117947,1688.117080283694,5024.6172697894535,,,,
0.09956330155843862,79.641785847626,103.63640893334498,49.1437761701827,1051763.6856754757,,55.24752864813858,0.0018157484474573668,99.37200582622366,1.057238725042364,0.08391865313889754,0.8483361519378207,1747.6511440623246,5016.619625440848,,,,
0.09505470575780885,81.82627265012106,102.98385036890674,51.23762698950859,1034957.0338748819,,55.56762240908273,0.0018419425558156726,94.05426048683951,1.076165040708955,0.09036891204815152,0.8240688393560581,1640.9718739696436,4852.747487346505,,,,
0.10826054068219433,85.8348235473017,99.7256944951804,53.39136250667663,1030617.7411512625,,51.273656819007776,0.001811080985403209,109.18499306471175,1.0372655332267584,0.08860713309537517,0.8653148106867508,1746.1089053737196,5134.420225505921,,,,
0.09730676009169453,79.43788419311204,105.61035763032449,53.118793286021656,1094426.5071570866,,53.401826406658486,0.0019114643121487694,102.67612926817553,0.9876399603613377,0.09474153511579586,0.8213025896852775,1675.037713384783,4982.02218852299,,,,
0.09079430891168483,91.00478819975778,102.80525358906365,46.82923533856703,927449.9432232617,,52.17112814435074,0.001999745174178541,99.04704933980068,1.0351598416171173,0.08391581050363228,0.9154611633462916,1639.4307246484896,4585.793078646442,,,,
0.1088127629231466,78.08915299426505,108.91065711978607,46.161326022245994,984903.7885133438,,52.34064160257651,0.0019235083461762415,95.4683434757673,0.9131391341312762,0.09426758982941968,0.7966321750056251,1642.1993214035128,4920.898332362725,,,,
0.09514887675523741,91.61391733640501,105.63681005277874,45.16146503126007,1062110.9998408826,,53.19735641694622,0.001979370769615118,95.8983907879046,0.9399110427759897,0.08111296436613731,0.7877746134478812,1589.6188444466243,4971.768741480653,,,,
0.09621684863288804,91.37760694438562,105.44131763946487,48.55875123190384,1101591.5705180382,,48.6913676943812,0.00192880980886413,108.69285764062577,1.084325038999392,0.08156774024437095,0.8485924723127811,1706.797160130828,5057.781642931242,,,,
0.09120453615819919,76.32540764106297,108.74513837027638,54.99848308001422,974996.0992641551,,49.848036884247655,0.002014784096201712,100.01568275944568,0.991826805887146,0.09460906655724312,0.8218985412516887,1615.762286406176,4540.009253295498,,,,
0.10293503777224625,86.11011508922158,98.2522580513542,47.43935742406769,962914.9297077152,,57.75919610520127,0.0020806000230643097,102.40279063226674,0.9185813277956107,0.09455335321265364,0.774424643858536,1612.884240655105,4920.125955000527,,,,
0.09528796385360111,80.35700754824303,96.13841592285314,49.657524250508814,1035702.208514378,,53.02602052530771,0.0017375897081832617,104.36878181406564,1.064454264723305,0.085408062826155,0.8102600155876131,1749.9255756604718,4942.432792839928,,,,
0.09960065567659969,75.72653161265418,107.232600041215,47.07199923828716,1067356.369268177,,55.58939706327255,0.0017613144645515788,100.33623386071233,0.9383006511765971,0.08922775735874419,0.8902323090393717,1619.4689146887379,4946.302201438402,,,,
0.09557360503901718,88.25538582606886,103.2826880409122,51.38459908647154,1025755.5331429235,,53.275523806371886,0.0018547422527212627,95.10135550563912,0.944223498058211,0.08250692668765276,0.854319571818119,1745.9521245584513,4840.751386328747,,,,
0.10966316027252417,89.03930235529252,101.28656181678312,47.501189248143525,1066048.331402558,,51.12005915248138,0.0019061449781660198,109.0873041883829,1.0168274133012882,0.09113877675339828,0.9015474429541308,1691.992640955021,5207.179369688941,,,,
0.09774080905282577,78.23796576863735,98.97304931074399,45.80904332133422,951389.1912662919,,57.96333125498965,0.001988246266682573,103.27741714319536,1.022498227971642,0.09178547143815505,0.8846550298276048,1670.0772166323154,4774.835047382192,,,,
0.09777974465086248,82.80422896418811,91.09336903640097,53.43985133103967,1016749.1070436628,,52.5986575855081,0.0017301517069403876,109.93618527897955,1.0029835554149595,0.08564405843120294,0.9180857015641481,1588.9207018203463,4904.788206405136,,,,
0.10639975975458893,89.9692468053296,105.6428687276694,47.2343792706377,954904.2684919558,,48.31736911932475,0.0020022024814257302,103.06872818548473,0.9505330044227547,0.09326115376911746,0.8067061116343468,1671.7158705423071,4883.780596557187,,,,
0.10241463829887415,81.82465332414017,93.82584387814393,49.52868198904737,1072734.5028106964,,52.943872488538354,0.002030318265039715,94.4431332220262,0.9347634841318709,0.08296159944380939,0.8891452324377606,1565.2536863307473,5021.82972844466,,,,
0.10738772544654618,84.73303146994799,97.77659392578934,45.48694966576291,1030331.4736021535,,51.715348614154394,0.0019273127904607256,96.5177714846796,1.006601758671079,0.0853809424492017,0.8025463570622522,1674.209303392157,5112.312840926877,,,,
0.1009222175456954,78.67771649851747,98.14395834542226,52.324983654472604,1116696.5289810859,,55.568648795269155,0.0017626015822075174,101.67920247537468,1.0155454558871684,0.08509614299107296,0.8682209796205048,1586.6189310337509,5147.246859541265,,,,
0.09384622090121675,82.29509174282548,95.04324583459494,45.32202076929694,1112898.725974225,,47.992934731417286,0.001952071276068403,104.80256737069635,0.9856933092434252,0.08616770655595522,0.8385945455396693,1687.9487680755472,4968.831102410545,,,,
0.1082340253501716,75.86142910583665,101.66423156189941,50.46384525435095,967939.5771084941,,57.05424871465963,0.0019040361277693897,104.90067509480825,0.9571293245569596,0.07824828983036372,0.7974479499376436,1492.6364849064423,5072.504226481614,,,,
0.09645907271805568,82.26327659596998,95.12246800583561,52.34503296133969,1017115.4792296009,,53.723567717404585,0.0020215379648547737,95.71382447669986,0.983141708335592,0.08926939912887329,0.8992221282520103,1552.8718637026839,4788.350365419543,,,,
0.10117788485329604,89.0321182249259,104.06751681458817,51.05840467825511,1005480.4097518149,,50.8264297967075,0.0020065801984821925,105.1641791166276,1.0422042683541268,0.08499360830590226,0.790559913046036,1593.421315183098,4980.180411379185,,,,
0.09519368024959361,79.6981456360341,101.86712224485306,48.00059154088163,994651.8310804815,,53.41590098998102,0.0019843625447315844,106.94429068887194,0.9545966000638433,0.07918914248923736,0.8276438208572865,1686.1619308602824,4858.80643421047,,,,
0.09103496701718294,80.03152699387884,109.79050922070488,54.0239042271554,1040297.9995158447,,51.18540495782842,0.0019384217310608872,105.89257242197421,0.9875137257983572,0.08127126032112826,0.8348414346990406,1727.0661432626448,4789.970919163978,,,,
0.10623585656764101,78.03441819262187,100.64533992069448,47.1593138408776,979807.9531808932,,49.77122453940782,0.0018757021041797533,93.52479561839841,1.0085049500465795,0.08792689650416813,0.8831593574210347,1455.361456753024,4843.329087209595,,,,
0.0918994020030656,83.66715116445758,107.65303380124482,53.64140964807164,1074871.8806215164,,53.25228754902229,0.0020765694340153552,100.60161985122316,0.9857963529229171,0.08518994079470406,0.8734707141371635,1489.8321089673232,4830.137716808173,,,,
0.09283249943631044,83.6124082804658,104.69298181336724,51.95938681873887,971997.34046058,,55.28561772461139,0.0018333318962597104,98.5929519940114,1.0217605272199202,0.08099592358603369,0.8657701370201975,1561.4588131549037,4711.834382967034,,,,
0.09248533945820914,80.79517061080556,98.75691225763117,45.617360053933524,1040532.5029347438,,58.32884075903557,0.002054194086791672,106.27391480041402,0.9010182362943976,0.08868445497196066,0.8826321037014203,1616.114347161233,4873.796549420409,,,,
0.09627698922114414,81.36313045058519,103.85692367158865,50.82976843864731,1088990.650130903,,57.38646787339465,0.0020518609276833884,102.65995851098009,1.0502690956020986,0.09174714514053695,0.9202943939456991,1645.5853663974285,4986.010132245096,,,,
0.09341364627718901,79.28726052050627,90.08191528611601,47.184418301538486,994985.4196580229,,50.40837779174353,0.0020104918665899913,97.9615508781386,1.020249618315068,0.08013223148199769,0.8202670733332927,1513.940649723825,4771.307013661294,,,,
0.0992243613694021,85.3993422140704,104.12137252134657,52.99089276427008,1042212.7829128837,,55.726761525058706,0.0019902293731851564,103.77790248659507,0.9606114021786017,0.08778191274283409,0.8278672235801785,1486.2415823440615,4985.702263444925,,,,
0.09825158562451042,90.02108763207455,102.40554705349587,54.9991518179507,1041832.4854529143,,57.48098322872143,0.001917032837650359,90.29244134676892,0.9682183185212734,0.07990012902704487,0.8541122994000728,1703.4632134131432,4965.578448863065,,,,
0.09324018542798573,82.89125664765308,102.0136569251104,54.41877286536994,1016105.9289668328,,55.77449160526116,0.001909303200523076,108.85704964402714,1.000761674547832,0.08909920461819411,0.8822160801539877,1660.0693075892439,4823.414983587305,,,,
0.0919689140836707,87.57698472692485,101.94589297181057,45.976119461507494,948685.6887718264,,56.08878660588803,0.0018622445162548196,103.54947435869015,0.9779754798556317,0.08415047936236861,0.7789031556354771,1474.5548778217064,4732.891416975263,,,,
0.09526871726317966,79.28308444728926,92.36260048417468,51.575925057156155,1064015.8630185716,,49.31738059758245,0.0017219982579229109,103.48036705232704,1.0354014684011479,0.0811019375399835,0.8410035398135207,1661.2019375024483,4923.9006455100025,,,,
0.09809934192815434,82.05775820822048,98.8241554200194,50.746105153219155,1021186.9758095967,,51.88063575841122,0.0019115752171068611,99.13297269012644,0.9007449388976984,0.08849167812720153,0.9046264954398252,1730.577118121915,4815.369976077435,,,,
0.10253474456647327,77.90276719343449,106.89802432662583,49.88886988574473,982313.8011637965,,53.30145476562824,0.0017901524904162395,99.35247633197446,0.9453655912482997,0.08802059294862022,0.9237921289676361,1513.4093042955194,4796.299778526025,,,,
0.10835376504637834,81.93200052101358,102.71021092916925,49.441223612419826,1111435.7758990866,,54.07116688953246,0.001834260854802398,104.49968079588245,0.9842862619924769,0.08038935463086745,0.9044936179900641,1542.3338795579248,5262.9617650704,,,,
0.10676648619402025,81.0973501544125,93.58115358940292,49.01350161709498,1032463.021917715,,49.149955078488645,0.0018266681036073593,96.40667783469651,0.9838689077570894,0.08049904437655442,0.7691383354916179,1447.5245270844528,5075.513184135211,,,,
0.1041021550910769,81.09462566643978,107.66586069058926,52.343247361907174,968920.266328695,,49.4518909189668,0.0019782156006041348,96.29446502191435,0.9890732897765674,0.0830146296524255,0.921368624022992,1499.3334710004974,4784.484350741123,,,,
0.10346835748119838,85.56324439487867,100.88739062663512,54.76991942532678,965242.572800651,,54.83891725744977,0.0018319716123876336,101.6262396094489,0.903608766171188,0.08274499458278294,0.8897554492854806,1671.9035103516046,4888.435071276981,,,,
0.10199922228372926,81.36532275933637,105.86784449130215,50.830688506950004,955770.9355115456,,52.78754083221254,0.0019430270680766495,107.23318048210537,0.9383804471496259,0.09285147646412811,0.890088788222898,1551.4428169066127,4783.716311797986,,,,
0.09519781337667269,78.33640346362368,108.19665509290179,50.50509039589628,998076.708848006,,50.791518464052025,0.001957578653705419,97.83753880705508,0.9337071608876394,0.08236794095408381,0.9023844379458891,1736.366260979148,4697.527341731582,,,,
0.09371285674186092,86.35446025204381,100.9421218757995,50.02917510715241,998092.155969877,,54.43914141156976,0.0019305925741269255,94.53229421151327,0.9312057967017695,0.08223308671767701,0.9191660956890492,1661.8928973799918,4726.070806955227,,,,
0.09522704921169793,81.83321237889905,93.81154403436538,45.020537258092546,952524.8783606369,,52.780033331455336,0.002024574561527749,103.925299150891,0.9171278895998503,0.08878867415048881,0.845757832819097,1737.9844471874273,4727.254281079033,,,,
0.09798395418592709,88.28968008283866,107.05673364887647,48.42600255472347,999732.0518731608,,51.51536841835406,0.002043438239714787,101.4209016226798,1.0198850181941597,0.08860352907480216,0.8321876878369223,1572.1459038497724,4841.164146838488,,,,
0.09811948846167462,82.49561381559658,99.75651659768148,53.430624601473575,1002111.8803749316,,54.83294333164308,0.0017235507149750571,94.95101052571687,0.9889358885048074,0.09339769443820047,0.7935499198177183,1670.9342924578998,4822.930699680417,,,,
0.10219891703016444,76.60992182246264,96.47398572538589,49.272683720425704,1114850.1041362614,,49.12686218869328,0.0020154411365328863,102.07003726259256,0.9767975860427761,0.07876780567792921,0.8044585702429394,1506.8201777922752,5138.52444812584,,,,
0.10156913234335585,85.17222754884537,108.32095007708793,46.42882110497517,1063408.0419657223,,55.41881008107328,0.0019286724108117318,102.3272174276216,0.9964207232656798,0.08355036315012686,0.8440031249631873,1583.4569119980563,5092.131185014537,,,,
0.10892709536626394,82.79529482873636,96.89698676045401,47.35211971649539,1002414.4209404612,,54.35984516296082,0.0018178258401261326,96.93381444487142,0.9137759440367987,0.09213595442841413,0.8967813527982922,1452.0282495633676,4983.250024439648,,,,
0.10125193766124868,86.0612132731716,101.79351553634383,45.7201744388385,928772.0052835519,,54.72003101178817,0.001859955619250534,98.32155247910612,0.937042757815049,0.08462166499019212,0.9103124530503286,1623.8354996071932,4767.638858214767,,,,
0.09328286749673392,83.32928580360598,107.66287986698038,50.79692801444248,1016733.2421374212,,52.047941110014875,0.0019222918793498501,103.45400072809909,0.927672888792584,0.08261086546058745,0.8369019955487207,1446.5948078630502,4769.144787424872,,,,
0.09937196408622816,76.92131822899493,97.14954540066445,51.61810169665853,935690.3591392878,,55.16849794015141,0.002079113502117024,99.51073448341143,0.9582964938850305,0.08393342481370898,0.8759827359575411,1601.811867946809,4740.414907922844,,,,
0.10410272681797464,81.69813861018612,98.48679339371394,50.06298015318011,1002363.9140171817,,50.052554282082426,0.0018069116421656295,100.86776099630545,0.9503817815473601,0.08403134764090338,0.8098901382694977,1559.22709829153,4950.749046630606,,,,
0.10113549259039695,85.16396947971587,100.93528409291046,47.68732706224609,1058688.411555292,,57.206044082671774,0.001879649735713057,91.49101417369532,1.0445315507692943,0.08945120996877268,0.7779704718931967,1640.2431754578593,5089.590261061552,,,,
0.09945932756410607,84.78199624810766,103.82314356290966,52.620644407970175,1119533.3287209934,,51.88940410074096,0.0019765158055760966,109.63787648470165,0.9497175612508508,0.07939712975502239,0.8728863583832761,1709.5990386141307,5138.486703902159,,,,
0.10223523086197668,81.25136297339577,98.1251405649047,52.766115234144586,971189.9586815294,,53.67962448345548,0.0017933270096750825,101.02840681151095,1.099161899076006,0.09459334852328256,0.8180208408760793,1559.1914511579666,4861.805594184842,,,,
0.09440406541950393,88.41130451711484,94.63212210875236,51.168538171189304,962153.1021227359,,55.99950332615142,0.0017386425390155432,97.4191753444847,0.9667841370731579,0.08759140179668436,0.896541723665739,1629.9585309502713,4712.857959676664,,,,
0.09847354857549924,75.07808509141667,104.69781401094555,48.95263156914691,1100487.0462130758,,55.75765801788219,0.001885239360713337,97.77033479591537,0.9990220621035576,0.0807369849341075,0.7788686184022178,1509.7544240275586,5115.419725180181,,,,
0.10650887611580824,75.72400504471464,104.97402525850971,47.71292813229129,981237.5981928591,,53.39175274101624,0.0018583842273712644,92.48300674505306,1.0167649461501478,0.08427992574080552,0.7946838599632035,1507.1068008068014,4931.973924746782,,,,
0.1029644714162714,86.71509825052941,98.68480740309617,46.48822296456904,1018541.6391900961,,54.73197607913708,0.001971049865879153,91.528866452767,0.9227469584916033,0.08305367764043756,0.8557637555374941,1656.1851473670642,4972.837829436882,,,,
0.0928127593714011,75.30385961375896,92.24215944553856,54.64748256583382,1025421.779398551,,50.32163015804704,0.0017562467792241253,104.98489395121176,0.9563861131370959,0.08951606770348161,0.8440136719260845,1750.5176015899442,4757.135099244148,,,,
0.09189809034831034,89.21405617277547,90.15525757935612,53.96694227488111,1055931.8203933495,,54.14224428491255,0.0020515561906536382,92.36578411006107,1.0097655419166929,0.08738881939459921,0.9020945314367735,1631.1833384686515,4813.322279184965,,,,
0.0965852983274665,86.29189509802596,99.35778063212871,48.95175862612961,1025048.0251749045,,53.32046402727048,0.0018763794815271858,97.59258987377389,1.0008369667152832,0.08413442848531126,0.8491037562094184,1586.860003596425,4880.944535248715,,,,
0.09941063594953452,84.59291582992616,93.74116758965498,49.586294670926456,1110642.9116014286,,54.23531510496373,0.0020680036243615313,100.29231029973164,1.0560579943597665,0.09257752681892548,0.8729964058289438,1509.5555306657218,5093.215858037893,,,,
0.10453188178834563,81.10565160780672,99.78182096213803,48.45579029434896,1068929.3211718372,,53.37540297795163,0.002013721748027071,105.99286699330167,1.0985225766403566,0.08415827303376713,0.8198371286668251,1577.3103888916178,5196.977141771804,,,,
0.10688731079251745,80.00030706860669,90.86023032258387,53.10799718339165,971410.321927376,,55.07727068213564,0.0019805980740882577,104.28837672889169,0.9953728330059367,0.09429839803249991,0.8362549941320088,1665.098004109519,4979.418211400395,,,,
0.10137800684716047,87.48051926736355,102.3891652805879,49.490536724636414,1016327.5315431221,,52.962160178720815,0.001983352042704537,94.79566631461695,0.9495034682366033,0.08197782058791167,0.7863301940055081,1471.046856818829,4959.516987326364,,,,
0.10633226242032162,82.8187353098896,101.48545621152569,48.00442027893768,978171.8672937152,,57.59280375616301,0.0019717353777332783,98.27394238023727,1.0700499300760775,0.08541924128240785,0.8885049676763576,1508.52278116383,4999.001403825548,,,,
0.09368597040647987,87.53564211992152,98.53851370826449,47.248833790281694,1026815.4770292405,,50.982837125437854,0.00186919213996046,100.94796882788259,1.098183471934762,0.07989054158578321,0.8422647802013704,1710.4175649646802,4885.649640589216,,,,
0.09769757735948169,85.66129139680545,106.76053638892313,46.763711434758314,976898.0182828393,,57.407095209970166,0.00207187212943219,92.0812799896373,1.0625922943204442,0.08126539502708843,0.7757955557708963,1677.9900504514615,4893.299407738661,,,,
0.09799485148667278,89.2592630090063,104.60417631251788,46.70769595267973,946963.5648227794,,49.859572650941324,0.0018352641009839851,104.47591312977703,0.9566385254735813,0.08571916374366577,0.852191269804663,1698.6687161428565,4757.085131291559,,,,
0.10085759820427959,78.26419316669082,106.13102400144763,48.74334795800216,1035247.047990763,,54.108165552544904,0.0019316834065983297,96.33850657803569,1.075879940023971,0.08281408217387262,0.9312519851981285,1565.3649361071896,4911.924683651665,,,,
0.09616893847186425,76.58910404946295,106.23769020610145,46.74370086892116,1015474.0563227957,,56.05535738492768,0.0019059282476375106,105.4275968918037,0.9251255508901739,0.07791548199917467,0.8727135979492955,1531.7754768436218,4879.442070913485,,,,
0.09942596117039511,85.94415680345712,94.51859299692717,50.94779651850608,1052349.6140696283,,53.760027125910135,0.0018732016395477404,94.80105194479307,0.9637792961931402,0.08544442394201143,0.8129415624704242,1637.550242130648,4997.5301283892295,,,,
0.10473884380637327,90.23103908303052,102.10214220247673,48.01645010630399,1025619.0705596147,,49.836655082607265,0.0020540920322764376,90.11756852868712,1.0632797486981311,0.07923072192423046,0.9170785853914762,1627.965956596227,4963.506396075639,,,,
0.09948355046612417,88.87272959662226,107.68530147401687,52.33124774568556,1031798.6213114212,,52.49789875631836,0.0017816175818573567,109.50106396121333,0.9739358638801277,0.08624463780395655,0.8164353564510405,1654.3810996123188,4994.4730120449385,,,,
0.10223467132960676,79.93563633701842,106.23540353658352,53.151221745829666,1033924.4609951256,,57.11970723817954,0.0019077153749798342,105.82249308108476,1.0601021806165294,0.08794814065834242,0.8802319744838397,1613.4078992593445,5029.75144494246,,,,
0.09504446638675584,83.19013445243397,100.89331415212332,51.058308952585506,1053669.2097982306,,56.524618554537554,0.002011610584612917,94.32296271799646,0.9843096784548793,0.08629259802828355,0.8968304646311698,1757.2790159350975,4879.079281369233,,,,
0.10244199719205836,91.25695908153429,102.64802455183502,50.81271898698325,1077038.947869014,,58.424558707976566,0.0019201185182170534,101.68905569076576,0.9676444512639301,0.08562636434194994,0.8069175429299227,1644.2578737168058,5220.524934215832,,,,
0.09893422490592713,81.36751858707599,105.435535286306,50.163181923552834,1003562.9139931726,,54.77366813595361,0.0017461453046484733,90.93441755696557,1.0520947931009599,0.0873885852389399,0.8082408031222584,1643.0886208365196,4846.329780620905,,,,
0.09620044511253015,79.84561768841682,101.75161905240229,54.3701403615107,1061750.6854464102,,51.24422668122636,0.0019281006182817098,101.09348861756786,1.0425754832503311,0.08073237330010792,0.810905169006335,1684.9443436685792,4951.296792062596,,,,
0.10057796908445447,80.90134829967771,109.59588793399114,54.235474305431566,980541.7061764577,,51.787242673539396,0.0019036490856958318,91.90197722574214,0.9555845427894855,0.08672006424073982,0.8282293982697814,1678.8319126531005,4753.500719767582,,,,
0.10925668847768036,87.18208332526086,90.68456708082505,51.32234662903272,1044831.8195865147,,58.10089236579825,0.001720692007438012,99.09730696816442,1.0305578663150334,0.09085492759312229,0.7938972644645542,1537.3357941073627,5261.5221267133065,,,,
0.09225430074486696,89.46291774765896,100.6057601956884,52.43552311456512,973464.8783668801,,56.62582649179206,0.001853867345203765,107.09051798450169,0.9297319429962527,0.09057892905273192,0.8712548834648535,1647.5428831383713,4728.978784045677,,,,
0.09563463907415275,86.61547066644094,92.32567765509062,53.19805868394316,1028206.6104469949,,49.56485391662299,0.002005720928833146,108.39966524929139,1.037734263815141,0.07980700191855342,0.8341743209238259,1591.218741719653,4933.357173381827,,,,
0.09295631916232472,81.77249852507309,95.04607952809124,54.15816021451474,1008900.6641077767,,56.85349083293607,0.0017883902936579098,94.96601135131846,1.0123302049794405,0.09091582561274637,0.8857322224000833,1599.1468183894472,4733.585203347978,,,,
0.10311650962243327,77.72803253834843,97.48126969402561,54.85235550733646,924248.1894746037,,57.07197659062656,0.0019166534578429156,95.60320344984792,0.9636414652075306,0.0824212439674586,0.9108293687221805,1652.71441117807,4777.11429069122,,,,
0.10673526532604037,82.43696556753726,106.56654562583834,52.626958104439595,1123308.2940524984,,48.06547646690506,0.0019916759577262655,94.79380289418545,0.9985542250085265,0.08357341035677872,0.8062968105223833,1618.421392484243,5158.066023802364,,,,
0.09992460243660305,75.81465140212705,107.22310054170632,50.792604736715866,1122400.8786643227,,48.58966457556299,0.0019567391334339595,99.24011031027514,0.9946810974046405,0.09168979164873829,0.8582894612098051,1492.906937812902,4956.5278054221835,,,,
0.09027993000487339,88.95421968662033,108.62143070404761,49.16479356250926,1000146.041125992,,48.75149290406616,0.0020359039935423503,96.04763223778612,0.9681037914838027,0.08302895668729296,0.7969860416094243,1574.3765756274222,4661.327634212477,,,,
0.09891035916992641,85.98736243256991,93.18559593825393,51.04122727396212,1071293.9164569767,,56.56390763114721,0.0018150909339348126,98.7378972129366,0.9429859889670086,0.08463356249687727,0.850170532637376,1715.3346833835942,5068.979317958198,,,,
0.09095481092080177,79.26362879196726,93.4759629191323,47.72753947366755,981836.8168241661,,57.8129384225941,0.001722483676667938,97.2604053580654,0.961470890154891,0.07986233454227719,0.8041155940237519,1490.071722560144,4759.676037660198,,,,
0.10066174485576547,79.01187872904617,103.09999105231978,48.71474955696417,952426.4872990495,,48.13764315815128,0.002021559641923696,95.6524259714967,0.9670685483415523,0.07887899485464991,0.7783769497643054,1634.402059126941,4775.307048998747,,,,
0.10452675225884406,86.37880990499953,104.57489168904519,47.27834494129628,1043239.5358606939,,53.496192052615264,0.0017802879484458364,95.16099773451052,0.9415665542531361,0.09410744397945858,0.7696945737204549,1618.561711435539,5034.212799874888,,,,
0.09438850113690175,84.28414759950687,100.74787689683123,54.60505994144474,961563.1956370274,,53.25904967419943,0.0018807905874791253,99.22203847658622,0.9884368721206872,0.08599170798097358,0.8472916315120406,1742.699944617683,4699.677542829151,,,,
0.10245381659413484,76.69518456496725,104.46818340057689,49.514198301970644,1083700.8353252544,,52.06321106600501,0.001903197477341367,97.92787008711333,1.0371800149872674,0.07776789987819055,0.8872896709665619,1549.0993995626657,5042.920264655143,,,,
0.09366864298639645,78.00521201910604,104.82885932154393,49.02590877705144,1020680.916438308,,54.24254756017532,0.0019753937054656653,98.75623180434727,0.9766756841776054,0.09193178642780948,0.8184904161824386,1739.6672201323354,4773.96828219824,,,,
0.09621340793853006,85.03020994486435,97.68877134513568,47.1556366564841,1056170.0257219567,,56.17339734054012,0.0018936251090096623,95.52991656888149,0.9970223408895281,0.08272146474867345,0.8629991323309494,1759.3298416149114,4975.059047834849,,,,
0.10508959149518604,81.77674659210776,93.11018742326121,54.55951466098896,991787.7419803131,,48.96438255458078,0.0019317656296174367,96.87024742791493,1.0042749259491406,0.07766210559833474,0.8180025031701259,1554.4681636449545,4955.914855418476,,,,
0.10530544958342297,87.86851382584435,94.38760960923072,47.84942147214594,1044761.0082936019,,56.60287237135973,0.0018395010963744773,107.31845527834389,0.9560638687756685,0.07868349844465977,0.8495759978449665,1741.211432433221,5238.092459837873,,,,
0.10500115744897212,88.58322001940654,99.48918525225636,47.59661332437199,1121310.4955231734,,48.73633255585612,0.0018730047298402388,97.36751539677589,0.9783886409435011,0.07841839355067586,0.7937735260926034,1660.1297492388467,5230.330845387081,,,,
0.09596304512622746,80.40904171410466,90.63889278174113,49.35521029885706,996743.081661313,,58.030525119016254,0.0019357954756172731,103.54723117844789,0.963033971550757,0.09055536909330153,0.8054907105034473,1722.1361528799346,4895.473473835104,,,,
0.10595136722180716,82.81525269401536,95.34556675085817,51.47926554991278,1037808.2551468636,,51.054423864591705,0.001961735504654998,106.26610943433181,0.963399191518492,0.08100141393344723,0.8533244346954312,1562.6727278105632,5100.371405026699,,,,
0.10008878884575584,85.77574269254119,104.72367661316501,45.74588842552589,1007658.7431146082,,57.37697570220246,0.0020162896238561097,103.42400242268548,1.0463878938805498,0.08873919201404762,0.8699053568896776,1524.2010434278884,4962.588981096945,,,,
0.10803616687591633,85.25775136145022,98.48642679158304,52.457929262852296,1004360.906161135,,49.844992216913184,0.001721975848392693,98.89413321299638,0.9724925925339846,0.08258463052528635,0.8851702884828011,1691.1499340019643,5005.406162035732,,,,
0.10652089100190816,78.8558488438545,101.76799889313087,45.556598070279556,1097900.920512843,,56.53927417859419,0.0020474619546622715,97.44417889653548,0.9637752529280839,0.09441010416944016,0.7899090435096803,1640.917053894134,5233.245958953516,,,,
0.09882703154580388,86.74877696743488,95.73109031627224,54.1387883837555,1124941.9335880526,,57.44487890251822,0.0018143008366024458,100.45970605334212,1.056615057514901,0.08677380482189254,0.877832269584236,1634.1974436453736,5177.392832251896,,,,
0.09102174054501137,86.56197783560035,109.60029792733694,49.98819858076807,982030.5605748446,,56.95461669143077,0.0019963275949504648,106.2279905193936,0.9997936645197569,0.08868647654046828,0.8705732823852118,1512.689057857435,4712.315341067449,,,,
0.09787872178488864,81.87074358138712,105.36144390155692,51.675025378902426,1078539.293040149,,55.64044476335767,0.002002284827311882,98.13138021664558,1.072014936692184,0.08669425079131222,0.8104715730553106,1691.2285900370355,5053.036549978806,,,,
0.10817616075434318,87.19761926696619,93.99483731210027,50.524053317934005,958873.496081983,,52.49722156394856,0.0017115459326227918,105.83767390040914,0.9821584509336474,0.09033979119041598,0.8816104430230917,1574.394089175335,4977.172943761897,,,,
0.10244339397360064,77.23222769038064,108.88096203498978,47.3528617883302,1086169.6443838861,,51.98801277870728,0.0018938211883156829,93.88146951397964,0.9496077593308823,0.09251240619316761,0.8912836412727727,1535.034424293847,4933.64122259424,,,,
0.10135477009193075,87.52821287213662,91.93145590083512,48.27877916521626,959429.5759733095,,48.49326363471723,0.0020065444443824964,100.72716466843603,0.992014478687796,0.08158953933318776,0.8834083432692804,1723.9008091129706,4851.670305267878,,,,
0.09935489223593302,85.62611189751239,106.00452969088829,50.02047558496402,996771.9444838366,,50.94381853276114,0.0018708286707805714,96.13434974499131,0.9973419526007743,0.08748155749898756,0.9004539155045609,1531.0354555903882,4774.432095930127,,,,
0.10428136045241541,89.37402879668055,96.4049241351097,54.315616573648796,960242.8617997741,,51.94078194947141,0.0020135740395392657,93.15346620166409,0.9763937405520002,0.08778182189193837,0.8324709823031625,1447.4552975782826,4841.261006800189,,,,
0.09244212268590075,80.39062063912606,92.17863491493698,46.952438250051024,966796.2855052534,,53.173005939624126,0.002025954421896935,99.19201525724795,0.9367144237997002,0.08276403443156975,0.8998881857127333,1571.1096921507194,4671.710828186702,,,,
0.10089931904882388,83.7468211098844,94.63449747013134,52.290869521573946,963139.2880944664,,50.725839226081995,0.001963331578084192,90.0268717768613,0.906955924524039,0.09449548886888028,0.8267856171423857,1532.5446954727565,4696.623730347193,,,,
0.10283973025679248,78.85813827266874,98.52425323838143,54.58993868277854,981007.6515124983,,57.994522094742074,0.0018505912229358904,91.14944056057573,0.9969569086856263,0.07771599063649341,0.8459591244273843,1694.1696010730734,4934.769930358541,,,,
0.10936214329314609,76.88381318158333,109.77303004303131,51.081193356936936,1104058.8445416715,,55.66828947245315,0.0019941618433442477,97.42222227209125,0.9237336362257698,0.07995764409512811,0.8533699037485256,1643.8703270397548,5248.249801001022,,,,
0.09946212808293728,79.3945206691055,93.89494649421503,47.435441778624764,1085539.4347444791,,56.29365145046874,0.0018052673900441204,106.526077577656,0.9327023167955611,0.09205950592891664,0.837845349682473,1525.7201690413713,5089.172140233614,,,,
0.09827941611724002,86.75548511205547,93.45516208170373,48.32673442303418,1055338.7730256275,,55.116913959419456,0.0018891869104070214,106.98764693322052,0.9666076384901908,0.08992291507712544,0.7884540098840672,1529.2682616101338,5072.778648502986,,,,
0.0917766987663131,87.9431390328432,97.69724535325068,53.777610927240815,1025583.1536485661,,52.339882435462364,0.001969571937044264,90.95628602750779,0.9561127740521378,0.09296134841409978,0.873335866677126,1542.151781812509,4667.66142595802,,,,
0.10238606123166696,85.23942169881077,91.84376050892178,45.91628858318565,993186.7257170333,,58.302464613822494,0.0018326661490347983,100.019795011162,1.067339713195053,0.077625587701332,0.8822680195213899,1654.3577790967615,5065.203227356731,,,,
0.10107248510633762,88.17935613854465,101.58263296692208,49.83904106068762,1084314.1601626365,,54.44057653783604,0.0020652242547291146,108.81057866284118,1.05521140410966,0.09399955849650803,0.9099949953548518,1601.6415604862707,5094.321619428159,,,,
0.09785891335498294,90.90557832908395,106.87716265803368,53.39600028241613,1019459.9393334744,,52.62681890693071,0.0017182443975284729,97.78085917205193,0.9802913656702973,0.08838504743353702,0.879066828837864,1599.5199837229336,4828.491713049251,,,,
0.09257553099204112,87.00898989077814,92.00925547918175,53.656528599540444,1043677.4701982292,,54.941080927594676,0.002040381305897123,96.1476376169167,0.9947893879632843,0.08023385649205,0.8939996086349647,1521.0968735202987,4848.779681043249,,,,
0.09018711337325531,78.6212756108954,108.28208117470743,49.533110986021455,1036523.2446023258,,48.66564761583219,0.0018690372947286048,91.85809904899047,1.095313773672425,0.0827879850234286,0.8037218230029719,1455.8334207159867,4677.36448589654,,,,
0.09772131106801782,80.80269849763471,97.32357647488132,50.23610126493154,1108114.5266293392,,49.200909977431856,0.001975643211330576,103.61617219382909,0.9719917475405233,0.08658938520319345,0.9195397435703005,1691.4412832732332,4963.641261768963,,,,
0.09258071087314333,89.08964388093257,95.8560604964465,49.16757368904881,1055618.5574953307,,51.82684341884718,0.001974129022094093,105.72467399375729,1.065437901179527,0.08784817572548853,0.9177397991914854,1607.2291699144278,4870.372172933445,,,,
0.10140342672124532,85.97469105295804,100.93610307035479,50.906349335629386,945405.3996349524,,49.081808842484314,0.0019717348017258256,104.70897772521948,0.9800192977535368,0.09221997246338734,0.7950106087826962,1519.509078806363,4779.032141159568,,,,
0.09703629689824274,78.63620853211042,96.3789495317568,54.910101855775665,972443.0814741483,,48.8976342564223,0.0017576184114443014,105.23869654713711,0.9433200240446056,0.09228927054871224,0.9110487907345477,1576.1095856803813,4673.366064430524,,,,
0.09592795294460128,91.33721110502302,103.94292114431553,47.669496145334186,976831.0999184537,,52.90348732051028,0.00193170412271173,101.58502267904987,1.03231451380839,0.08376042397765636,0.9260654387226515,1540.5058578294568,4775.999121879799,,,,
0.09857050544388497,76.64377922668515,97.78673479841393,47.410937934078426,984529.2866431831,,56.84395260298867,0.0017261989327999189,91.46763956169258,0.9989312046945197,0.08452739797745286,0.7995601310937435,1625.623792786864,4843.154338073483,,,,
0.09843200740467353,87.43815468471982,102.14837104784498,48.23602945409429,1100260.945641404,,57.035915998608985,0.0018728114211489237,108.65551523466661,0.9927406829789318,0.08741615240053263,0.8689436063868623,1448.2696796522907,5137.634268507335,,,,
0.09845194380513117,77.02025359784112,104.70636738222684,45.63692928430556,990407.3830056898,,51.72477639735591,0.0018609759693272963,94.6951755610155,0.942043985686934,0.0843711278901445,0.8563701430155343,1552.4544688406409,4753.462288460587,,,,
0.10362644608125432,84.35332459987443,109.44925944987196,46.557278293491926,1040767.5949308737,,52.8987828076567,0.0019091390099400885,96.88915971186857,1.0272649758052759,0.08671612584852043,0.8384757514397996,1521.2772677103844,5003.956652723412,,,,
0.10796980237451106,86.11461690670684,106.43487895066963,48.66049436849647,1043288.8101667197,,55.02424343163446,0.0017792134396056964,95.7709366014732,0.9164534922593435,0.09206363873292249,0.7910058160630393,1749.8921202511324,5116.434708600177,,,,
0.09650909437693854,78.1601487706207,95.81793203039483,50.019001992662616,954853.0336161659,,52.99023117525605,0.001999662954748405,99.39930544262607,0.9975793450435074,0.08861574827646099,0.8641635280285591,1518.6904579586424,4694.216833603329,,,,
0.09918678975725642,86.38964655656832,102.11578676742268,45.833987285010465,1003370.4817406893,,55.23308380137757,0.0020452902135736487,95.55930551702991,0.9249549300855453,0.08434116202765178,0.90422029673549,1506.7735185728334,4849.374375825603,,,,
0.10889838155454717,76.87542803898275,103.95713091015838,50.61032450330353,960263.0598746389,,57.29391909828397,0.0019387186418963255,98.75453138025271,0.9799456208069252,0.0792403269032626,0.8146186808393278,1524.8406817213693,5026.507685560856,,,,
0.10336958812888859,85.88811220665463,105.50883051905406,47.59051303876532,950638.9378870359,,53.34534127232606,0.00188335520763186,96.8535650399952,1.0237053453267178,0.0941185863722471,0.8470047601997432,1739.9286031298288,4813.150980977005,,,,
0.0970571119239686,89.4415173678531,100.87218134645389,47.907641646791156,1045342.7927567495,,56.86737738240643,0.0017459011331501383,104.71979811256699,1.067642225234736,0.08925255398224177,0.8372081395144306,1571.857483648971,5023.869202078686,,,,
0.10718499859121947,83.19767128035092,96.97860884069802,53.428024634408345,1123280.0338756638,,54.252207123959785,0.001738983452136385,107.32754731490333,0.9568771412340542,0.09410896599299275,0.8238086719586686,1630.599862075113,5295.430478634529,,,,
0.09452482028474646,85.91165811893661,92.57673895084709,45.27196107036715,1019692.838767702,,48.65169047089628,0.0019662838032813153,101.4459986785256,0.9992847990013195,0.088609848554548,0.8144670047187391,1736.2989906187274,4834.4981547870575,,,,
0.10570018791343633,86.80771602044325,97.14756137989764,48.42024476253399,991695.2900293581,,48.51242119299822,0.0020704503910602403,101.18318468988994,0.9089857773994245,0.07974756294029937,0.8762723757157005,1683.1058582891133,4965.497579598294,,,,
0.09376527339267589,88.62336674721637,97.93757470644844,47.40197000395134,1108579.0194337848,,53.71846472986557,0.002049307107582053,109.64413734449407,1.0266959307404655,0.08063079487734982,0.8541429062968738,1613.371712088491,5104.081726731462,,,,
0.09310883747876175,81.09191651482061,94.24807500261879,48.52661862242602,1033853.1067415929,,52.79466960203199,0.001816378397821518,92.24301629054847,1.0103774430954486,0.08817274027329598,0.8803922924306047,1751.9263551446052,4764.966196820987,,,,
0.10264957627884817,78.42384597210949,103.74621043663859,49.64463066791112,967833.8206906228,,51.97462096870341,0.0018429818919377717,93.27456293151988,0.9866177501341842,0.07997219808439295,0.835786674540335,1489.9226844253903,4820.058057645736,,,,
0.1063792407782312,83.35529908367168,97.71013150924216,47.64971554609716,1126572.5597701606,,51.47296914056433,0.001994438943866572,92.57763153864268,0.9258488020101129,0.08679795683348668,0.7711138626468417,1625.9842841095872,5245.130106829819,,,,
0.09119938787434502,87.95259609189281,104.23530986640705,52.54403299100666,1090738.0379152878,,57.38182213198641,0.002018272014515076,102.92734272149954,1.0947640859015941,0.08430355748670777,0.7780692185239173,1502.4277154257527,5063.549958955628,,,,
0.09737262034326258,81.99628471022322,93.83579256191555,49.149296245621116,926768.3010909428,,51.14744537636273,0.0017607739593205154,98.29530134631693,1.013139161910034,0.0845571226423458,0.8255268146406542,1548.813243969881,4695.561131808219,,,,
0.10911065232352907,84.15113952498862,104.94943650750027,47.98661188500109,970525.6400904086,,50.48145455963613,0.00204570889217237,95.59447766559292,1.077544025688145,0.08277537666146127,0.8574338462030773,1508.7799390906146,4969.159105545752,,,,
0.09047566523813094,90.89691821746018,99.92582775825859,48.518971666498224,1088350.651949167,,56.042807037426414,0.0018503911953935421,90.81545818541755,1.0202357570621912,0.08826830316798247,0.8084428659619414,1740.8898395110516,4930.393276717635,,,,
0.10832992907924771,86.24653648284199,105.30106778864787,49.51576343296052,1016790.8740920626,,48.245850423345765,0.0017125370652599924,97.16086554942727,1.079067488646723,0.08131809896494807,0.8781714486966563,1644.4559375306992,5021.744360108831,,,,
0.10135348911792247,80.22382922355736,107.7682940589401,51.3339081823731,944183.6840945082,,51.996149247118915,0.0017217559024849576,107.73722758693485,1.0733634994776153,0.0915302175978151,0.8402169954369764,1604.0791304339343,4791.897980051481,,,,
0.0917051391281183,89.27021152610115,95.06568494368534,51.18489056388968,951918.9979657241,,53.13504867850814,0.0018617019295845874,107.74696331557469,0.9548812687872161,0.08481920282544908,0.7967518563306306,1608.9156710437712,4732.202286042176,,,,
0.09533221946547156,89.07061262445048,107.91627165397226,53.784872153402105,1105502.9315105728,,53.57002288372626,0.0020481672019152576,102.87500630115889,1.0100849303177595,0.07837085959900982,0.8028512812096479,1599.820945086696,5091.294457657338,,,,
0.10509776103596409,86.01418832792461,104.89303157768202,52.099580444853224,939137.3545048701,,48.2125419644375,0.001836646326323713,97.41187895508646,1.0569497409569517,0.09134041011468799,0.8271052386411826,1534.5893335318235,4782.3213166596715,,,,
0.09714155206291714,78.92133567189039,90.07919835567985,53.65301223910427,1113969.0423206948,,53.36851310520729,0.0018767960544561688,108.96530400696346,0.9616964617280037,0.08339283934117578,0.7901142625348624,1530.1301379785798,5155.413563217383,,,,
0.09579886969682114,82.6828898302697,92.63318577255694,54.57601626360882,1066751.8279835188,,55.41641407112671,0.0018223220217531587,94.55242446833847,0.934664450826096,0.08250002001023823,0.7880631706270963,1539.715402085612,4980.211288585356,,,,
0.10445289634940046,85.99107732295131,97.3406878305737,52.516521784717575,958761.6120975963,,51.389418998402455,0.0019830070304281684,108.92959155605304,1.0775809854860108,0.08280734120388662,0.8476881717592747,1732.5313103509104,4986.25300857465,,,,
0.10067425703084568,87.16564941405404,100.37587477854476,50.13537030384052,1052552.5888604107,,54.573287669058445,0.0019969811238223023,93.43246233070217,1.0973624847998718,0.08845260061039294,0.7824347208777381,1628.9492697009177,5060.324982933188,,,,
0.09474253070118988,86.81346153180637,97.3260048093246,46.743252536189864,1005698.2969401261,,55.00673602377383,0.00205439488882289,99.84348188188376,0.9225756486403444,0.09044628711981853,0.8159391147767167,1582.6722679842928,4823.048675720367,,,,
0.10787376107872902,77.53938736249832,93.0752352906891,50.7027836374103,1053440.010167814,,55.364650737047526,0.0017946405406548806,102.30225420163906,1.0047939547589748,0.09191230370978257,0.8642612509781024,1465.7337421582126,5129.246544334552,,,,
0.10236359507271038,82.69346177108045,95.5790567740895,54.905582660643546,1010849.6630799975,,51.172775959382584,0.0018389432089449796,101.24443378826906,0.9270851826781313,0.08362244657884423,0.836751263320444,1533.7821639466326,4928.1973777907515,,,,
0.09742798642279575,78.13425161922262,91.11567101295535,50.72408076722243,952473.9242835563,,51.20376681832093,0.0017576029753629677,101.67344969364287,1.029662146254812,0.08079215798360104,0.7712539053547319,1622.3531026090673,4811.438496762882,,,,
0.09085499428906836,90.59780486598957,109.59030923506165,49.62296420093306,1055012.1858862939,,49.628667899760984,0.0019821175712418705,102.19911465131165,0.9053844746019495,0.077890375415341,0.84164221865306,1622.0311535067835,4805.937726234692,,,,
0.0965008010486559,85.57534437183354,98.54802419530657,53.206188786542185,1078337.3054573536,,50.02628363416481,0.0020084479104601834,91.43587233129556,0.9798144528147037,0.08981597489850252,0.8729404971520504,1535.7335111734067,4840.1496101634275,,,,
0.10392811689618196,89.02329291228321,106.29951275636367,46.11792529466812,998126.4507430365,,53.73810715880666,0.0020807795400539946,102.9839453544439,0.985581095940391,0.08576522347742925,0.8810698328219715,1557.419672756632,4978.703406222376,,,,
0.10790271500495595,85.766825343267,95.47864733490948,52.74554150653958,1040245.9238183576,,55.02575902655672,0.0019421748744871167,91.7808367511269,0.9586619468650895,0.08358122057206548,0.8282845352056081,1681.992763724213,5130.532051611732,,,,
0.10473999459326462,87.7862965797376,91.01087496520348,50.32851022868127,1083142.2885884608,,56.130610925860324,0.0017133314351628762,101.46433214272221,1.0489209737921663,0.08809942643316561,0.7755311401815685,1464.9961220551224,5278.955134022145,,,,
0.09947576130689846,78.18890015734975,94.13994813078077,49.963638785134016,964809.1726594048,,54.395402543636784,0.001907656396104086,105.38765362636606,0.9956597294241869,0.08099680824953968,0.8389643786582928,1588.8006686639394,4881.167289245351,,,,
0.09607768441431058,77.37052921977097,104.19831940141893,51.3287203260671,1080567.6647618432,,54.39593850651105,0.00197226165501604,106.1904463008095,1.0140514711404327,0.08782884761409393,0.8225952394949289,1505.5311209781519,4993.402921616283,,,,
0.09923520125120033,76.66307794674329,100.21306082010508,52.13799631086452,1091174.9784262667,,58.31194892670481,0.001711079423762758,90.44304782037523,0.9530394042342508,0.08782779284510071,0.9305016652658764,1503.6722641825788,4945.763506262018,,,,
0.10615742896010748,89.40881170226393,107.26357693392184,45.70667666270904,1074232.99989656,,58.416098470165245,0.0017920248307437042,105.64299720179456,1.0332317730266762,0.07769892800266247,0.8025219673014824,1612.2471888441273,5359.53814658882,,,,
0.09442358955598376,76.61406014774188,99.99379313851033,48.373781348040026,975839.9211644031,,54.67740310442269,0.0018602835231847934,105.31531596895462,0.9519959686791298,0.09472825409273254,0.8012870541485104,1658.8853731563036,4724.904945728,,,,
0.0996622697704516,90.7955972516218,106.72367999690793,54.133578159016714,967742.0327648843,,57.32732154292645,0.0019169406923722806,101.24616607324968,0.9068496680441613,0.08638768778726101,0.7678707706344673,1495.8426143526403,4874.748471855592,,,,
0.0945589986735308,87.2771694228589,94.43744352713863,52.06557406037873,966477.4530716743,,55.84576628964484,0.0020087705148773807,96.11700869031984,0.9864958243462406,0.08765595257952556,0.8593825881799213,1684.6981378994003,4737.741877666581,,,,
0.09632736177748497,81.47362138724154,105.0065570390578,49.09889174463737,1016894.3590475041,,55.06824761951166,0.0017959520645751234,96.97385810120383,0.9523840249996296,0.08739773289738272,0.8473212861581731,1582.306125818742,4814.852615218499,,,,
0.09796998089140135,91.59605650840227,103.2198726417388,48.86273989237215,1084091.5741779546,,54.15298199900679,0.0017770486996412306,101.64471860918773,0.944940834456719,0.0829879021333533,0.9110699331801719,1622.6910674684184,5016.2118511485605,,,,
0.1094688530418315,82.50052447712682,107.91145022377466,49.042568292153945,967504.6468296596,,57.50677979410062,0.0019666478827400683,102.53780777264797,0.9251086734858248,0.07932182603159225,0.7981761997098448,1728.8588880944467,5104.941184740698,,,,
0.1048170407454655,75.80250653692458,101.16711536610403,49.99588077830092,1123997.29959447,,50.78720631903969,0.0020400394200156295,96.5884817391586,1.0195625326838373,0.09051577756053539,0.9096342217345091,1645.428935488014,5079.076354841461,,,,
0.09673148751454086,79.88385694765168,91.50663413575928,52.34384582412561,976789.1093391643,,54.80367013178649,0.0017695169141123846,106.26760161221628,0.9551305865861875,0.08631468653459938,0.8827015778573164,1531.3535437034184,4802.947605781496,,,,
0.09157940068385569,83.27149542131916,109.96358127946553,53.464561177209305,1041092.6507603365,,56.32359906397229,0.002087150197308274,98.89336685352046,1.027416752341498,0.08923889428790056,0.8422198340897695,1582.6737845812227,4799.068801405461,,,,
0.10324137704183314,83.98728023023429,90.67734782232885,52.58628019535493,982640.0039498277,,49.685804133165604,0.0019063893503780997,102.95355091035101,1.0240176229340618,0.08897187399248792,0.8700214409004421,1609.5502331743685,4898.700303590777,,,,
0.1044675056304691,90.57329463613281,93.21297208403946,53.13765242793955,973339.9751069101,,50.59827135524434,0.0017368766127397095,104.65334911038254,1.0758889130091553,0.07831528346628334,0.8064336692180941,1592.6512792511135,5032.959179432447,,,,
0.09536250021461629,82.71693886572584,95.16277308030924,52.50321583514499,1058903.0983048887,,57.11519101339015,0.002005055302838742,106.00443086640192,1.0487118905248454,0.08513388301676188,0.8459528382994218,1614.126292252942,5027.88593993147,,,,
0.09851794559852516,89.45313456102937,94.74340722814772,53.41242103442983,1048711.1684733815,,52.526734575303976,0.0019508964340672686,98.3253721948454,1.0240001501055156,0.09417652319412881,0.8656042026410786,1567.3964631222718,4917.1397483363835,,,,
0.10863058558577393,86.68730053894174,95.11549736430116,52.48060158724752,1051436.0643297997,,53.30131812739436,0.0019905763325671717,104.46434524660656,1.0601028571699107,0.09269435933103767,0.8711697768952744,1463.2695828034264,5157.946000259843,,,,
0.10341947740319574,82.67505987625754,107.68358606761612,50.74888970644895,1080715.9660105552,,53.25920864199231,0.002037058484833445,101.37046768732347,0.9460592764180972,0.08426726014586232,0.8850543961265562,1607.0572132468599,5066.432499536943,,,,
0.10751138121837225,88.53936747937614,92.73273946497224,48.81959536371534,937769.0464536676,,53.72297044718352,0.0018018735358176353,108.81976779688762,1.0490609290447375,0.08431518636126965,0.7972479671434579,1448.923833217336,5041.314630950202,,,,
0.10994649727408042,81.86067147497154,101.31316761981238,51.50589038599935,995244.4497254703,,51.97191761027205,0.0017756179433015364,108.7587163210499,0.9261170648835942,0.09098936856955163,0.8815214733604827,1524.5392695879805,5028.395457124566,,,,
0.09352289209196574,81.2380240544429,99.77351638289937,47.302666140597275,954042.6794760929,,56.127084973035885,0.0019350410173910712,95.51495411809749,0.9010073445541709,0.08792730635879516,0.8934352368844236,1508.4834361894464,4616.785959295586,,,,
0.09452600308962493,77.7409355277741,100.71129596151431,53.76050696708855,955999.678664218,,52.938123301584,0.0019775890052908516,108.63845263677297,1.015938502585521,0.08471938229196833,0.8234301006842469,1607.271217659063,4737.585562648125,,,,
0.10617593637310084,82.64850734930897,91.53220119907428,47.57900608640829,946293.0989910414,,49.57123172361026,0.0017119385772647766,108.8802677126542,0.9845987241287107,0.09099407521035241,0.8147772950691738,1560.1689653377305,4923.913092448377,,,,
0.09719995141936792,79.94962249553211,109.60754916465612,48.98581380822964,1122835.640256963,,56.839398673806286,0.0020853655863691564,102.83258839682586,1.0990916471589585,0.08270380640612907,0.8437657281440442,1675.6766056995546,5165.083358590612,,,,
0.10882754848194556,81.20995167456215,99.02264918440594,53.535338471828865,1076069.3457710368,,50.02180997200519,0.0017254437222020591,97.77338047878446,1.0862100447443161,0.08561269386727556,0.9102697053378563,1648.9197795683085,5112.390084517711,,,,
0.09717513096950162,77.9419031391837,93.80780483632753,46.232346760211215,1026860.7414994221,,57.984119594727964,0.0018208821692394532,104.99150133759794,1.0019060203554624,0.08308710836225132,0.8998734916215957,1491.6269697154437,4955.426534923216,,,,
0.09426097344006432,77.47041407345935,103.63377362846373,53.297464919286675,1059123.1155878985,,50.425570594483176,0.001944183878255626,103.2686215781288,0.9152324645070289,0.09353234502586537,0.829834532179778,1574.7721676875735,4789.154303756424,,,,
0.09627863829375165,75.3212808623939,105.25365737349634,53.10262767017848,940096.0056178694,,57.61761580861152,0.0017984816261061999,93.84171565600408,1.0569535126448608,0.08027365872427032,0.8449501916439003,1623.8975014232667,4703.3437153719915,,,,
0.09759370120783051,81.46298915676408,99.40237247438117,47.64830490131725,1003078.6042002233,,57.68959936185049,0.0017567192858271969,102.34020871530474,1.043516119398853,0.07785909554903574,0.812995045699195,1727.1428076167097,5000.4614921558605,,,,
0.10939173866712718,77.2650497465394,95.1310374561176,53.650985876664905,1071171.3974889375,,57.19722513588189,0.001977035789659256,104.41806054529667,1.0674046224712184,0.09031875602834646,0.839682871494475,1732.5492609835153,5287.222198037837,,,,
0.1044540776011431,86.72834807261886,97.36755531115035,49.20083928111795,984424.3923269963,,54.63411258664461,0.002028414801710086,103.48442052215015,0.9322150527674711,0.08989140121170172,0.7928381009047769,1749.0370953793756,5007.2144570110695,,,,
0.1083726840000921,82.29432131516845,103.15875494002908,46.79802239036657,963498.414312009,,55.839873025250604,0.0018028915960353181,106.11264131525715,1.0152197367878082,0.08908486910130473,0.8924719770644185,1557.042232972728,5000.557485274618,,,,
0.09156666138015722,86.91967147501548,95.20995215430297,48.83300174994083,1072689.7482437547,,51.182402355729096,0.0019157556191407978,95.96646245517279,1.0362089129029137,0.07861035722432204,0.8280851002107104,1513.193866490516,4891.912960404616,,,,
0.09083268818849399,89.53939999898913,106.3104611337093,48.44206355923857,1063438.3751236263,,57.839381928165174,0.0020302591391301032,97.68894758132251,0.9820328038535991,0.09033279605118441,0.9021488732222273,1469.514058360111,4824.261398731312,,,,
0.10369374618877654,82.24521961085787,91.80640271211703,54.798278221160714,953699.253151643,,49.89591527078735,0.0018337897516499445,90.26868849732904,1.0976391204586102,0.09142601626136902,0.911170076419946,1626.950537633522,4756.530836868557,,,,
0.09896280222946088,78.6961965878811,94.60195638497811,48.34159659920262,1123470.8146990342,,53.68836076673159,0.00204033324372286,106.65547244565718,0.9830173642497718,0.0839049963800447,0.9339632109324545,1480.3987706770845,5089.739498729298,,,,
0.1083059423692778,88.34700615811795,105.46404518943659,48.794249518808044,1013303.7876143529,,50.497305070056214,0.0018446850463762787,95.99831890207379,1.0436552196948214,0.08615366654679181,0.8797755584397454,1603.7902496326415,5015.222427566463,,,,
0.0947177670030635,85.72798670182507,94.64729313786567,47.50911957253788,1041702.8192523783,,57.59003013528929,0.0019164429923138042,98.69512264387022,0.996841355238871,0.08554169194161075,0.9064666332995067,1539.2584434450619,4906.653922141185,,,,
0.09848924815314643,82.28428703396108,100.79180328316848,52.15688005708803,1092648.381666799,,54.7427517022462,0.0017868400481022592,105.15160223042415,0.9127696660583591,0.08795981266748935,0.8051723049814353,1487.001165514078,5070.661271876751,,,,
0.09180233014878963,88.3234924208637,95.2088303247064,51.77751101665397,1025448.3062244031,,50.91987059395876,0.001863773408047675,97.74774307608439,0.9846092089854609,0.08190213741789902,0.8537505272822864,1624.7226880163068,4778.622043162164,,,,
0.09622762247841463,79.40394226415262,95.39305303696473,46.305278018960145,986012.7932752589,,52.694710230323864,0.0019059240573773496,101.11911417763628,0.9407923009154918,0.07864654769177058,0.9005127171848646,1649.9603946426007,4798.6725345872765,,,,
0.09514467556341616,80.36790165025383,100.83569018058449,48.04373035290954,1079520.8876925486,,52.70056186768084,0.0019367910357860046,94.67698375396677,0.9844956560148441,0.09237500455072967,0.7802188719689505,1563.1725291636358,4915.994775022478,,,,
0.09917989326892374,81.22300161624095,106.63602780717967,51.9801364976295,987296.969393533,,54.8828247530019,0.0018723204488395985,96.40606507794176,1.0605638369296944,0.09210973653691483,0.9168930852726749,1682.2562838640108,4770.0244768297625,,,,
0.10641734851204401,86.75028866193752,109.79026592665582,45.504004889810986,1011821.9933672514,,51.51885088450504,0.0018710386440112105,98.23300439829852,0.9095448130577435,0.08451671784055981,0.886440061220413,1751.3561327131185,4980.866921357833,,,,
0.09275848810669818,83.96128279030398,107.3101019658484,49.86133535669599,988384.0476689528,,52.91432289195565,0.0020666133800461067,106.32485568390189,1.0573485599759518,0.0821720738888843,0.8448035041690684,1694.2357539536463,4788.483423846286,,,,
0.09691568933930417,89.78707318828327,99.6427380412071,52.805343895706514,1027947.9557768261,,56.35720513800184,0.0018439273220972763,95.24069804942384,0.9890423119334913,0.08355821472060021,0.8203020168099513,1483.3953497208422,4929.460830986945,,,,
0.10471406963760488,87.3012138052205,91.90810714746527,46.80975017954572,1049666.9829721302,,48.54948557056759,0.001849693070517376,91.68660723107898,1.0564512892075377,0.09284669529304447,0.8688925768228537,1593.645166065358,4976.857738393937,,,,
0.1020700696491807,82.55244013485667,94.71309833072452,52.315100836429565,990626.5000900308,,56.78332328824971,0.002023020987760671,102.72027851645827,1.0066408489657734,0.08739449837734835,0.8576338519617922,1628.2382862686318,4965.62728008313,,,,
0.09399113760917921,81.78952250334788,101.8740861770035,48.08224908823839,960397.8162909517,,53.2137024700705,0.0017400032638932605,102.89125339197732,0.9263306857883145,0.09015721547457439,0.8318755405103397,1676.4834737856947,4677.573659183029,,,,
0.10085238187621502,79.33767677159646,98.63287597160246,51.00009300313818,1127420.9129249956,,53.861349438508896,0.0019193361348985888,90.53867908488955,1.0544808896080464,0.08128079906691713,0.8611984509808605,1641.458309216307,5116.695799159782,,,,
0.10229304578112615,87.05835736944995,102.16356896882411,53.93199949360981,942344.4525271786,,54.34411310381001,0.0017856654297677176,105.12487947055922,1.0265781191105512,0.07988076160947462,0.8198410763292463,1541.106949446547,4906.480758373121,,,,
0.09434971646719062,83.24238920062174,100.37515043206473,54.3007592869006,955746.9023985569,,54.115310983821736,0.0018039386856000682,96.41299783397535,1.0151944632247412,0.08724431843012553,0.8437886580152575,1511.175917826756,4659.392084744862,,,,
0.09949420069501765,89.47023842278415,94.68200787511005,50.743649780016916,1086301.987237421,,48.42580626473016,0.0018877940770250538,98.29128821622774,0.9633710151393388,0.08573096183836312,0.8647203804106902,1528.886147310574,4976.481772854134,,,,
0.09923988983108281,82.76136322876988,90.4703852654447,54.07547957960438,1106906.0283582287,,51.42118602547428,0.0017773607217599966,90.72109397195345,1.0728115452483384,0.08989816776975772,0.7669500979880696,1471.8886352084965,5064.9446991546065,,,,
0.10424057425966111,77.13883034575227,104.67380828224387,50.99385206778949,1052364.9014997992,,51.88054966656329,0.0017746526875695523,102.7279757423905,0.9535164214629454,0.08831556695300682,0.864120481181165,1717.3977362885319,5007.055392450887,,,,
0.09451459162743228,83.6556468113425,99.83943747400468,53.3227531579733,1081434.1876926492,,50.95912485310491,0.0018731858203156497,102.3481984280645,1.035670978094189,0.08766591780736116,0.860608315718485,1757.5035968807108,4918.561741055062,,,,
0.10558563109674646,76.85596778661254,102.8353723266539,47.57542835716006,1024260.5544686079,,49.60601892402365,0.001799516302363279,98.45651682302267,0.9597645493419049,0.0886278160618246,0.7945901608333481,1669.6872073717373,4975.4193255845175,,,,
0.09282275213190244,88.3570011624555,102.09842928427106,53.31300966416084,1049383.9041990712,,55.18277713950094,0.0020723657514685762,98.14929436832375,0.9938012682598949,0.08661208694309623,0.7713986374516457,1722.2185049467653,4929.348439474409,,,,
0.1078907518929448,84.94166427818053,94.1175891521002,51.2192082809854,1079663.8744620946,,54.458582295139955,0.0019483293778479846,91.09061602219653,1.0085476318301225,0.08802590853462845,0.8120275898769709,1571.295003854871,5196.899069640367,,,,
0.10154650148710292,75.98529761449622,98.32408231457936,54.453322549841744,932596.8289429615,,49.23355536267471,0.0018521831132874316,105.47014569360518,0.9545606437444377,0.09157284436966594,0.831905281815246,1563.3187083940982,4710.960990302903,,,,
0.10250288626646187,81.62634109265153,92.72231322136555,50.32862625371885,1037862.6312681446,,50.279643497153124,0.0018230818754401501,95.247353529489,0.9831220547795713,0.08387260341948916,0.9013496423190684,1645.1168423279105,4934.453104332168,,,,
0.10224165321917873,79.26265309740819,107.28663545295436,47.34174375337778,1019566.4721888514,,52.986258284395646,0.0019526511936652348,104.74888673245471,0.9935039411257023,0.09248734775998034,0.9161555705769767,1494.2741224489869,4890.597141448897,,,,
0.10987820694407163,90.22250072331101,98.5362905773728,52.845144160921244,1054453.7037440978,,55.826561834083975,0.002014726304727923,103.62814511668483,0.9995596197535852,0.0903165957860864,0.8465240526156662,1693.3852878928021,5253.510680784271,,,,
0.09623950916791635,84.58705734980238,100.31727418428828,47.005322799303784,973910.0075094724,,50.915248688640624,0.001755163114603057,93.28499753736945,1.0007934969960037,0.08733481560513506,0.7897136105116347,1582.8078834581488,4731.098901962784,,,,
0.09205366299998746,90.0220508850365,100.78670567159236,50.481840277957154,964581.6963644619,,55.87039542664871,0.001766391428751163,92.89050596227094,1.0222735839887298,0.08024391230316923,0.8350718783835829,1520.6645238570363,4709.031566923158,,,,
0.1006507288489924,90.27173930281289,96.69313401063124,50.97001485631394,1026216.1981988348,,51.451609132824736,0.001955327526942274,102.34276629776926,1.0097723763184585,0.08217027460223485,0.8562466035468429,1712.4152108600997,5001.081277049778,,,,
0.09072064495041231,78.29539050020422,99.17402212534887,48.162529173302,957595.7938992445,,52.98055686823934,0.002015015717170602,107.7628285253478,1.0118858120197212,0.09246263313023916,0.8381066656969077,1652.890100811349,4636.987537250989,,,,
0.09724434610189507,85.35233439842831,107.9600434964886,49.79557970683405,1037033.8292784906,,53.64626179760489,0.0020604403082270066,97.35281162853113,0.9951328915278899,0.09450932854921304,0.9001999226857683,1749.841245165185,4825.767071869405,,,,
0.10353517963946929,76.81356100778237,103.99195846063871,46.704600144042516,1036019.4838289974,,53.91938081709553,0.0017860092237851006,108.13860360936411,1.017385225852957,0.09473158378604128,0.8509096307169287,1592.7163563380082,5012.586294822131,,,,
0.10394146795335946,75.9718034702166,104.27353797598266,53.16591617080248,1059626.9468684553,,51.88701757425536,0.0018952468980887084,99.8791736568062,1.0450610014265604,0.08500190469324531,0.8133003389374704,1581.2360415845608,5050.245624214974,,,,
0.09767344811157619,84.14949075890956,95.14806618763278,47.84426241994822,1035288.2022105152,,55.71963128147421,0.0020562892551330655,90.56093877355384,1.074033108046395,0.08848137772818038,0.9340630430846408,1553.2025854871051,4864.601726458704,,,,
0.10507460406589407,79.21991661495402,96.65768449027277,51.85793703957815,1115020.9574073167,,52.41458794754668,0.0018129939414291488,103.92917582064656,0.9449488298727269,0.08196844528681434,0.8797446271998983,1663.982068273828,5190.577766455905,,,,
0.09412155023294892,86.99173900543553,99.64348442785435,54.87516040415017,1081584.1576173555,,54.77461504952061,0.0018377211844311577,95.07317843597498,0.9890442522548034,0.09002053980850268,0.8437832500088942,1635.3869528043663,4910.627040512397,,,,
0.09252452868839656,87.39504736765875,102.23954371955762,48.568862564158636,964477.6481742628,,57.91041108294993,0.0018382181058945516,103.82364578066495,1.0682670573538007,0.07983958445008137,0.8779085868911498,1560.857481772804,4791.697769733129,,,,
0.09669728151503751,89.66297015966089,103.3622179276096,47.776506245410346,938745.6326814421,,50.995831692142445,0.0017423228543490847,106.20548487309067,0.9994948992912689,0.0819006512725118,0.8229134250425255,1725.591794715533,4782.481540801603,,,,
0.09975404083830886,87.69170096823436,91.97529498291946,48.653030331724565,1071023.430920925,,49.5129753953321,0.001804512210130034,106.41481594569213,0.9661509463670995,0.08080910167098582,0.8174185987483433,1625.1523602735224,5083.277045476164,,,,
0.10517424905710271,81.56089265265894,109.20991538578406,46.86106912717213,928767.1917584277,,49.35785264927664,0.0019469183158499165,99.79852659869931,1.0348240013279446,0.09034253640962009,0.8118851330865894,1660.3493934291187,4792.97650537935,,,,
0.1011946331562722,85.27079239317933,100.28167156742542,54.154235252675534,961607.2833758435,,49.54590952078457,0.001911458230210947,107.73553149025288,0.9094705657693685,0.09364990012866181,0.8829150037565832,1465.0875826840713,4758.525548064723,,,,
0.10758924620938787,91.42038210165,93.71337002169592,46.97180934516015,998103.4803672223,,52.95741789295235,0.0020324483903012055,101.59824377393569,0.9880279620071432,0.0874678803825658,0.8014030871016256,1539.8554879341145,5104.6325848754295,,,,
0.10122842827106243,90.52830624051799,95.60339520210924,47.270408471400735,973665.9963677007,,51.70111549172178,0.0019362903801527125,95.68115632540669,1.0721751109973623,0.08860106187742424,0.7901892391538943,1603.9766215270229,4898.435771915004,,,,
0.10160561060144052,75.1455022193399,100.21799841886497,54.88713153891961,1096492.1528228412,,56.12430575954976,0.0017375939203831845,107.25364180046614,1.0212639259532512,0.08894048894891977,0.9045870427749589,1490.0146333600092,5086.008208158599,,,,
0.10183655001738395,82.84245032567338,100.07573041147286,46.76750356305354,969955.4130047278,,55.2960408765486,0.001956483084365931,104.35550258100741,0.9595850019482338,0.08476624078353229,0.8099984420847626,1573.8220516051394,4934.80147030604,,,,
0.10274784897391048,84.56398756620223,97.14480082132006,52.59376711504271,923682.2928758336,,50.03353059774096,0.0017309825969105208,103.33405185302618,1.0210820239338354,0.07989034683607775,0.8319554568634093,1468.029520584744,4819.9883397976955,,,,
0.10558776476453915,84.37208032160667,102.49611779958188,52.84549491580866,944559.8272044224,,51.707719792278176,0.0017547401381209189,107.60928144777415,1.0743293183425184,0.08089975153434471,0.8274672492683878,1629.5745780518766,4962.2516142943205,,,,
0.1074422284013003,76.36104954522362,94.6592414764176,47.35406455076464,1035936.6767675556,,48.5507024055975,0.0019998707123138233,99.93560780238099,0.9186367827055689,0.08708018606507165,0.774683599016356,1586.8409845057633,5056.185829814112,,,,
0.0917165587040368,82.4610389888367,102.81623140208747,54.63915184277428,989922.7913303814,,51.35957742024872,0.0018025941133763023,102.68213905758084,1.0253090159402467,0.08438555237563256,0.8851878218856285,1647.2920978737343,4679.602438265478,,,,
0.09431622694441179,81.88401734463999,98.80634106316036,52.397826191860645,1114091.7927354174,,55.98138626869199,0.0018313803281499313,90.21679949480006,1.0485243802188289,0.08707461741730417,0.8328858669693783,1444.0494353342701,4982.750626946178,,,,
0.092994397125822,78.20967446320724,108.68345703880435,46.452147557145125,1050382.8761803864,,51.47845297630651,0.0018286599750817168,92.98284731420804,1.0387979760376693,0.080601363796003,0.8144661375173088,1578.5647410003537,4806.226876183491,,,,
0.0933825513771246,85.5908755743799,105.92002322687162,45.530862324542184,1053959.8311089661,,51.77242200322668,0.0019417958374838584,104.48502754065984,0.9516438437592566,0.08193928090120875,0.7771320675670957,1560.3142968437257,4931.580801624835,,,,
0.09823156294777709,80.62694833560572,103.79908643568957,51.29416421262325,1114763.0710937432,,56.17051385921919,0.0017431657079419315,99.45453485870235,1.0942270098792422,0.07914144246813873,0.9165525364039975,1625.8014965466134,5089.745894024487,,,,
0.10925818148473324,81.29479625722033,96.56445755739685,52.78451336722807,1060048.9472577707,,56.84492208491548,0.0019171735420714434,98.98945514448158,1.0537717969798763,0.09437403494199635,0.8759943987726714,1521.6775186466405,5167.564735287137,,,,
0.10785738193285473,87.7463761551143,105.77092650354463,49.71477157113868,1008572.1023789286,,50.01006110148819,0.0018490618946727328,104.11521836971743,0.989573088641394,0.07987871296951664,0.7935103819836202,1698.1222681313711,5108.280590673597,,,,
0.093303378938298,82.0985357759648,98.27967038387659,46.287405804068634,977412.0493956195,,55.8852752812237,0.0020075699127474074,93.93930525203157,0.9716762310535229,0.08076689367690756,0.8141908411686645,1575.8640852246417,4758.483834869252,,,,
0.10049679468515574,86.00538010139039,106.62317574093593,47.95721408306568,1036691.6686401546,,53.687154560201364,0.0019695815324723013,101.80218201349803,0.9534908932130335,0.09467263767208668,0.8870751602360745,1697.8718026633649,4916.404878347977,,,,
0.0987407766759321,90.82806913574211,96.45472070724767,51.15395193108514,1086702.6086076647,,53.83712871756178,0.0019053614203329771,98.78182895182489,0.9379634075122556,0.08518503778393684,0.8707627601999222,1459.7347902181684,5029.479555858718,,,,
0.09281413933948328,90.01710373119778,103.12762780685895,52.345611511230885,939320.6869412266,,52.20671728085214,0.0018498524467470425,102.34350615796322,1.0222814118256671,0.07993440756132286,0.8846469606835963,1650.065332015665,4673.087969423821,,,,
0.10345041812475311,90.04480591088391,100.16374788780273,48.651485487249396,1046734.5716577319,,50.526852882799076,0.0020251595456304374,102.63421989472714,1.0586413614959995,0.08949205969906833,0.8604922175382085,1544.8011129510114,5040.295632015979,,,,
0.10277881418694096,86.55172219905103,99.13786734132114,47.035349825602175,1042164.5044981146,,53.201998259476404,0.001909915758262186,104.51434601985517,1.0609851914154744,0.08347148362536554,0.9202959073987204,1615.8429751155645,5056.27059157749,,,,
0.0933355764371,75.29039292414407,98.00552120066396,49.4273127926514,1115328.68376808,,50.18615280184297,0.0020649384470951206,109.30702638869747,1.0649154696617167,0.07876133134934908,0.7882564410798291,1539.059384264532,5061.433709122534,,,,
0.10153166196826156,85.89300719321976,108.96765535945133,49.50357279952817,999862.5121736696,,51.38153657264099,0.0018070960154682534,99.51841421685867,0.9030589141330688,0.08384840268296295,0.8636367973961495,1705.8826590302333,4867.339202736726,,,,
0.10279027780175194,87.08298446007609,93.67649322009,53.031616780662546,1089562.9577867354,,52.81103542019095,0.001975966114670592,96.53084681995982,1.0061549868110222,0.08738439236148526,0.8249058120825788,1620.3613046804287,5127.734396747668,,,,
0.09609644778560447,80.21795290741697,102.4637966086431,47.819273678413474,994524.1713316184,,51.383054434010006,0.0018945120280364433,90.44143200491408,0.9177031977824877,0.08690531585262047,0.8663570135974547,1690.5676897408898,4688.029857888972,,,,
0.10709319107927003,89.58897037872404,100.5794291310945,45.28762397613857,946621.9118750918,,58.517766165051405,0.002089706216696251,96.83821301356357,1.0344392708990902,0.08222445323774473,0.8072220375681962,1484.809472447425,5035.5414012741785,,,,
0.10115340333395889,76.05363854985862,102.18801919427818,45.91664330464322,1124786.3880688725,,55.4632266196068,0.002030483967995662,93.23081570125208,1.048146579255989,0.0813198150188661,0.8973971018576676,1497.0768213154738,5110.856511901137,,,,
0.10812657171750605,79.35704200613506,95.81504849155091,46.459633001282775,948728.3164556379,,57.48942072138878,0.0019295107199013535,100.09087231054066,0.9541160657200282,0.09228019902262966,0.8253671571601815,1723.4423567169147,4965.784717468379,,,,
0.09319533357726076,87.881184472549,95.7685652555696,52.91817538275067,960780.9120980552,,51.91903494588831,0.001878455620614647,96.49110381745231,0.9075859094102386,0.09072431297994271,0.8809533946409556,1472.7001591003946,4600.006889492341,,,,
0.09676251541088889,78.25266572241672,96.9780935880584,52.78821253369972,1018810.4162217265,,52.592405162568085,0.002065414934106502,106.85952661928498,1.0249900497873992,0.09004077806840012,0.8497374797390888,1496.9258127739588,4857.214941197755,,,,
0.1097837185114589,88.74448987203067,95.5320270062061,52.009367382974716,1010374.9273546227,,58.37914148419467,0.001760317061817313,97.8993226132483,1.0049427067738104,0.07770505119111436,0.8469352491365885,1478.2717368248916,5206.6562202571995,,,,
0.0951249028051899,87.66832832791697,94.41859699023047,53.93772337927373,983729.0163221286,,55.99856247739756,0.002034793759543285,90.2098036716886,0.9543999366592197,0.08146733455434572,0.8042357673041396,1629.7104042365133,4798.946261212125,,,,
0.09878556834612161,78.47281897823443,99.81292034697262,45.421942015056906,1117008.4553466,,54.65416768026848,0.0018739315152992721,99.03056367710863,1.0170779019428913,0.09272166381913104,0.8890877634501991,1696.8111999254804,5053.324403034115,,,,
0.0955026545717072,90.60684741487391,103.42583270164086,53.902840682551435,1068169.7692224884,,51.24849340825132,0.0017828465403482256,101.29519612292704,1.0880678838469715,0.08091440152937202,0.9041138671405068,1589.084091320574,4922.470314690098,,,,
0.09661691994084946,82.2649987808408,105.68922451550398,53.53830893859482,1088612.3785526385,,53.67987046017461,0.0020091902891285723,98.57869636004436,0.9220006043728152,0.08812573157746326,0.8319695957616144,1583.1041601189077,4948.19366156358,,,,
0.09382416136984079,85.71185033029235,96.1642083103794,53.85949411359786,1107243.643064764,,48.91287798612383,0.0017961618452539537,105.30310358493185,1.054822153495343,0.0907331559289746,0.864714835720897,1456.8152222614353,4919.691046599548,,,,
0.10505612564614897,90.77123629602522,92.15735688011014,52.98208964254311,938681.9482786598,,54.706582298401784,0.0019334880420168769,100.52732403594618,0.9828271739315497,0.0869134889276823,0.8331795027118112,1572.0343406070665,4920.344296070385,,,,
0.10348716634551035,79.18099531001133,106.05820695279908,53.951898679936924,1013435.7695399044,,50.514239259323695,0.0018761422375969082,104.38234821100923,1.0918757871216431,0.08155475147670313,0.7841604843539897,1597.6925286188307,5012.955269936274,,,,
0.10257577250159473,75.89205628974206,100.27416474302558,50.32441384642801,1097153.1211367412,,57.96645484826535,0.002005667738280572,105.22084208824228,0.9504627320867791,0.09165091779095752,0.8731393211126375,1479.40175233384,5132.683884699004,,,,
0.09919490936381836,79.79646899641655,93.19163819380026,49.92063974074411,924370.3856298426,,51.131229905629716,0.0019996962505305256,92.97572226290382,0.9781141381140561,0.07983087553745291,0.819914703025211,1519.1056350046772,4706.199393642599,,,,
0.1044426167622124,89.8436294523621,96.21559000382271,45.59385000545526,1081813.349291472,,51.48222162182983,0.0017116391765484283,98.4719007372102,1.03831617725771,0.07926595925671805,0.8021083743484171,1540.2249778722307,5207.051496894595,,,,
0.10386175488889982,81.09438180970054,98.97312537445079,47.66365579973484,1046775.8369513234,,54.74377328876552,0.0019709077733276784,98.72019776694803,1.0240422840879202,0.07778397233023326,0.8952760120759207,1663.4411327458613,5086.353111140792,,,,
0.09654107911586578,83.27116489632797,98.08096888756796,46.40109985614629,1008991.606513176,,54.78657264031632,0.0018408978415552165,96.28554162487202,0.966516856796026,0.09043402760201633,0.9248442520865503,1575.6637070298939,4778.595970849738,,,,
0.09806846088213506,85.48374842359604,95.21143150728474,49.0542507787392,959656.210162687,,55.256841162584195,0.001956667625805796,108.01356536467641,1.0140714547338627,0.08744002698169509,0.8372763735975561,1530.3729167032689,4860.7904312084565,,,,
0.09348978274584854,86.90846435775285,99.06934575212405,51.36305351119641,1003958.7244626085,,53.23085062679025,0.0018200717748787705,104.22953509859131,0.953415653551601,0.07867477839270606,0.8563798782757229,1573.9730510233185,4824.99273443728,,,,
0.09044630745240988,75.51272192701681,99.71977457261862,54.633747504325534,1054931.293980697,,51.53264982612692,0.0019373520093867167,93.7880232432285,0.9106526810329585,0.08094022341336178,0.8837189838040326,1602.5647755185998,4691.710468630171,,,,
0.10172964265067574,88.13274738615893,98.93786923190281,52.87732155444622,1005219.5478806751,,52.24217215889078,0.002014360930344553,90.44530692232985,0.9124753499541939,0.08302164375701912,0.790009245557657,1503.920582803945,4897.636874546925,,,,
0.10448464515458655,82.54292313596802,91.63305894402546,45.60089031830538,991980.3037036398,,48.52272006482175,0.0018184193967875062,103.03317013970891,1.0664139614713593,0.08901270418648005,0.8146668792650474,1638.3786380613578,4973.604316662537,,,,
0.09767745372372844,79.30715116919008,91.65829968828923,46.11943638541768,1000454.309733124,,48.336857847190224,0.0018099662660103996,107.7979245928947,1.0566043948454424,0.07764480869378672,0.8588302761948085,1533.5888290177163,4889.738527096921,,,,
0.09766270744783749,76.05248748556438,109.83471251546896,49.87515850367032,989830.6794815257,,55.56844981031156,0.0019917889100100226,106.86145780374177,0.9152549386353772,0.08689469031884588,0.817174527332592,1658.692782544146,4833.5125206886705,,,,
0.09523233843554074,91.25174433307237,93.59231677993782,46.01766513491438,958195.6678259666,,48.455888163052535,0.001817704281078382,104.39440781394632,1.054293129809299,0.0879836971577484,0.8528210118400092,1695.4587677021993,4758.787999082114,,,,
0.09808404892750777,89.45260288522095,95.10593255389855,49.84144445461734,1025276.7432080114,,53.477490425741365,0.002020848171962303,104.85715650517517,0.9226605441880127,0.08956708840448235,0.7857747499654527,1686.5100444182372,4978.904138123545,,,,
0.0956836278439345,81.49121435438259,105.80355591279191,51.77998569694384,986677.0194101838,,50.15232336892986,0.0018440544390788522,97.16379500988141,1.0865672709987515,0.08593836002398766,0.8615407488408874,1477.159899563211,4704.351558179224,,,,
0.09662695869266036,82.48208384699969,100.50943226956446,49.17507882406499,933108.4725950494,,58.20529222362516,0.0018356855778093853,105.17778429445292,0.9249314517034088,0.08963277245178167,0.8884783683619204,1474.4222586585397,4700.958368448857,,,,
0.1004940648594332,91.61678024609476,94.97403991276092,48.67361361359961,932782.4222442907,,55.90683165002728,0.0020236653109938214,91.76899004247421,0.9002140132967495,0.08701202305460823,0.8284863934806916,1558.342835854226,4766.6858109146315,,,,
0.10460940512329833,85.71557722127193,101.39852711588458,52.057499628088756,994314.6096582288,,53.134350551641205,0.0020615212470460683,100.92790820032818,1.0339090305157645,0.08604086137450338,0.8821146205901612,1576.4334751372862,4961.489737262116,,,,
0.09818401293447028,75.49952359228543,103.81028510782826,48.39201517687808,1061853.0450628216,,48.02304293231363,0.0018748290273760766,92.90027524300896,1.0415893422549884,0.0833965072974621,0.8544533367902004,1672.3908625791482,4845.045314673775,,,,
0.09760758896400311,88.22412890923312,107.72143150149307,47.44477136965129,971494.217404457,,52.731995613835544,0.0017922322898779588,100.37670135475479,0.9946546320034154,0.07778433795170862,0.8461136657612536,1685.6594475588788,4834.834640023555,,,,
0.09614902873750086,83.609192308122,98.53142616195785,50.174333208492726,975524.831040712,,51.66783020456502,0.0018136459752646778,99.06280360123327,1.0399632135188295,0.08980733129453052,0.8948034984450219,1720.637235622567,4727.5065090882335,,,,
0.09321675250412886,88.82398690825339,93.98912790417798,52.13496705115182,1019882.8886540105,,54.22497279030655,0.0017849132748759134,91.2567466346385,0.9878892893945269,0.08822226653300144,0.9311194665019049,1748.440206035855,4739.8990319669065,,,,
0.09614127794890015,78.5876538942764,98.76251678495245,51.987648105527796,1035922.2180938558,,55.60342647723438,0.0017533907253181108,97.13318468850647,1.0561955006777037,0.08168992534667209,0.7800368054107162,1717.458677660254,4969.529525141674,,,,
0.09989056772737488,88.30656940244585,92.50888572687882,49.12264532539654,1124474.9532441483,,57.55113957998626,0.001843785020825152,107.17338339588129,0.9357766011602741,0.09122339987886056,0.9131521111076768,1559.5756941558855,5184.839270414416,,,,
0.10641408358267242,81.56494086669069,106.4538067579495,52.652002850705934,997285.4012385369,,56.06882836961151,0.0018723654229941182,100.8955700045399,1.0781376168716903,0.08430120848475048,0.9243386699543067,1515.6884617634307,4993.593803758251,,,,
0.10645001930083023,75.26465069204747,92.40312882727575,51.48829274853135,1034601.4101104036,,55.77373646041422,0.001967841481792248,90.24451141921645,1.0013980619008134,0.08041055360513606,0.823899788143261,1683.6100387802558,5095.349696829072,,,,
0.10251063439301554,76.48202366336946,108.2633280004934,53.86631358527012,987287.771248649,,50.24843982878092,0.0019463509667598268,109.638914591588,0.9149644090769615,0.0865350075468805,0.8301707222409312,1470.2999027425928,4853.713059799205,,,,
0.10411669596298954,80.66500086494528,104.9719338189114,53.446184712260134,938185.3845955797,,56.85510321169649,0.0019712739383603533,94.98419951841221,0.9952624310534481,0.08784413599181569,0.9077724567336918,1663.2441330471845,4791.908696267681,,,,
0.09973370356613119,79.96684631284047,105.48648991554097,48.31660764410626,986080.8265998985,,56.44054049462385,0.0020780003381447093,97.23783522978768,1.0769112580218037,0.09358256435550182,0.9052173997063971,1554.5089167710403,4801.4505357574135,,,,
0.10476830763953036,78.57901399482351,104.73265478001434,46.24190332584041,976791.4556481126,,54.778120384143314,0.002032515135221052,100.59997592741703,1.0049828454805527,0.09219337091102064,0.8893980711561786,1538.8066575022838,4881.019575414318,,,,
0.09502450545818769,88.46064341299238,105.73209878705887,48.43650960817246,1126367.8831237396,,50.589509173371546,0.0019059217279809965,104.161554972254,0.9861476931711057,0.08189436265856215,0.8821441500731816,1721.8446124311743,5023.10097247607,,,,
0.10121600436462848,81.17439065724473,94.66000137913635,53.9403671792787,969124.8630658737,,51.87142032629755,0.0020427235605355335,100.0526980600402,0.9624486902484389,0.08318088127513203,0.8071279054732116,1622.0914275786736,4864.003803010914,,,,
0.1066313402283283,90.39690308297475,91.91225597524647,51.35175300338051,948601.4564252171,,49.57824491831767,0.0020787548868769954,99.72178295092658,0.956220303584269,0.07826701006190577,0.8547945244419107,1738.349672882242,4964.05270737201,,,,
0.10302859497369649,84.26851298166149,101.60604354974292,45.12424795721912,1056287.1278742522,,57.2627171904163,0.0020823611811526654,98.06571639634176,0.9846970040533568,0.07885532693724097,0.7695653578216972,1515.2895041861495,5204.515456209456,,,,
0.0924694852567494,82.45971081110538,98.32861513650042,46.368256371295686,1020693.1614537704,,51.29596987885669,0.0018646271222781887,108.69673192752336,0.9383954808159426,0.07776775576639201,0.9110668162895201,1609.6175097068742,4812.218482688906,,,,
0.1038695468732819,82.1394020370911,103.34854618874496,54.37608228784162,1088387.7821341963,,53.761840616162445,0.0019686716803558792,102.26397959695322,0.948216673878604,0.092266664604444,0.8712709754457221,1715.0442556205862,5084.046919231282,,,,
0.09785854393690809,76.19889113483914,109.38626857126914,51.86939202040506,1006888.4574572977,,48.95548831958221,0.001965922988774366,99.24991210234569,1.0633619080041872,0.08450277658362595,0.7776308858013415,1590.7047900537502,4810.511886294938,,,,
0.10391790094608289,84.10592987363357,100.85806444399839,51.77158809215449,1020840.3111554617,,49.331418264947075,0.0018879229318915557,107.37625021904842,0.9029525976495347,0.08733959930779224,0.879755617211575,1476.4203289289505,4941.152774219631,,,,
0.09808863501680805,85.70865167415414,93.41058101102135,52.271348822714,1019293.8563555313,,48.671607833780634,0.0018787454577449333,106.92763281711326,1.0981003857949991,0.08229432813476666,0.8936727242295096,1601.702949450369,4908.119430150604,,,,
0.09751746424355179,86.62060176919256,100.12900017183904,50.4707661025186,989516.4902559957,,53.926357748636256,0.0017896860872386514,94.07179761310125,1.0884203193840338,0.08344716142194863,0.7898003446734846,1481.8935767607059,4861.768428678686,,,,
0.09171147429752415,78.54941553637404,95.66252003386307,49.048213139942035,961080.8747590273,,53.59839396373977,0.0017386814933619827,96.0325983663415,0.9866913154337079,0.09230587483500938,0.8193897288360403,1578.1697162338464,4600.627653795066,,,,
0.09783170885343664,79.56682458516035,102.40999023054638,54.19824751603471,1030473.6657343634,,54.73934450782748,0.0018344935759284809,97.33660002463647,0.9382544796564299,0.08516638885652385,0.9276799287791806,1496.947744705898,4812.676431041623,,,,
0.10118097517274947,90.30269826220162,102.35005478646507,48.201569418658984,1012563.856518333,,54.32154523974319,0.0018915843950493105,102.40436558911897,1.0255784012605105,0.0828503266526499,0.7824689318438505,1718.7975514968296,5061.6622035943155,,,,
0.10906670068744878,85.45904248937157,103.35819184400681,48.31177779636829,954103.8398084429,,51.40549164209133,0.0019382575330880749,106.06517385407702,1.0678964759891625,0.08113998559103486,0.8849716888670837,1738.5543043491375,5032.113800539183,,,,
0.10297820611318856,84.6550491046642,91.05671318953564,54.764366290291875,995829.1960968071,,54.314193683100406,0.0019366280937090621,100.93813586501048,1.0213557320103965,0.08456962345595197,0.9164425489823654,1680.2514341709482,4957.970020166932,,,,
0.10202064123108166,78.45053495930887,103.58264773260031,47.0956200293972,1048894.7957160005,,53.00683008746738,0.0019324716273394131,102.69646509215467,0.9024415679215871,0.08464432988496055,0.8740108046456968,1624.8783269896921,4984.9085700392425,,,,
0.10462065269012671,88.70886140877622,108.57252600962353,52.33460004906697,1056466.6709372136,,56.455827179739394,0.0020703022227775755,101.82605795153982,0.9513201913632754,0.08165992345569258,0.8792238046801095,1707.6075020764235,5132.335854175822,,,,
0.09704655026679919,84.21814226434458,109.55842785662952,47.85505496513747,954161.64276591,,53.59296672550556,0.0020701198243526504,94.44898032521559,1.069626592198991,0.08780890412015592,0.8362844615455011,1604.0878715177005,4711.679435894834,,,,
0.09700479180683393,85.5654839793286,107.21812493125915,48.975022161650145,1056226.9130731875,,54.08519162540468,0.001923671279789144,102.58923892620433,1.0932394974769213,0.08160028523878377,0.8659423535213536,1602.9142459999343,4989.002677384916,,,,
0.10325669826199857,76.64139960526575,94.94161314155036,45.11079169771142,990008.5335402517,,54.44199023141952,0.0018951582347243917,102.7809931944236,1.0382039887152756,0.09444404955704029,0.8478544588048762,1611.3595444377552,4928.460189089812,,,,
0.09502988058606598,80.91534153766874,104.94098550866617,49.67720772914069,1063452.233840429,,48.52029983567774,0.0019752821954576575,100.2036306111528,1.0564602977108202,0.07925590704889697,0.779778480150009,1635.9082763783624,4923.846263145606,,,,
0.10218836580600626,78.32021228865426,95.20122769223718,49.93509057796473,963884.8130906845,,48.74573493605378,0.0018816010943291405,99.50475777613285,1.010548778992903,0.08443800433418497,0.8431290651984313,1542.9547619990803,4813.202763271147,,,,
0.10396681734001156,81.60164978080469,93.07798457595385,51.88979817271806,1002696.7272694893,,49.53443033338766,0.0017224269003267055,94.23381446221278,1.0023497283598009,0.0779721754669268,0.8186260271426903,1650.8693763050912,4954.5348997897545,,,,
0.10355427465995744,86.97073024225651,95.6502361967321,45.89700217971639,956251.4821640175,,49.7026808707818,0.0018602008305660582,98.68675192953368,1.0147503427037545,0.09085262498443103,0.8823421528698622,1475.398842072324,4819.957943036565,,,,
0.1000287009061345,82.85068540112701,104.26092284264254,51.65961564905485,1040571.8582449376,,57.754139167788,0.0020594564283429196,97.1290799536961,1.0314338125463631,0.08422318551472452,0.8320721659451871,1517.440870719371,5017.313801072555,,,,
0.09753660696840026,83.32375521602911,109.1189347572691,54.6078709781752,935586.1798062015,,58.336246579840214,0.001791987535972348,103.11324767976527,1.049468534064944,0.08083022121526985,0.8732247026106816,1688.926783527715,4782.541947183979,,,,
0.09788319258782087,84.2246390620345,103.44680163210613,49.55462647687246,1064387.9845831143,,57.607884765423194,0.0019192837315028606,108.3646704363643,0.9452904623024633,0.08410053398707514,0.8818013789515338,1719.125684103348,5059.292597717031,,,,
0.10153696685928722,81.5552834761462,101.35812914096425,47.519654767404425,1039553.7256878348,,52.77714344857039,0.0018499765390043506,104.93402337525124,1.0068423536223137,0.08261725614362393,0.7860025067192936,1682.1882105448742,5080.192846143099,,,,
0.09740620931534227,79.98118288750665,98.88984134290824,54.57370349650578,944706.4184509285,,49.13961174319172,0.0019825348552126453,99.3296963192304,1.030524616919014,0.09064371731958587,0.8648832432595871,1456.875529917771,4633.760911516614,,,,
0.09811970719862556,86.19996499694668,96.32429550214478,52.80756294956661,1027086.5796196454,,52.95943157870163,0.001987244161944456,99.26914094528682,1.098055685088481,0.07950811082130993,0.8923166979212528,1695.8006759405548,4946.144423170672,,,,
0.10272704985545406,80.30127799717204,99.40105101566672,54.50331622853799,995242.6599693778,,49.6991636830944,0.0019378587447075302,92.3012941830293,0.944753214576464,0.09328548516466469,0.8991427738106681,1510.5689861710232,4747.82177235655,,,,
0.10595805637651784,82.00701330346043,103.20821304187207,49.51889443622879,947088.1383913137,,55.410882013893016,0.0018364629148920314,91.04234812993533,0.9788385743723381,0.0924018010203857,0.8601043967987492,1559.5745679620509,4805.253684865856,,,,
0.10281449735360892,80.61817635454165,98.0666459703348,48.462641475737215,1117577.912529934,,48.939587654766115,0.0020579078738216603,101.08165899020804,0.9935727486660159,0.08078602985107519,0.8019513778680387,1598.9953342387726,5165.930259774648,,,,
0.10052885604423599,80.16845729760142,95.03594919411007,45.37000403325565,1111852.7249594491,,53.65266387986196,0.0017512894158503204,105.55611287910516,0.9409943550781544,0.09128989503961385,0.8586774114712347,1680.2013023718516,5126.668689119322,,,,
0.10559644724409878,76.12735172949336,102.33971095580958,54.38572355088193,1039441.1106175092,,53.85844029497922,0.001841695314896192,96.13404969611321,1.0206978629334467,0.0820178718961033,0.9156686878960629,1508.905769766563,4986.6265503374925,,,,
0.09674835110718766,77.80766079752455,98.26472830169658,51.26189068992926,1079877.5874262615,,54.0201263906183,0.001786418280431106,98.22051318445723,1.019671960812938,0.09303729913460408,0.8674269043720044,1675.086263525594,4924.2589431363485,,,,
0.10366958722161038,85.45585888521046,95.34714219192793,52.81712504360393,1026150.3803732782,,56.687498149121076,0.0020573519406499184,93.21725695606727,1.0026775773858774,0.0849776657176315,0.8539837608954932,1529.0620831251372,5025.89396486282,,,,
0.09306581533804308,75.7192312662186,92.80822069523778,53.341322231942065,1026030.8609673538,,52.87847079100948,0.0019685391902182115,104.33043631476149,1.076864617901403,0.08583910946644556,0.8071124784304109,1608.1615834611316,4856.787937548998,,,,
0.09025489099480236,88.53396156700293,91.80229162766635,52.53729944252746,974940.1691815365,,52.7018875413768,0.0017480307487887418,96.93036649895942,0.968419408417638,0.08838700590694451,0.7820609879311254,1655.6434156265834,4677.82112292448,,,,
0.10135263779542397,76.93085042521928,101.378827203139,52.55507537619843,969376.1413369835,,50.02966612131825,0.0019148567696690548,99.48183463620462,1.058278980675354,0.08456741413513631,0.8736972191768505,1592.529913849384,4792.648579382649,,,,
0.1073286286408554,83.92258048576801,98.03832181977879,45.02695764027052,1108019.874201306,,50.255463936351035,0.0018996935878491763,107.87662813089473,0.9946683698893305,0.08726884936869271,0.8977887140498337,1600.147307706098,5218.369477760345,,,,
0.10738558201596818,84.15197882842322,98.66222880995025,49.41709188644723,1049424.0878305442,,54.58115738262108,0.0019542357757134036,93.96719822093907,0.9172665888426416,0.08888843225327098,0.8649308576145974,1578.3866761699278,5071.516136868355,,,,
0.10595548596132416,89.14529941707265,99.07744394985166,46.694093570012534,936347.707337685,,51.00211458266031,0.0017230863548206817,93.86908468026715,0.9101914718167016,0.0919145147210708,0.7920495217655812,1623.081665431596,4821.013143231864,,,,
0.09528458419454933,82.7775603567753,104.68386267346537,47.74045869728957,1014758.0669994347,,54.2926625797624,0.0020148076104517113,97.08023141616366,0.9190939259180835,0.09378756843585043,0.8595037334285219,1626.8199233787068,4750.697421749713,,,,
0.10805615377757949,85.59059974125803,96.67755480534224,53.936567869077635,965871.6650781052,,51.4568041976274,0.0019256568867949664,90.78000048191602,0.9602986277327863,0.09011818356239712,0.8288259200261917,1739.062796983597,4900.85470994933,,,,
0.0960927286805408,84.54103326155645,104.69730109566294,51.095431038878736,974390.2159824691,,49.42856619602954,0.0019519636182648355,106.83647334127808,1.0314807955453575,0.08258966748393101,0.8732059153148657,1467.667318521575,4755.437426395039,,,,
0.10222699231470189,77.6648090000879,101.56394352107847,52.24678806734882,925458.0409749481,,53.46929258018236,0.002035696446064318,108.51397615089846,0.9639411989793966,0.09059924020868453,0.932574200470437,1719.8634300768672,4760.286533593592,,,,
0.09755486306994868,91.50578789963058,95.83638456914672,53.49942460585769,1029898.407270899,,55.600238080564985,0.0019289751583016325,96.29771653871788,0.9597427483685541,0.08121020040135356,0.8119178410855963,1726.0343543620872,4988.541808846578,,,,
0.10078809353154486,83.27401278769618,96.02474530131252,52.3011316526102,1049696.9211850949,,55.149479564274046,0.0019084476108307401,98.60887258101172,1.0027958333461917,0.09109968395630895,0.8700991743034249,1745.9107198792508,4995.569492889135,,,,
0.09928185341510284,79.17750940233323,93.61721859053453,45.38572400519726,1060030.5787188122,,48.0369800469975,0.0020241241270367275,92.3358939997928,1.0115838629843361,0.08663122265770977,0.9031204713569821,1660.8484297537307,4864.098554673944,,,,
0.09613570282744992,82.45487482937996,96.66902094427805,54.348218780187,1101789.9495321538,,56.40096013580731,0.001931419783980811,107.03792618285289,0.9444313952283085,0.081697739735787,0.8877370207958791,1598.4784215438617,5070.020725988808,,,,
0.10252562188568266,82.0370920317849,95.68645433048385,48.24659722774437,961380.4528122093,,51.548017958212206,0.001966579290810954,90.74141257457894,1.0669020944685623,0.08034558557515684,0.772820398520346,1566.3144430541763,4884.617291100395,,,,
0.09859947943038687,87.10397420026678,91.99903754065816,48.31548431046915,1062708.4298963917,,55.3204527203009,0.0019002381955097209,101.25774822607536,1.0593860703856413,0.0841768851652246,0.8027680985089181,1597.239971963134,5117.898476637799,,,,
0.09784306199144543,80.1183378531635,95.55042329196286,51.20816375904008,982948.6789246058,,52.12350538974206,0.0018539336121120536,91.82409485085496,0.9936726106647139,0.08490940989624278,0.9268653929964277,1585.6249940813357,4717.698449554127,,,,
0.10522085594951316,89.53595908243179,109.29581437582583,54.431492120164926,1073500.6311219737,,53.57722447241565,0.0017352647420799977,104.50873294067848,1.0723570888652165,0.07891196053451952,0.8065851842198257,1622.8185765840449,5228.23970090662,,,,
0.09828086160937467,85.34062612590694,91.86177336967661,49.825918115281794,1044201.7119104919,,50.03853244679458,0.0017268701515063853,90.43760596678655,0.9035644030097816,0.09073484080745754,0.8975747208217463,1617.577181054434,4802.263628505863,,,,
0.10174700063998726,81.36270064413561,99.8424931922175,45.62617006276872,1121918.1338937352,,54.0334003258187,0.0020021611458658456,94.93285587594251,1.0775861112331637,0.09128461483209938,0.859886063794988,1620.9344825166645,5136.017750966749,,,,
0.09366283167857742,89.3699455244588,92.90855981385913,49.596653867571376,987376.7637272764,,56.03838359481065,0.0019353195013950618,108.72578812006657,0.9156317071165404,0.08627186834257732,0.7810717765371845,1723.1959506440705,4891.900931352609,,,,
0.09287356047924032,88.97168471181632,103.99873201217397,53.7820984080924,972530.5292780967,,54.438478552709235,0.0020261433577686955,97.32119994001653,0.929672737535366,0.0803353794647395,0.8872422436443206,1740.4650548975694,4701.96165493493,,,,
0.10153996406872917,81.73664678579212,104.80933973810566,53.40270284277704,1116986.406680296,,54.18298565475646,0.0017435761017103118,105.03427054222459,0.9641216332031629,0.08675172810954425,0.8967791139526105,1714.2906965089521,5118.130830527654,,,,
0.0906956903704333,86.99810845331179,95.1826974830143,50.30572955678434,949365.5174867156,,53.55402307650499,0.0017789598186307742,91.6610712405425,0.9173593629451677,0.09009568936321942,0.8644170521002731,1558.4806568720005,4538.161472080265,,,,
0.09699318572702682,78.58562968277262,99.72137489995603,47.604503095853254,945108.5746145969,,51.340159329311575,0.001991678960877176,92.13090482219006,1.0439742918334687,0.0884568594067701,0.8402866198259327,1593.6459582317834,4650.44766749603,,,,
0.10649735975693149,88.2500889930049,104.44825328371252,48.77427945156725,944630.1406262643,,55.55253391846378,0.0020561609933506197,102.80922895561379,0.9897378707914884,0.09129333096680203,0.8667760164544734,1565.4943592478494,4913.855650586417,,,,
0.0924806976512523,88.51701398436549,103.40885535069555,47.27609545725924,1048916.1412192634,,53.45678412829286,0.0018205640161382626,94.69259928594282,0.9924162812879593,0.08416594588264664,0.8699888873289305,1622.2003534673636,4820.171628724001,,,,
0.09257454017709557,84.55121641421978,95.28108922374702,51.06764240684329,1113846.189212861,,57.153569311391834,0.0018536477734740731,103.53065429065383,1.0125932463126628,0.08022815697416093,0.9302470822584117,1623.6454449604907,5025.3519142030345,,,,
0.10061217060977075,88.381884549732,100.34709573359069,45.510505285675336,1075056.97409288,,53.45429616623661,0.0019124828663574327,93.70533333978656,1.020131456783883,0.08715269418682707,0.8867315030788913,1531.7253272077855,5009.194955343055,,,,
0.1053035122980754,79.49535753539774,91.0352036635714,51.38321976428932,1079412.863941567,,54.938284692606324,0.001974388910247665,96.64148466710867,0.922890232096204,0.09392112791777324,0.9015459036779021,1625.1077505131354,5068.695678100975,,,,
0.10023565394160355,79.06730137444563,103.659508405951,53.82911292989816,1008192.6291202548,,49.43296226698082,0.0020776314217985253,92.65468861079486,0.9593623317815748,0.08158635381442128,0.8252960825354588,1633.941896403228,4813.403680914951,,,,
0.10635494240684323,79.27228632484929,103.12269098124791,45.250296900286294,1059904.206142765,,57.447840137438575,0.0020263875184385527,94.4749823847983,1.0485866183073478,0.0860547250184098,0.8044277201584303,1474.326343707315,5180.125506412169,,,,
0.10011521763797016,77.22225945841944,90.68611373835186,52.111186391674615,1125066.1334360829,,55.81253516290431,0.0017273307893055606,109.75148906550713,0.908643141534059,0.08692630288796004,0.8661772133087573,1476.3696196957005,5173.325367505726,,,,
0.10137154869188583,75.18774688110226,94.91024531553464,53.08526298874081,958181.7670007109,,51.66652021662605,0.0020636163993943617,95.92402598921112,0.9265527633059398,0.09266221793658568,0.7796838244036042,1743.032919223433,4757.875420928242,,,,
0.09718510730791695,87.39274445091306,104.11708300921838,48.36708828630263,1036386.8964120406,,48.371750400010704,0.0019025284241346104,107.95242941825683,0.9992570859629786,0.09352592431439417,0.8477330021552469,1645.1084069464748,4867.214332776638,,,,
0.09928097488698058,77.37120312516628,91.62728198453476,46.750009535187246,1007718.4604700446,,55.75757745492321,0.0019173644969252993,90.03378594328574,0.9407596274448369,0.07975150866474684,0.9329205816135872,1515.8855719395285,4834.876884661086,,,,
0.09071097038732316,86.34368994537644,98.33327977079772,48.192725106486805,1061972.6257153982,,52.99615234261477,0.0018567790704998941,91.35246161809178,0.9981461513063262,0.09026575772075962,0.8427903343637222,1608.3012921922316,4778.627446902706,,,,
0.09961345257273091,83.02453326099113,97.75979175392283,51.00643008241133,1114013.267559322,,52.12549746416863,0.001859243945743957,95.57220771137585,0.9966239436656898,0.08249055695476372,0.8647336981168597,1487.5236187571231,5050.547740328467,,,,
0.09426968648954469,81.24381947194266,97.8623704115734,48.481574963868226,1114086.6982062708,,58.37414533336715,0.0020319422910326135,92.52571287521766,1.0422394515745446,0.0865394054533805,0.9107714204166566,1558.1467687811985,4994.129612103853,,,,
0.10384339423727106,90.46023564538892,101.54573572538365,51.3702003079748,1065562.0672355269,,48.02168701282788,0.0019267511743979527,109.44511989290162,1.0105294281781743,0.07789922419053015,0.9345601661291534,1539.9216597354014,5068.610443696558,,,,
0.10039766658362104,85.19888336250105,102.74958792996496,48.635475079867426,1017171.9981881329,,55.63463275596549,0.0020263639180766366,91.55931002765325,0.9404415589720938,0.08215259798820691,0.8773242805978012,1671.2324005058076,4907.842191318947,,,,
0.09589305389752768,82.33234815835206,106.45169414511793,49.10634363836014,1117714.544056659,,50.04552962858993,0.0019127363290826005,100.17998474563008,0.9215156681493691,0.09085490969305761,0.77210869308547,1744.6529656383618,5002.428803844992,,,,
0.10731436652668513,90.59280881135325,101.98643810703227,51.798478919806854,979459.3661270171,,49.270663537983374,0.0017265441720849702,93.50309901278158,1.058884000852695,0.09457149567213446,0.8033442622680238,1695.4453483682948,4919.016414564172,,,,
0.09785524084074047,84.43538841935323,93.42244578845964,46.821966137371874,934067.8667307331,,51.07478513995873,0.001967289260419577,101.15339761134354,0.9281090086168061,0.08970655993302307,0.8774425738639693,1543.267084544443,4688.164523223138,,,,
0.09047991102320695,87.27821833605653,92.31004121816599,53.12840485893491,945439.0116767487,,55.56130682019378,0.001885638749101808,105.50128102429375,1.0573233464488239,0.08377267189472679,0.8452353699072351,1552.0868608459139,4706.468702863702,,,,
0.09706435765437058,90.48035017540478,105.2445450403497,51.80332470203397,1079319.422101214,,56.333852755897524,0.0020652236054988335,103.00936504500915,0.927061447086031,0.09100204569383528,0.8325398028698792,1642.2024377335526,5030.608630524936,,,,
0.09919031321235307,87.29718506729746,97.9248922648868,46.13455289988682,1022111.6290569216,,48.171291542072304,0.0018197374197762258,99.13285602600335,0.9206797113496654,0.0907998641803913,0.8015744856640911,1469.9481233025363,4851.464161510231,,,,
0.10449985413953063,85.59937057153925,90.6436432032149,50.584172679441316,1056648.0832649167,,57.84259901662347,0.0019862352462551086,96.51628525733545,0.9647345902426012,0.0921140384234505,0.8322469974529066,1704.168271818864,5140.804686078554,,,,
0.10934285669776814,84.75086402436261,106.57740266809867,47.29701412618584,959879.5903370775,,58.60149067408229,0.0017776564378540031,104.62586742583046,1.091466090700585,0.08575029065713724,0.8963622711579474,1625.2450190304858,5070.85427572723,,,,
0.1041351910730203,83.69067442226806,107.85156139328332,49.330860531833984,949335.0235329303,,52.86950488130259,0.0019260669213150407,109.28194460140097,0.9591830902930837,0.08341521291816749,0.7930543444893394,1559.5414042902505,4929.092877915686,,,,
0.0970965825392544,76.29170873152967,90.5179740346671,48.224037748466294,1106326.9750249602,,53.05273054747962,0.0017498840426306158,101.248238307116,1.024999640160971,0.08616359918219978,0.850171925934128,1675.4532295853178,5053.725109437192,,,,
0.10163544009164696,85.17274440101244,104.01816442480485,48.26457643476098,1041757.8176578695,,51.072514301515,0.0018211229188431675,104.85048215605872,1.0219614690872314,0.0814512043853116,0.8780712476064658,1730.8546683343436,5017.994205551614,,,,
0.10426000934160018,87.66243029506178,108.90281057458881,54.10807293975487,1027550.0455518067,,50.995126795494315,0.001812655273627034,90.63245788047114,0.9446258457996523,0.09470257911296065,0.924368130869329,1452.963904240691,4815.97835091862,,,,
0.09314055286755635,87.16361520814328,106.05658080477723,53.06616096263917,960822.2372997102,,50.61584639252773,0.001813203270899986,98.85995058942837,0.9624896269327462,0.08553334495945872,0.8742846299086103,1442.9612123962595,4607.668511626756,,,,
0.10805304403694727,83.1682382458155,105.96976285673676,52.92843814407242,942329.5929112412,,53.46527819409689,0.0019054887996248064,97.82784905189244,1.0993703119177085,0.08117743284272232,0.8724063726714447,1672.8683675451018,4942.347547100285,,,,
0.09321515133001852,79.3453797513989,98.0392266373794,46.58575062693189,1063988.304063799,,52.994357633671775,0.0018759537251833746,97.67498548481073,0.9928286512960988,0.08339945089944559,0.7723200758972681,1575.2258372674837,4929.343288122413,,,,
0.09016255414329681,85.90866603885365,104.67816848249518,48.91309281693198,993688.8694299517,,57.96543023058848,0.00177251946768265,107.20033933945807,0.9799984914795554,0.09355272313720103,0.840274356269969,1595.3413667837863,4734.715286981282,,,,
0.09790758805246524,77.85278274439176,97.93297611601581,46.43741761659692,1070082.972913578,,53.45370229419633,0.0018066946242032951,100.10670806862771,1.047187391043338,0.07967626202980409,0.8949632006850367,1573.2907474608196,4984.758689337645,,,,
0.09862466255603944,79.23185268299183,105.61176274164592,47.08560390439901,935819.3005200198,,48.46711244540154,0.001978916474267262,102.92065036597073,0.9781841925291119,0.08772238192613124,0.8415311015476911,1557.6614687362655,4674.82533057226,,,,
0.0937357238757082,82.31727089537173,96.23132232810163,46.96309989167731,1028214.8249106724,,51.861890046775216,0.0017567836417873902,99.75104677280547,1.0193290370321122,0.07970754786653449,0.8387148258446552,1592.0426253495746,4854.957159626711,,,,
0.09804722720741421,82.87685410867506,106.33802475762764,45.30509095752766,998333.5858747811,,51.35797770080568,0.0019234805969446575,99.76033146767243,0.9597851371080459,0.09278107600218581,0.7947460869119016,1594.3661910839526,4800.77646447075,,,,
0.09386955118699525,76.64717352305821,107.52626127689979,54.064980768336646,994744.1004524385,,55.304416781118995,0.0020897189894751402,99.73187278772654,0.9638441748959425,0.0929745093732972,0.7841321544632037,1719.3209777871957,4724.702829945805,,,,
0.09040639215321236,82.8163260949774,102.22007592708799,45.47984592219224,1010389.4913381271,,51.79279006589207,0.0018826098974046232,97.24348341220005,0.99762074746879,0.07799457423425737,0.8025476725986894,1545.8894204996018,4756.116188175213,,,,
0.10209268232207303,83.44108539452134,105.57315032424552,45.382701521932205,974140.5510854681,,58.50270941633078,0.002062536423738584,103.06565443626351,0.9058812388329995,0.08672828338026004,0.7954462261231049,1698.4914008624478,4960.6481029289325,,,,
0.10133182724515773,79.90658979700322,109.76894594997559,49.07916983090136,1060192.9787481558,,58.545872517567325,0.0020425655873442354,97.68722483519757,0.9515365506462936,0.0931056382902629,0.840902065968439,1511.679303161547,5003.771790302681,,,,
0.0987538215721358,80.06853677804779,102.59473130990841,51.38332155625108,1061946.9288850327,,54.1599742901516,0.0018917997281735085,96.54765991060766,1.0190619306141637,0.08462937588263897,0.8502081630347026,1612.5321442313611,4964.189860708596,,,,
0.09387254260125384,79.16363740940415,104.09184889459715,48.15164346971542,984462.2860068566,,56.228661320213696,0.0018037360192598795,98.95710209690532,0.9830361109577489,0.07943892177914758,0.7755170852696383,1498.4521900806535,4811.127835338696,,,,
0.09979189700539119,76.89641585772694,104.92687510593616,46.97655989183097,1052397.6071906006,,50.645633023452746,0.001985740984901335,91.6051192498181,1.0766085216109178,0.0875339551060986,0.9142259903680608,1461.953486717848,4833.812332230489,,,,
0.1039206764190922,78.50892963957948,100.6129199828133,45.891874180525164,938505.7393155996,,56.26286584168659,0.002062353025124285,99.71864554181299,0.9059524175721758,0.08800841984158024,0.8959395128209457,1758.86012134075,4826.984239763817,,,,
0.09761662089915789,75.39264741653022,97.05849970074884,47.70782562107567,1125826.9637390296,,49.976783539144684,0.0020482356638964836,90.1463298944379,1.0478048537217008,0.07950787385292508,0.8416295560310156,1557.7334823042577,5000.357636818623,,,,
0.10537529581766203,86.39230623287543,95.08016212859245,47.039457592540366,975593.1517789748,,52.720221992809954,0.0017978591986107313,101.50240770849362,0.9702448883555554,0.08924432344097222,0.8944163223274969,1608.5229164380548,4936.413798872964,,,,
0.09989607864295325,81.4979048657312,93.4886273603483,54.975513083968664,1030429.5155751999,,52.074445809524654,0.002021863477142266,103.20294681874029,1.0683458118987972,0.09102710113960744,0.8798662515571909,1469.081157955005,4912.718150190074,,,,
0.10104134690247231,77.72769913338374,95.60539123137725,45.95069937039267,970809.7028657061,,58.09280845122666,0.0017752518372544442,107.51320359616776,0.943560979379156,0.08567065532816247,0.7732991469714109,1669.4954644355098,4981.566250112707,,,,
0.09818646441840244,85.69423772914864,109.97096700542548,47.69304330865205,949993.1027657547,,57.14166106729942,0.0019040725753475928,102.95445821927851,0.938561643958164,0.09033329482325043,0.8563027483361336,1723.601662035628,4765.415229345344,,,,
0.10256434334855408,85.1809155077212,102.58431596921204,49.726314991723356,1109856.7918560973,,57.11511969486461,0.0020478712750099143,108.93620856892309,1.0101998313850258,0.09288528905008521,0.8351128170084853,1553.1445609141892,5244.916850201303,,,,
0.09736688832865743,81.55553703897887,107.71367158049188,45.89043531826022,947415.3377149684,,56.34938322212077,0.0020802273209603326,95.27612771773805,0.938736999692934,0.09170230756849364,0.8277622809335564,1754.3816800387099,4695.029902818435,,,,
0.10830748017943369,88.21861867237774,94.98551966364592,49.84071609819246,1052251.8759357878,,57.84942379098012,0.0018324759742410963,93.03101253788226,0.9037814773529541,0.08255477628044193,0.9035997399787487,1549.4282217168677,5153.881495990767,,,,
0.09940352036436843,87.4045437201001,109.86303285263155,50.27697463335771,937855.7117940519,,52.21511146045947,0.0017753063220993018,97.60430806777383,1.014250074025999,0.08450385922222202,0.9224110697563253,1537.0200345346354,4698.1640181262255,,,,
0.10078607975281284,82.15012184834002,90.0831473702073,53.903359640795635,1055940.1247251611,,55.06182731968974,0.0017592894522812314,96.53167527320862,1.0250599658447306,0.09024097377819833,0.9068796339968584,1739.0854239367775,4986.105134285369,,,,
0.09226527072457351,75.59307428746091,107.28277614200026,50.30731631242573,1098314.3202072696,,53.49716239013553,0.0019726289490793157,91.8771781680861,0.9018946457660759,0.08361135345242796,0.8022852767307554,1489.966542651688,4852.3075667117955,,,,
0.10443169435100014,86.35152961800603,100.41390180113619,45.74251097512988,1057126.9097676147,,54.4184373355509,0.0019838043512843593,102.07955068721432,0.9450243677342706,0.09227696842030583,0.8786791380450307,1703.9496556963452,5082.264376846965,,,,
0.10600885371215091,90.33332976182547,96.61514051837497,46.79981643839063,1013399.2314935743,,54.65719321939765,0.0018093009252198825,104.42077665900116,0.9397538074428397,0.0940762045140408,0.8959227770501975,1485.8489282915032,5025.428640197011,,,,
0.10027204244716861,84.3860283172018,97.61113500483951,54.98102144393013,1002881.2139096772,,51.15731827284006,0.0018855165405809759,96.9929083478471,1.035295527772723,0.08494998004686323,0.8265424451169139,1640.5805394704507,4882.492359092109,,,,
0.09087358582138383,83.42884380662798,107.47997994321237,54.609257016348856,1079194.3329177117,,53.965296520224996,0.0018998530409912165,104.30846157088234,1.0242809354445073,0.07905421431168651,0.7944328239421452,1452.1188012737011,4938.892278160214,,,,
0.09702643178204762,91.50421102900195,96.47524988813136,50.24802658682348,990230.4038172021,,55.05520482351521,0.001767371963934011,102.62476430439094,1.021794677325478,0.09046460464349751,0.7949756990915889,1700.5813485346093,4903.252444226137,,,,
0.0965120907193912,87.93784935756766,94.98785005519417,49.62786578522777,1035202.5097786306,,56.45478484393597,0.0017449561887188049,99.44609548860835,1.015302334125553,0.07837007257489388,0.8989477538495665,1740.7249659227816,4975.332097178121,,,,
0.0925485700585934,85.65792840500735,100.3363590179341,46.28892880557106,1094333.0248057211,,48.101463556566486,0.0018078310253021568,108.9844456355723,0.9386123517032026,0.08003265576812743,0.8041654934068497,1690.727646218445,4968.929118377301,,,,
0.09992590035514747,76.17382800000637,102.9369697778478,54.41859406399197,1012011.5263895664,,54.44870649451528,0.0017672830547624373,90.52512190562221,1.0390857834732978,0.09440682394699096,0.8969798867194698,1461.994275511426,4749.287160751147,,,,
0.10420190699819767,89.08439199766174,106.85573501236524,52.95214129563842,1122127.6650482793,,51.77511740786301,0.001962893401653985,98.87921579840557,0.916220442989218,0.08681329570664052,0.8631944366823482,1660.970372717059,5142.3092183912795,,,,
0.09189105602718058,83.25424133378762,98.73786933234554,51.8720445271539,964189.1852623154,,55.47598289044479,0.0018030973378806692,98.4263819400055,1.045642500810731,0.08931368026830631,0.9189572331591208,1601.948264186723,4636.089426390483,,,,
0.10952123199620452,76.2120126200185,94.81366454590767,51.430244462182074,1054698.8814534668,,51.16619452721225,0.002004073561075586,96.43515393810253,0.9230404679401514,0.0903288904262854,0.7912182157892087,1492.2961346657744,5102.210645652444,,,,
0.10284939336338528,86.6917414051648,97.61923898904435,45.91549651162236,955714.7227460007,,51.289860064756574,0.0017996133280993995,103.89722075444843,0.974935518307816,0.08961701979469767,0.8279789930017571,1728.3823738427222,4883.690402398097,,,,
0.09354701607508031,90.32412369956249,103.68249311661253,54.16058329709459,934477.1111271313,,53.81351204269868,0.0018527653110979373,101.23959060910902,1.016048006196835,0.08553924395014424,0.9271367767289876,1706.3453449684666,4640.687172515272,,,,
0.09470901357961813,88.16172947255951,96.69870628219834,49.38271647694957,1108898.5639993527,,53.68003916725962,0.0019900295749957545,103.30620249757689,1.0874524598559896,0.08179432999842083,0.8464524964162279,1605.5972300374726,5095.271632659836,,,,
0.1058798261432869,77.94000155428638,104.4837080764905,52.45676307408145,1105515.7721173386,,49.296041837601976,0.0017272801164173416,104.966170141759,1.0894679923476474,0.08809651524471489,0.8298040609898293,1759.817840423016,5169.543555692877,,,,
0.09746778818433495,82.66894817438902,109.38064890449459,48.432711028990525,996122.5032032104,,50.2212193841401,0.002014088807748632,102.33528440157815,0.9332042306320266,0.08170636938700204,0.9242696834490866,1502.2404813862634,4752.187749709154,,,,
0.09799598135885046,84.59528574537845,98.26127007209234,48.22594899414852,955291.8548511636,,52.2635104286287,0.0020595427026027964,91.13781919255388,0.9835659822001317,0.08376006944348219,0.8231637262454236,1760.1893151003078,4750.183640562147,,,,
0.09592821171829558,88.51582667996392,93.78231337943875,48.72962812738818,957060.6400292992,,50.93372276351365,0.001808088694649227,96.0210544208482,1.0396022482040053,0.08859243738480173,0.801561717127386,1724.1994018416583,4744.810741335191,,,,
0.09613475204123807,80.71930470985072,105.25969039361085,51.181950952864,955332.497657582,,48.18764848242335,0.0017924140349577472,95.53977988110798,0.9636104754670681,0.09101710145772764,0.8054519991524602,1599.8470404249297,4605.762062302629,,,,
0.1099950330117042,85.6321723261007,94.9154603926267,46.195444348418576,1033618.4516355443,,48.43149080430797,0.0020520360509545805,101.7609832610839,1.0377446558216654,0.0904661650505928,0.9323235887390168,1683.751775703611,5082.566541752358,,,,
0.1024594192278267,86.90515922508034,93.83742560889979,47.791963410031734,1021891.6781793548,,50.13036871375537,0.0019271388033927767,98.65352536388241,1.074174546137822,0.07868234473779878,0.8442343576451355,1680.3728711141339,5026.772512369735,,,,
0.10107769362777444,88.60821622822364,108.98856258248361,46.96005619019885,1007362.3990588408,,51.42360185728555,0.0018312076159351166,105.34786878373028,0.9000526053252813,0.08607851224755383,0.901108316597415,1664.6470416429281,4892.423038764639,,,,
0.10724164008347786,82.70116050183186,97.85523026793473,45.19067424357691,955200.3265036319,,52.79138355524347,0.0020106276395675175,106.50505538562653,1.0976317800420263,0.08099987253670966,0.9002767200666456,1557.0476035885595,5015.46248979964,,,,
0.09743093389436004,87.71767320245515,94.53515046117982,49.56657426791228,1018072.2802895671,,53.69958324338581,0.0018660322042712196,99.64226586195902,0.9534638605165053,0.0922620073484432,0.8932971810786133,1578.9965251329425,4841.889746213707,,,,
0.0945963746155544,84.94703474253606,98.06016388609844,49.33975311305039,1037664.19260624,,52.50452305261059,0.0018666518663941162,108.42720049042163,1.0738462255300785,0.0790713589056208,0.8614851911423271,1620.3399334735475,4952.552938035469,,,,
0.09661680801109901,83.28682407409097,103.86215933739169,51.80978246530582,1119928.466771277,,57.11574766294128,0.0020676438432562978,98.65940357407355,0.9738510155574086,0.07771678567496192,0.7816392456515979,1446.1255391206705,5179.561031762302,,,,
0.10164696094427145,81.1917876478895,105.83156861045369,49.766798648297936,977705.5488385041,,50.46731358403383,0.0018098672525974292,109.18795779986772,0.9238701529431216,0.08720606805732405,0.839814554483071,1520.8157306623866,4850.648560854708,,,,
0.10402322501714859,81.4860719041506,101.53116505728954,48.35375307632648,1062478.401951932,,54.00047543687559,0.0020016043621007553,92.25996768502579,0.9622261890694993,0.08461590430056345,0.8892829274556789,1754.0749936930574,5030.684167514817,,,,
0.10468874152993868,89.73674350236668,94.08627687956461,46.92487795932926,1087772.0324315734,,48.92563766749524,0.0018223654845831438,98.18774777599744,1.0433652049264512,0.08172484022467559,0.8722025758999241,1577.261985118466,5127.93672388082,,,,
0.09451711838971018,82.65051644231305,99.3857026584967,46.95551234108753,974993.9668041908,,51.40644974866924,0.001865788052929815,95.85666855024537,1.0508816239016778,0.0851305222351836,0.8491612565285069,1564.848699886261,4710.796990692088,,,,
0.09493871417959586,87.90294361218535,99.13507084397546,51.8666670066463,996931.2021576521,,55.503796876470446,0.0019737136245845934,102.81404266287592,1.0370131459240794,0.08240241784795599,0.8864063890640069,1551.261946232407,4846.542676696989,,,,
0.09446548626829027,83.00175050344238,94.18531574631811,47.16316240103098,986903.831153762,,53.941194440180986,0.002080807084284029,100.6405869706593,1.0246422688880523,0.09340487513737522,0.8234470823480704,1462.6886791909255,4760.847396261828,,,,
0.10065126118466564,84.99734675534334,96.94118516874283,46.18320043450325,947615.7900677307,,48.28642201840837,0.0020263839241181918,102.23564530397782,1.0878499720635282,0.09047355040810177,0.8992251219693302,1469.6024208771848,4759.184130380949,,,,
0.09838496548234225,75.85946947179649,103.0855821372008,48.003765962312514,1009966.8968633938,,54.070182679041714,0.0017710372902025756,95.11469245247154,1.0318544001816579,0.0862600727567816,0.7752733744665334,1539.3279604277832,4871.522606040996,,,,
0.09996902062932651,84.12855873499664,97.61191740611298,47.07666739338515,1090766.9594147117,,57.27604092306641,0.002038975452759887,91.92848616287283,1.0652956904380626,0.0819780472997882,0.7697627693201636,1446.4348420102078,5192.179213696249,,,,
0.09816311498592498,87.24253410088568,97.21893211887668,52.67084536469685,967075.4687674495,,52.77291959545319,0.0019089016385701926,91.44988151167598,0.9183988304265888,0.0905987977332479,0.8849536242559416,1534.9548635525555,4685.797492607677,,,,
0.09498009520726958,82.58136740659494,99.11669369233623,50.26416614284833,1085573.5912484832,,50.23022862788251,0.0020425321686922786,99.9344370788267,1.0489228604531735,0.0867978655000472,0.908926954289775,1578.4947496258715,4881.605486646502,,,,
0.10303287739501017,75.81252767852484,104.41127751121569,50.540137939388266,1037724.955573462,,52.54428330123239,0.001787384845572757,105.8437515228142,0.9465557788687493,0.0893942977153185,0.7851140332790723,1744.6239518265688,5024.251927038653,,,,
0.09875862393832817,79.8264074743723,100.85198662832427,51.11733367310284,992286.8045490131,,56.08741270486699,0.0018818896657943364,98.8774144924015,0.9515164913080069,0.08495602853648154,0.8679096536898525,1649.2527456041128,4843.86890098582,,,,
0.10416170232924254,82.04754506557127,97.39849295497824,50.89782413352846,1067559.8140296093,,56.55502569176805,0.002017474909258481,108.62745518290684,1.0206077687570692,0.0933912814394313,0.9057970999903499,1618.9308912445185,5132.156493077437,,,,
0.10459363663078235,88.94104986117745,95.18220895743028,47.2627060362578,1043958.5621372603,,53.73942799981709,0.0017253945329929819,106.08024509057094,0.9114189651143061,0.0881568749031066,0.8767560324065007,1689.507352936238,5101.923064251198,,,,
0.09962273561735492,79.64063958970524,93.66942294985054,49.33895664701124,1067397.1234261415,,55.91480565840815,0.0017510865147981178,93.73434615044009,0.9270379798211424,0.08675108609986913,0.9274980963807138,1498.4315578023297,4933.884271556365,,,,
0.09376139570897243,78.63823380023203,105.67022201014996,53.2194215892589,1022049.0432999139,,52.77232963143932,0.0017806490737750718,104.78958506151619,1.0964551635307775,0.08372224097721388,0.85296421187295,1465.580260063429,4810.691196126939,,,,
0.09858281175404197,78.82785931777886,101.13377711636946,51.68134904404007,1005670.4683682997,,51.53148629468695,0.0018911935906299239,103.10068311160028,1.0498561305278638,0.08217354766205762,0.8708627060839692,1485.2338857679322,4854.356020014255,,,,
0.0950501315333642,90.23816136474944,96.51939905540688,52.68872170244049,1074988.451723237,,52.65667585822303,0.0018417028484276512,95.87416810237448,0.9684961315923382,0.07825682311460858,0.7775728216809561,1569.2717420676624,5011.733906344016,,,,
0.092943709847272,78.29732124469935,102.21311604854981,47.276139825544526,1014759.0498761638,,56.8901198254929,0.0019134940052777686,93.03618426806128,0.9822412148122157,0.07816660207375709,0.8156708434034126,1605.446025990994,4824.621570498845,,,,
0.10403452229711069,76.977475230874,102.71289995876765,48.009241400870806,1086957.9382136497,,53.683843552214405,0.002048679422418839,99.3213838355882,0.9651029511770952,0.09063572753582921,0.920102378511077,1698.1603030739004,5046.4107203379735,,,,
0.10005929392497348,86.15588698476516,106.16273963882972,49.42631463523572,1036427.5179561406,,49.10539849352275,0.001878481928025882,93.73987615917176,0.9397148591213224,0.0937555462844751,0.8255721700742309,1713.503054482734,4836.497749581549,,,,
0.0979387944039765,82.80303232346714,93.94741218334948,54.70319046856158,1072415.768303415,,53.396107106926266,0.0017250476262096195,107.70145925290421,1.0022680013680743,0.08095298418303104,0.8181876708532941,1526.6533984081927,5074.620159956014,,,,
0.10938512342687448,75.07421699446397,93.78665130306057,53.05390930111803,1036841.6435308427,,49.983835678772095,0.0018941858093311072,102.32403345263934,1.0713676977370714,0.09203305130323719,0.8269955079013056,1513.94576421372,5081.640129535193,,,,
0.0903044659839711,79.08627232766229,98.35808026492332,50.31223396160858,1009872.4153228041,,52.34182441369374,0.0019187599807531357,104.59662634387598,1.085662962522769,0.08677521582404647,0.783050283722978,1490.2405058270654,4774.411831662929,,,,
0.10304885177191195,80.2846067703148,99.84190675840415,47.92699477300785,979784.3478927249,,57.236700100147196,0.0017579959936140162,98.12860673927095,0.9247617746531347,0.07909178566113868,0.8525730347864567,1484.781141760148,4939.477482096128,,,,
0.10017847500922256,84.19005623810098,97.58201435026413,53.45300505189444,922902.6204189104,,58.386444750294515,0.0019126201116600496,97.69172131118768,0.9989106686626206,0.08621836271417099,0.817128637818646,1730.0649330311173,4797.255307527859,,,,
0.0910018137783662,83.309649135073,96.18765206976782,54.80529274289668,1072949.087417102,,48.38448845485572,0.0019031481983738294,99.21672621273065,0.9920992638718794,0.0923137222408504,0.8925457449254064,1636.3245337920414,4730.438692113696,,,,
0.09785505757788798,79.2985201293915,98.42824029561974,49.18709725836716,968668.2836423985,,49.988896741637014,0.0018051146416438466,101.35861535555372,1.0019300210634599,0.08597053131973181,0.8042877048423468,1467.8535370347702,4761.221326030535,,,,
0.09343235859390922,76.36478610689815,104.59538674461173,53.84077501553573,1125521.6461602119,,55.16306013518979,0.0019232506807939924,94.97250135261314,1.0615166812140875,0.08014159298063829,0.8050702049866658,1698.678904856023,5045.520330184222,,,,
0.09926313406597914,76.0548930523773,98.69608807513546,48.90397704283486,1039411.8442030135,,48.583868920325465,0.0019057920662817248,94.65453740879558,0.9810908621902037,0.09305124033551244,0.9150205060135913,1705.8828150588292,4778.008318214001,,,,
0.09738949321288214,89.17341242821874,103.7539946675893,52.14113832195319,1018697.6075905276,,53.53296130370942,0.001936642487850459,100.47467528421146,1.0018885546437346,0.08229332157828072,0.808729042596121,1669.550067184182,4936.3687247563485,,,,
0.10583287301991368,89.87712044011688,95.51421558813037,52.8740548333402,1045640.3711143446,,51.844265903334474,0.0017952364977496717,98.61531083203239,0.9046800414429237,0.0784608966332396,0.811989637054999,1511.9171654745232,5116.49943269793,,,,
0.09462325841196345,89.93361141882245,100.43485062882817,46.03995360487041,1010368.0783890783,,53.25941938716299,0.0018765513098028847,99.25291375306101,1.0100161964512073,0.08588565693598599,0.8046399954526934,1445.5803702501842,4851.288931460115,,,,
0.09288806344266153,81.72484066450882,98.68999301475935,49.94811424376594,993349.7398281413,,50.38388900442412,0.001839289246582318,99.08790781852275,1.084982204420715,0.09083339258726725,0.8515519019544635,1517.253449024551,4685.928817549156,,,,
0.1077152965870098,79.58115583926998,101.16590209192586,46.64309045634559,1006386.8371533145,,48.72346459766805,0.0019459071338904848,99.99205929624284,0.9142423229700771,0.08517467763691315,0.8261281256547549,1645.328198108141,4987.305434297688,,,,
0.09478756627549279,78.8291260902946,100.16191326331662,49.9033021593737,1053776.2247600656,,58.59551140677435,0.0017964143654171027,95.57853295196,0.9014865789596282,0.0945476746418239,0.8215107517553268,1558.1641571688594,4861.412338633671,,,,
0.10200080387752673,77.18793210060136,96.38392089463812,54.54486944220304,1107982.6514988535,,48.88454238689179,0.0019773808713436486,102.931000557458,0.992040318875124,0.09403096764202229,0.9242695714375925,1672.158203210842,4986.049432656967,,,,
0.09368670313619423,77.83587912902657,102.67675856207809,48.000734539120664,957681.6127260312,,57.277846696944515,0.0019015767923885431,96.77022339729137,1.0123210242994825,0.07789269486202309,0.8596905465773158,1583.0652089446146,4725.469064140738,,,,
0.09612583973477043,86.44273823562331,99.00691027218632,46.78356997327827,965994.0259389278,,48.57294574880202,0.0020607392517567255,99.81899163816311,0.914645960316766,0.0876408498341109,0.8866128600319992,1529.0623257103084,4678.091386070839,,,,
0.10787181856977046,82.14344702222402,98.75645928653019,52.386224904632414,1027436.39478234,,52.88128165074473,0.0017220300161347281,91.75480902754332,0.9874808430427205,0.08520668400867586,0.8997625046842584,1623.7540453302142,5003.03697612383,,,,
0.09287078291680416,78.65680667471287,105.17473784153069,53.28211268355967,968644.3692732097,,54.385884566165245,0.001895922937053698,103.31292470979925,0.9370129603678801,0.086312856735447,0.8008485782444723,1653.763692778824,4691.6102126456335,,,,
0.10190759823171258,88.58595105041935,101.35438011380037,51.19013172577883,1046701.0025182982,,57.686774846981365,0.00180757985225458,98.60972689794433,1.0364149392258288,0.08377426257619597,0.8458445531385428,1622.8227007681858,5101.655551593427,,,,
0.10383916819215191,79.99250182704387,93.17457823762686,50.56441501197856,1111678.8483118122,,49.440516027491476,0.0017875786395622965,102.73661881109636,0.9729171814386001,0.0910206166537962,0.7837931358202617,1560.1864826654837,5155.824219410983,,,,
0.1093415640030053,89.37555285786753,98.38274513375084,49.855768268373524,956544.3026897568,,51.31128490744161,0.0019274076891806098,92.74485970097825,0.9268734029425871,0.09223617991985963,0.8806123715572842,1458.9852302860272,4874.898652334575,,,,
0.09047533487752574,85.57622929306989,92.89578132247786,49.974191168198445,1029585.2642036312,,47.999984948804546,0.0018994683661637314,105.94524423623987,0.9383445791736795,0.08901955583941037,0.8303927201564075,1596.2479266459945,4743.171952218187,,,,
0.09265355358813311,82.35074460760596,99.7274940563467,51.79531615218897,925896.9958595908,,54.022443990211315,0.0017835280996830482,106.56996648580107,0.9127776721911975,0.08605783702248684,0.8889484485130107,1534.339770090857,4600.996445107776,,,,
0.09279287589825057,83.80621677975637,101.13822439892257,49.537915112501764,922620.7779031708,,55.4880750262675,0.0018345859263313128,108.1227675008644,0.9785941957756661,0.09442931967024304,0.917619994055408,1484.919879208281,4582.059476415736,,,,
0.09814541594365789,82.6877681744164,100.57612761967498,52.68623631370186,1090382.402440391,,57.02329251678454,0.0018949488953007264,101.82759883127946,1.0272624982472216,0.08969165374266035,0.8627044116873918,1561.353915575249,5058.342353363347,,,,
0.09790953958225605,87.64749122016558,92.81144916728661,52.2267618497961,943709.7720479441,,58.29846399148812,0.0017545381913378882,96.91199858809195,0.914003908428383,0.08407412514058861,0.8456021040361407,1624.7795798078926,4789.214035010122,,,,
0.10855297949141703,84.14529436940909,98.05419610326425,50.78096831743185,978167.6186131432,,55.68143306393757,0.0017577338807492793,98.54108019895004,0.9278295702521026,0.08821696707477933,0.8185909267932582,1483.2704695307762,5006.862170212606,,,,
0.10444418192479972,82.16099860696013,107.95436231454414,52.807614550299995,978992.2315593779,,50.40673690258394,0.0020459282568829236,102.7471205392964,1.0286496811622474,0.08150059433955052,0.8822057191542797,1632.86609119707,4902.435231956562,,,,
0.09602716607744266,86.53782332686663,91.2506358988878,49.006409013029305,942441.1627618603,,58.62882170647875,0.001897791926793542,97.99309815345352,0.9400288494720535,0.0806309737467797,0.8281369188210939,1519.789509567912,4797.782040213101,,,,
0.09614757484333429,80.32385741839909,93.73108599356148,47.85870573528111,1001957.6693630653,,52.66814893357752,0.001910784250495746,98.28514634294065,0.9836833794169214,0.08106032847694604,0.7781517194832025,1740.1763977268752,4887.500685554302,,,,
0.10894821358816441,89.90262736017566,100.4602297876545,53.557374309015714,1008201.131120373,,51.70433589335528,0.002045987332805943,90.56304956502842,0.9265698464243379,0.07991119005950913,0.7883487299454459,1628.4330027009182,5068.128605354506,,,,
0.10461039655241429,83.4479842896862,92.96654341823812,51.81220501805055,1041521.0408895953,,51.321932879348864,0.0018178128315197407,99.22489229175753,1.0345606296318222,0.08335319252541926,0.8610551766914482,1674.5328114363344,5059.228508613996,,,,
0.10356357127149518,81.33853159156463,109.05751048177068,52.235069453131125,996809.5258446524,,53.69110718997353,0.0020418825218082256,104.54105868309485,0.9246068010524084,0.08209984550423192,0.9254706986561486,1587.331658837958,4910.143895130185,,,,
0.10974144497161308,87.47176442573661,99.12582582389045,45.89387630254447,993650.9743394852,,54.66659115898609,0.0017125954476818934,106.31479828924184,0.929866850768981,0.08593548744242363,0.838577551436941,1462.2406259526042,5118.938172181622,,,,
0.10358768338879253,87.94655515795792,107.53111481753459,49.683014197606546,1058989.0424349355,,51.78797881730103,0.002051689480700636,108.18774308933463,1.074974412715305,0.07762093130296686,0.8184857724489836,1634.421674927277,5179.372203449783,,,,
0.0956697389101931,79.50404383298668,92.47941588258315,45.94880468094931,1072784.8946185184,,52.087352411297346,0.0018313231762533044,106.44673288050686,1.0195655399776382,0.0873307494307676,0.7815991393521321,1607.832741354025,5032.271909658867,,,,
0.10135808306079935,83.8403274567035,99.4030971243632,49.67422703497444,1113976.7139678583,,58.61125875567564,0.001986032104235347,104.06471031838993,1.0753790618448842,0.08648116404207698,0.8927368948135571,1467.987182489334,5219.377970574961,,,,
0.1083848855171913,80.65973088285082,95.3592541881984,51.44711361788789,1069493.2749180489,,52.0461017849981,0.0018078319774759623,93.57791570566133,1.0178365835604388,0.08170523835356425,0.9016326103518475,1495.5400660430748,5104.261363302695,,,,
0.09833046550427957,83.26886464288681,96.61080245747358,54.670490449095745,938723.3629296384,,55.063091246361765,0.0019880360256580845,107.86582288847943,0.9896568809887106,0.09373260068914012,0.765297101120949,1620.4618065809157,4785.1079269722695,,,,
0.09387966988996793,89.78418687709278,104.50413764030084,46.25416307357573,1016242.5657828703,,57.32990680368364,0.0017229734072442993,100.83287455525054,1.091169842249431,0.08507535843178247,0.7827475041860613,1565.9774924077121,4945.889041450312,,,,
0.10913718546374712,86.10436769576876,102.614636658327,53.95356962719613,1007800.2258802713,,57.68177760817513,0.0018677578987221738,105.47192175181124,0.9801364817247843,0.08117896210018201,0.8622108442161982,1676.277887542472,5176.721243111296,,,,
0.10097963884963645,85.12342965240394,101.20496278310864,49.98077178556303,951318.4672931754,,53.18037865618587,0.0019062020996815036,99.4150158072365,1.027736940478475,0.07925249714322473,0.8498152639149441,1643.0915393615853,4858.122813211635,,,,
0.10925009516659293,82.96105107891235,93.45124616543964,52.599056064132846,931382.4293467023,,58.59800100228755,0.0019871617376840457,106.16792415472514,1.022219381731724,0.0860711075539918,0.8899221228257228,1509.018393681908,5012.478437535765,,,,
0.09963984555412808,80.24756702867751,90.74088640478185,51.96313446599825,1058553.9539571751,,58.62557454664552,0.0017833678417087694,98.10741594941554,0.9468824500632657,0.08578082509298596,0.8186668641441326,1699.9024336567957,5080.937401372728,,,,
0.09649536947746283,83.23768987130184,91.94332162946021,47.934888915714176,1049374.8950613185,,58.471223772777094,0.002039591581635329,96.48077157102146,1.0867066157677594,0.07901085240582638,0.9016288022232859,1483.1263870996713,5005.3830684289915,,,,
0.1001173497139145,84.4191161274869,106.52619955860168,53.35180501559908,1017204.1031572896,,50.93672101194853,0.0019115220732304806,102.81161931092755,1.0760016124760645,0.08226189465402209,0.877326721662867,1527.6920899116612,4902.30016304367,,,,
0.09245783493260172,91.47619532686923,103.31154426563332,46.99209141075272,1098699.977106806,,57.911756519279756,0.0019358485951654375,107.49036731746855,1.0632334981458818,0.08242140153784033,0.8741597045864139,1532.9496322748225,5084.970290314219,,,,
0.09665606285349404,91.290767589133,108.77523916517231,48.39026742601436,938367.050130926,,58.1704744360482,0.001970566862933696,96.64712596143342,1.015380182562881,0.08945844502634051,0.8232125103433233,1596.5698765517475,4734.919021167619,,,,
0.0942105851948447,79.03619061140016,98.11875337814558,50.893831304398596,1023139.0579153985,,57.54494524786249,0.0017550756509964423,100.82758901643302,1.0679936512150854,0.08457794931140594,0.7826913484713096,1646.760279560961,4939.17099012808,,,,
0.10670623873478112,85.6352762790883,90.32663449744341,53.43474843862816,984423.7221196579,,48.25408545559089,0.0019010260302742155,104.88844546525988,0.9778564392039132,0.07971168405281134,0.7666783166557554,1518.7804898317825,5046.502616010307,,,,
0.09714858622099842,83.80917604500577,100.3016235833206,54.13412714332336,1039126.3461377335,,51.9714460536964,0.0017290977927785526,106.88055048699448,0.9715861886618871,0.09442027055083684,0.8315861585754943,1454.8826412154783,4870.796106709299,,,,
0.1018317083248032,90.05896024528957,92.13923668148169,49.12343508806939,938628.2158069421,,56.20473518553578,0.0019540540603053816,106.0966690352865,1.0216665127351503,0.08614217606009997,0.7774913786443363,1706.9819558940633,4965.232235461091,,,,
0.09151103030418356,76.73437195558058,90.86151719424109,49.654516441865475,1004844.3428418192,,56.47461339670169,0.0018257649207839837,90.59533981029621,0.947504222323879,0.08919661563684346,0.8561409992411171,1649.6790306463054,4685.379714824093,,,,
0.10336695656489969,85.6738844425094,98.09789254070849,48.76488769358276,1033754.1730466416,,58.37904934191179,0.002043800404625551,107.18782281289651,0.9297006793066303,0.08384851411865879,0.9332318663737244,1669.1274857992714,5095.5628164823665,,,,
0.1070047225418678,86.60752125328466,97.2862958728151,49.41456174524016,947624.0619999521,,57.54016049970114,0.0018905723310256195,90.98643413780796,1.0452819141507403,0.08989893058201216,0.9325056659673886,1591.2148483563626,4886.724946236186,,,,
0.09234829777641435,86.13277672347162,101.12014859584133,51.535507881803845,972187.558915834,,55.3417593815914,0.0020157277950488316,91.8531629533657,0.9295911930145533,0.09244581526449426,0.9152865898154442,1491.705134790947,4577.582716912776,,,,
0.1000891095453857,90.75334908598745,92.3670302042623,53.184637131056654,1091403.586543407,,57.18417201973687,0.0019475105306754562,93.51140071304178,0.9198251731930716,0.08740902988801495,0.9010016393752424,1537.1019694680122,5058.062677812704,,,,
0.10620902907988279,80.73824117705935,97.98533256218943,45.18020751127305,969117.308312118,,48.70652069450965,0.001809095834234361,100.73911973125055,1.0474761087337263,0.09086585535964078,0.7856670601758062,1581.2459091930739,4923.755387917556,,,,
0.10353819355990126,90.81272029485578,92.53184498446892,46.49026482876313,1053284.4883697473,,55.01604753478647,0.001951313718262162,100.74692504786384,0.987656501867836,0.09327190510376594,0.8603094791180631,1491.8569124231765,5090.855158615928,,,,
0.09731023672326056,86.09736277951666,97.51908990098033,47.680788018375445,1027689.8017917676,,51.451744364775855,0.0018740613415272728,99.58493228834195,1.0427797825211673,0.07941325750551824,0.8574799466977665,1637.0751321620498,4925.645339740186,,,,
0.10116403929306819,89.51476354377367,106.59342203012656,51.69814341735513,1048068.7759261291,,48.361326170801,0.002076290364346754,97.1815715826144,1.045269001334017,0.0787751655683356,0.8011620543526445,1555.761206726995,4993.266075083759,,,,
0.09695230371542889,84.07755041010124,101.96476729598342,50.70202706695689,1036355.9590512812,,49.26628003697311,0.0019855026383980797,94.78267770007915,0.9355526221436136,0.08928454410331504,0.8582862642655703,1579.995719308127,4779.243634338838,,,,
0.10360018995692302,82.35257859319019,96.35619199835959,52.856294764568,1020005.1304349384,,51.709487094307455,0.00184387193975317,94.93326849581052,0.9683275849310414,0.08267540096023622,0.8076494630381141,1452.1400586415782,4965.232125349606,,,,
0.10314283569188845,80.97488338546165,96.55499719563873,48.518609185606614,1093240.3979154085,,57.90346693192198,0.0018674246096448532,98.35592803200568,0.9695257272452477,0.0804527661190873,0.8934001022581025,1494.0907103737331,5166.978743008148,,,,
0.10346725423418511,80.36123802850207,101.56476928478706,49.24300887486929,939343.5483834156,,54.820640570611964,0.0019810383015366594,99.81194478633122,0.9006971539787538,0.08719194943059451,0.8394964553406672,1514.8293272798867,4804.638038867572,,,,
0.10282762775360665,88.64255024892452,92.37691223547645,52.80911229025017,981917.8859457173,,50.979764770272176,0.0020541908056017403,96.98453735738093,0.9667337103979976,0.09036608392206061,0.8180192317633035,1460.1694281045372,4872.723723762321,,,,
0.10225203214820842,78.92297273325445,104.56534713125008,50.719911656584635,1059220.0897615224,,53.009738331354065,0.002015024139353083,102.79726087666366,0.9530105856308885,0.08041258162661355,0.8106501390342954,1509.6300062183782,5064.630985569731,,,,
0.10093294950591712,90.43083776806239,104.29925230531893,47.62399815178177,984084.858605477,,49.51909521050255,0.002076053034476348,107.64362911429271,0.9216875186932865,0.08966130320123854,0.8573994366278869,1690.8340890983725,4871.667319664827,,,,
0.09640541918862915,91.2675772760585,98.93359865728387,50.38447959004137,1069893.2679455413,,50.297379675626665,0.0019746002651591576,103.91553174965593,0.9902763059910671,0.09244720328683151,0.8888378844393549,1513.6893114598572,4907.588299288459,,,,
0.0949555001817383,90.38855542784586,98.51517322396847,48.3613538842505,1104262.9233904665,,51.36438323720742,0.001844944301737035,94.85556924796698,1.087325447044561,0.08428668818265969,0.8484427820990729,1459.7408067700867,4983.5106018227025,,,,
0.1004509561873561,81.07916824850153,109.74046037201101,49.136342232956935,997768.3091592927,,56.08629540117368,0.0018081430523948024,106.38016984757333,1.0793450684368422,0.08130746528114444,0.8373472212725411,1624.992548202995,4982.578218481706,,,,
0.10033827957921254,89.42507926715595,98.58130209291195,51.958710690660524,991201.5458581235,,57.834226619872325,0.0019019876526529809,97.91549926402357,0.9026224896937449,0.08148745649406178,0.8222327986000979,1536.4742540240143,4948.264578105348,,,,
0.10037827827926281,81.6875513092345,91.00024549594411,49.54713242817726,1047135.4108230443,,52.97918807762449,0.002080037636704265,92.84766555784736,0.9865475702924693,0.09455866300862212,0.8914380788148789,1527.6858652740077,4889.1271183488825,,,,
0.09706486772736513,85.81512717480986,107.74002120470215,48.08644481201657,1070932.2998353788,,51.53809717782723,0.0019206992558473827,97.87792045846105,0.994768909984508,0.07806010522702306,0.8670216064211442,1736.90821632199,4956.492426786737,,,,
0.0942701129363283,81.90398787974192,100.41422881393216,53.66693583794599,1109306.8061848278,,56.9760035658735,0.002012173949286528,104.58369008353867,1.0616716743759895,0.0880125505095293,0.7795351276032485,1528.012621953887,5125.185823767712,,,,
0.09998538492861138,85.23746687080774,95.44952768602478,51.627594147136925,1044269.0118472782,,50.9717831081984,0.0018669595644042352,103.54887210705357,1.0007909335542298,0.08185915664409041,0.8102553733934836,1611.8825130258163,5024.135585959758,,,,
0.10514088115114112,80.2941261847534,93.46361038789385,54.51757050404479,1094672.5143591322,,50.06455945822958,0.0017836863084379536,108.03940488781573,0.9912811052615761,0.08464730134170226,0.8437963758618535,1717.168391059406,5178.6404468845985,,,,
0.09258273219474211,85.1284567745649,93.38847681701911,47.61081550896497,1068130.9399083052,,54.810700230362215,0.001897761189424698,96.42753062078161,0.9035888518463943,0.0871520623029497,0.8304292225687403,1689.5565589450111,4899.306862834805,,,,
0.10230565039082806,84.7817305153515,100.70523930779522,53.41519714228312,938574.2757000511,,58.21422390665879,0.0019025998456062402,102.63721855485555,1.0829439237649559,0.08746105415443489,0.8309430595959236,1569.950426567332,4889.411778017701,,,,
0.10040028368142113,77.77099053675387,90.2723966402235,47.37340019260803,1052755.2544647735,,58.382207533570664,0.0018546047889339509,105.31228887089293,1.0081868293435992,0.07886359698284144,0.8055549157857845,1672.4459644257754,5189.204673368202,,,,
0.09869637428628088,91.26912331311927,99.24780333641633,49.89871253272303,999959.3683363515,,50.19280387284313,0.0019546137876286585,96.22363269976103,0.9690713664418055,0.08976153370414422,0.8032953607866129,1619.6209219139328,4837.208878228984,,,,
0.10655959565738989,83.00771645878142,105.76644482928859,53.75071830107594,957553.1110227567,,53.161214548961986,0.0018729281060867805,108.19508509467646,1.0645258783555414,0.08871510945389834,0.7800538272787411,1692.2919479064242,4993.956607964709,,,,
0.10581051773804317,88.4616491901787,90.01819820683968,49.6592623367183,1054334.7858564986,,52.68239149867683,0.0019615884036120607,96.13815364572865,0.9753738537106083,0.08883586069363522,0.7975742676950809,1527.4701988994238,5131.787714238005,,,,
0.10235892074739546,81.84453058593967,104.22820080859165,54.87854233273551,1025318.4379440163,,51.6977866694148,0.0019711449708723575,101.58600829250568,1.0345743024808989,0.0873509822313951,0.767090118796585,1712.4375393620003,5006.700259031151,,,,
0.10011487981976477,78.78683983520459,105.59603294528361,53.77771940908096,997745.5185284722,,50.80987283851721,0.0018496092020192083,105.88968032491994,1.008932789133234,0.08569982643783708,0.8067220790640464,1634.6496161600635,4878.642398687373,,,,
0.09459845258580413,83.30296235027751,98.021188681091,47.87838043456611,950918.4062519144,,51.346734214903755,0.0018812089250708113,99.38804904991831,1.0704050630610213,0.0884988940767252,0.8593699031980446,1581.8750694160865,4675.808143553558,,,,
0.0958407642686951,80.90772543019146,98.15052109091226,54.229422740108305,1016948.3670665259,,51.94682914271931,0.0018125056154755616,99.63898244882365,1.0478595918347955,0.08562455375044627,0.8800413170656634,1472.8464209365882,4792.26921978193,,,,
0.09985729499959312,83.03870461772638,98.19089474322745,47.891381999532115,1000014.4984705215,,48.07471645415878,0.0018886857513056468,99.37859558011579,1.00478877242615,0.09075708912620677,0.7877135398768718,1544.9014652147923,4835.520285323981,,,,
0.10692539185529593,90.09464997781092,97.28112256115406,51.307082241103885,1094679.3821578065,,58.2014668314657,0.0018596847754028725,107.54232558547578,0.9124116601512553,0.08097242235702326,0.770432822158405,1637.208189306739,5427.1193524689215,,,,
0.09427189478503292,80.22157708801085,108.23550392222185,53.47706242313098,1076854.4034116948,,57.83891614651869,0.0020613560640354166,94.74331087412982,0.9429463680526958,0.08603289273505473,0.8344592926161792,1498.4664827257484,4909.222307231643,,,,
0.09052644649987349,87.75114636850803,95.73507453597763,52.955390123304035,1101254.1976976858,,48.324096313185244,0.0018863420639189336,101.08172291077105,1.0225630245649364,0.08488990581334248,0.8835330472030155,1503.058307982626,4832.940696136729,,,,
0.10919755073832485,83.77189810163883,99.94751067657104,53.32063192838747,1026744.9986164136,,53.05682496361924,0.0018409501828330268,101.04222758520207,0.9221143738006171,0.09119668243834207,0.8622112478649568,1747.6509361768299,5074.147460276273,,,,
0.09025589598652739,83.96257499598148,107.99805366405188,51.87743551540848,1027794.7242636316,,49.001843728102095,0.0018378202602076256,108.21340877347869,0.9813410307430945,0.08653737367993357,0.8272247391237006,1699.386249668963,4738.215897992634,,,,
0.09057948691801437,85.3010911707779,105.206546476117,51.16742001428432,1034976.2926227793,,56.040952181358904,0.0017508783767798,104.65555543456955,1.0106448477826515,0.07831865078936792,0.8428505527582092,1659.3696032984017,4873.173911388421,,,,
0.10503428994636754,86.5626925765402,101.88236590665782,46.34382452678103,986737.4947699683,,55.79458052853109,0.0018961513552329366,96.23573652602478,1.0883624782436547,0.07917885607892963,0.8289172809338152,1742.2441759154326,5065.100224167497,,,,
0.09901465012457455,84.86442887879369,105.37658926633127,48.383353454193504,1035095.6555849004,,51.53809123834994,0.002038428557899308,99.59799622309265,1.0286768889618672,0.08807301151737126,0.8149054399342572,1495.8264867362604,4919.994089097246,,,,
0.09389142274564785,76.06073757489827,101.21613822376669,46.50450507870889,1033053.0589029718,,51.129079307275966,0.0019187083829973152,92.89428220691572,1.0035778138477618,0.07936169011792456,0.799018490994254,1694.7555699468965,4816.157551567542,,,,
0.1027256569909824,80.38389723640846,106.30167459760493,52.61171202207752,1032967.3190288421,,55.90254895251889,0.001860743358050104,92.5792725744483,1.0378793838965412,0.08706133022304649,0.774369837376549,1589.117755023051,5014.183311937712,,,,
0.09630233742587153,88.63935327362631,101.16017181689192,48.65277639686384,1078252.621940291,,48.90576136905123,0.0020705148076571437,93.86135795915628,0.9057017728291854,0.08105331100016287,0.9106897858220713,1634.1987230928182,4857.522540144698,,,,
0.09072791949787691,77.51431221960488,94.29648526212641,47.0022379214522,998633.9978293874,,49.93374452034093,0.0017736345089290064,108.40972530849864,0.9864305903257289,0.09018671326654805,0.8528241499995611,1443.6654325248428,4683.263883354308,,,,
0.09345109331444962,75.96031660123437,106.56902407457973,47.063652154539135,932223.5535143698,,49.7235519829225,0.0019625838467775985,98.67766339170441,0.9574963820647828,0.07900729004571856,0.9349029277877817,1705.4659936647809,4559.702684783209,,,,
0.10529782792415301,88.80194841851598,108.83253135215276,53.59009045710157,1078876.0257241356,,56.711928980122224,0.0018368719643500322,94.25582745076511,0.974349972445245,0.08445309088301768,0.886204309553903,1588.687942049541,5116.906294266207,,,,
0.10373476089302003,80.85009747653787,96.12235480523722,51.58405314007892,978995.7731666149,,56.41742803796295,0.0018886071741733342,96.27620696991997,1.089548065885978,0.08878372599001602,0.8881185201993016,1583.9743607451414,4915.435397152209,,,,
0.10624848437052954,85.1619829101743,91.75635424144303,51.24572253857422,1122578.7970266498,,55.546355071284495,0.0019528562397715056,105.3813911401229,0.951760187265167,0.08027583626294965,0.9135554238789774,1675.276420719232,5308.830763163494,,,,
0.10432601537347226,87.44973700446816,102.58783803675422,50.836314785475324,1095291.8521219043,,51.95446721162719,0.0019973340724302817,98.91871026726771,1.0256379605570352,0.08699553908988493,0.7724832778309341,1665.081906005107,5206.565463141977,,,,
0.10919568073735393,78.82046434605093,97.53250776508638,48.35470110873036,1069448.3231379467,,51.82602729345381,0.0018070934573514404,100.27860587611441,0.9960890213591073,0.09198424216403639,0.8928484968463952,1537.1252314637427,5112.491350096512,,,,
0.09503904565316339,78.12356820101893,90.73358948280415,45.710883446599674,937908.3089272946,,56.050421773139796,0.0020057873279621516,107.02027110754592,1.0169366802303996,0.09080569437261087,0.8430267541751562,1484.0801919444182,4728.462912281564,,,,
0.10409181835159301,75.242757950519,103.30840759000637,49.92082642481526,1072971.1064768345,,57.98432378647634,0.0019650602796168286,104.93943817872986,1.0580739105012589,0.08437051927420684,0.9198622615001733,1620.7712865185651,5141.279745000688,,,,
0.10874085192449177,89.08296286010733,100.06610075080158,50.6151395340787,1021318.2190678092,,54.30977667121962,0.0019160523068436227,91.6007960474703,1.0357486266286928,0.08847792582713104,0.7785112157627199,1460.079078702421,5109.8271004684475,,,,
0.10338071582627498,87.90025367828875,93.22335957326617,53.66730504604193,992219.2904877203,,53.403193434457165,0.0018759359792755936,92.97509637106195,0.9583124354844875,0.09413706165261128,0.9077596695393898,1593.068542184459,4844.934128495824,,,,
0.10458254305723305,80.19625767908566,92.55397209911388,49.53836302328113,1028240.9915552477,,53.53146549945437,0.0018546507372134249,103.934485262303,1.051794723503624,0.08197935326662252,0.8194592638069107,1694.4519027038314,5126.405613614129,,,,
0.10416295966828569,87.31168218994695,105.62315443979098,50.17793966280756,1089610.3689657997,,49.59118549587447,0.002047761334173688,106.59515327984246,1.0923070643105663,0.08546119050507853,0.9095814146624591,1469.0458863542415,5098.847801370021,,,,
0.09689906960281194,84.69302304773309,106.90352175379229,49.264333916332106,956225.4792207933,,54.84679596874967,0.0019519155520177466,95.90888745910509,1.0462616952043164,0.08148898324814405,0.8262011016494102,1610.951748472384,4773.1505286894,,,,
0.09792693458673735,77.68364954572108,100.25305008350891,53.756938405283584,933597.048846766,,54.49685463066489,0.0019126580934986533,103.91306550193056,0.9066821069054812,0.08915736051269813,0.8300431554871073,1606.918953507653,4689.40486923105,,,,
0.09267796887807171,84.9382755134703,103.18213934287554,51.0243594813676,1022713.01502114,,57.53108426187222,0.0017675650915038007,97.48868548438216,0.9048592858699523,0.09403006280664544,0.8612712516743933,1673.8935030071784,4751.1407855182215,,,,
0.09616435424071199,90.92669919645127,94.91776021891704,45.14475928037737,1052525.9526591294,,56.587195047147304,0.0018607652646960547,98.45767047225415,1.041672544928596,0.09245710774155362,0.9218440628937127,1725.6849702861102,4948.6337519893295,,,,
0.10562027865745272,78.16192713587047,105.18005958617533,50.726975351577984,1096522.2692941842,,51.22735548808901,0.0019279507660679943,104.91072882137489,0.9701734229435914,0.09209600945722175,0.8401628250564286,1484.4482584888954,5109.078916319771,,,,
0.10701648573837393,88.32477105148523,98.13686908837954,48.60189297463491,947670.5961863805,,51.579646574825695,0.00206576490766818,108.17581667610847,1.0085452232100307,0.08319279169264454,0.9143667671959238,1608.2858466426053,4975.854494743744,,,,
0.09663860463365959,82.43855342436234,99.20805505260367,49.91288607517141,1073398.1725358574,,54.80116395652583,0.001777173162219709,102.32917793601383,0.9398652288596134,0.08026362363189428,0.7970094411381097,1564.1570322765217,5046.375383510387,,,,
0.10064316738806192,75.59365313901856,107.07361232400623,50.02876907423877,1033795.8759269746,,50.87288278870468,0.0018984253301165884,97.22033644572214,0.9610452872615192,0.087487540959467,0.8209897568185087,1670.9857818987145,4877.033177559458,,,,
0.10825981840592454,75.64343669397196,99.56569024308656,48.45487448885837,1030913.7012802854,,49.09134975021353,0.0018256958413685207,91.97485168098576,1.087191992981697,0.0859662092497294,0.8809923554843929,1443.671846212177,4968.3675214239365,,,,
0.10489059778013568,83.97004586784568,100.96361476532695,52.83262742566202,1005514.4714851076,,53.32651817740888,0.001847242635553728,101.33940815543976,1.0194762980142684,0.09129607176271065,0.8379188652279259,1679.7818278216635,4983.059740531409,,,,
0.10203077167983061,80.26049590902545,102.77181851518942,49.254380438324006,1039430.0787496748,,53.49847225342348,0.0018662809361042704,100.0175494937984,1.0731302207885027,0.08787396489608171,0.9038868564701199,1597.7263573755142,4964.782939817424,,,,
0.09177747851056209,88.57471818854476,99.9817508430529,48.964712831576286,1026867.7504175704,,52.932770778564944,0.0017167056669045882,107.79231274834436,1.0917660683077015,0.09323368069965479,0.7939471191846362,1546.2469477415868,4858.374617181069,,,,
0.09004072396113216,83.88254527174287,91.08601980382763,48.017069453952224,1125523.4117600597,,50.80404631291492,0.0019635736588250467,91.81902953250916,0.9763261137630894,0.0904338552269432,0.9199649616434602,1502.8273760088525,4805.341259500236,,,,
0.10522698740812075,79.47145811165821,106.93673973670312,49.377988825908034,991042.7710125678,,51.589824967023546,0.0020424848181271236,98.7858347654133,1.0967367601077063,0.08280419108034322,0.8560912675127175,1697.0144628864255,4958.882214513177,,,,
0.09819214193844676,77.18631349748564,90.03158634686059,47.41669030610805,1078609.0880035353,,49.20327794257787,0.0017652438373628575,101.84367826571687,0.9415687844116464,0.08574186175999206,0.8207490459950475,1534.2373514141464,4968.427828015499,,,,
0.1062525180641504,80.74865068272568,98.28006957071055,48.9216696499739,978962.7256056862,,55.4052431068393,0.0018390774013699535,103.58418438552786,0.9806055013946551,0.07914359810001932,0.8855935063039267,1561.1700009502329,5019.144683251103,,,,
0.10439413121435491,83.27274909806125,94.13313117553284,49.44528512658242,1037674.4379397144,,54.211097667296215,0.002061996691711414,108.64980837398744,1.0195954073354012,0.0858291873814333,0.7654168709081586,1662.5942008360526,5200.269818161319,,,,
0.09974317824212568,81.17003832072217,95.8835220696634,53.7812755162776,1067778.7623707764,,56.18463969619348,0.002058285726961722,91.90745049204828,1.0286165497155328,0.08335404457619182,0.8777027186031122,1589.220103790684,5002.477478897448,,,,
0.09235454407678892,89.81698706223008,105.60526339200528,53.359044899513776,946741.7194059648,,48.49602636595415,0.0019338320400530374,96.61448827428502,0.916112562619119,0.09166971586003364,0.7824952288354572,1472.965354910294,4539.782627955735,,,,
0.1072125585334105,82.01574946087466,95.56375027906519,50.39835700607696,926164.901029206,,53.867303644212434,0.0018480236994991154,105.90858797790119,0.949112170629106,0.0848317655444764,0.8575134333682467,1616.8661876410329,4923.466416540635,,,,
0.0992087834237666,80.43305713358717,99.35218642726763,54.59698831294696,986526.3714056675,,51.34566017199679,0.0019595362518351218,91.98753357156917,0.9308203310270621,0.08443703558163829,0.8677417101636044,1584.1284616135517,4740.0061754972185,,,,
0.09062007424379248,79.6486884115929,99.33864061924851,46.16115974878431,977003.3994059588,,49.676379340378915,0.0019105368404247053,92.12823307490892,1.043337183016772,0.08487730561431346,0.8383361524231542,1467.2763001444423,4588.375010762913,,,,
0.10379157440196927,84.8581374482238,100.3358238863833,45.177759533679954,932744.8039573599,,54.75308776415395,0.00183754176882187,97.94916561756885,0.9268747011899615,0.09335045173662698,0.8630158892407896,1526.6177824986466,4778.000966754623,,,,
0.10473500749636627,86.39107373312041,105.84929136383079,45.35688316745709,989847.6541888692,,54.035202864469966,0.0019271257355415999,95.46046583470181,1.0019622734568279,0.08811174426244597,0.8083861100880936,1696.154758811077,4969.074374415224,,,,
0.09363626357235141,81.0551798619498,95.85195854836647,49.35213311602566,1119681.280214976,,55.062803505458824,0.0019365726415504227,99.54345853535446,1.0688494025278197,0.08537062830391932,0.788593659998307,1734.4889218622766,5114.208447077547,,,,
0.09020881749660178,88.4748637801787,100.9971822920771,52.213682963674636,975904.2554161543,,50.443515029254876,0.0017800273659674445,106.62269219410807,1.0091627093611435,0.08517752958923651,0.8785054247320258,1541.3766782780117,4660.951664680918,,,,
0.10037991350089089,85.12605718180255,98.60628340397277,47.05206364928423,1027940.6954995699,,53.93976623751376,0.001777938422262479,97.02544406090041,0.9638998046423666,0.08021987422189648,0.7713117895850576,1470.4440831969382,5018.361691371509,,,,
0.0978519053497768,88.21453783745702,108.90505672742125,47.77026054893931,995343.343350143,,51.55684175388128,0.0019617457974758948,104.13499206991297,1.0038312076985454,0.08698331962366816,0.8486350788622969,1477.9282209933262,4830.3283306925,,,,
0.10091410222656233,83.52413902472708,101.86865013564544,48.21686308516888,1019734.8702636709,,55.14892233601681,0.001842990250878088,101.50277782930779,1.0654610154988213,0.09317125221400319,0.8231447881029955,1602.7036847466109,4969.483565441982,,,,
0.09907971443483017,79.40639031622838,102.89256416982397,49.75787592336657,1051467.6869921484,,58.53052900011331,0.001872136990610588,95.11980269612346,1.0373587017814148,0.0787845026650677,0.9058599275526977,1450.205760352051,4982.375690815749,,,,
0.09351758351196748,82.09314205245931,98.15498122244735,45.382984648383555,1003190.5069870215,,53.4797450551761,0.002044288962950682,97.98742095298442,0.9976757185985716,0.0792111107629742,0.7674452852884405,1516.738431856558,4855.2256289361285,,,,
0.10446323982472246,89.45980313142844,99.20972886695208,51.525418965059814,1021054.7203167946,,52.706705133683556,0.0017314334748919913,109.42866961256574,0.9629673435178199,0.07823329183811643,0.7756145805513733,1572.5170219013867,5155.419643875493,,,,
0.10662637671808813,84.14283101144648,99.85680566769256,48.4015437661073,1064225.9676108693,,56.40136052486034,0.0017309830586346349,97.34767763711578,1.0728901907588282,0.07922703382913271,0.8291202925302446,1597.5335508351723,5238.1628077043815,,,,
0.10635643321686505,76.88464033713412,107.1677098634861,49.2538539007907,1091357.7364897947,,55.5437089981691,0.0017135090571209152,100.86084527351727,1.0489477881180722,0.08250816986152915,0.7943711293479353,1635.7240353411999,5258.298625715966,,,,
0.10756934754573143,86.40964292257917,92.2493622016576,46.86481291648615,983124.5532122726,,53.984313271641994,0.0018096255129446267,106.05695695105557,1.0003123469311042,0.09303684743448046,0.923523802674525,1466.504109310535,5004.006944952337,,,,
0.10486899481822694,84.16046024775088,92.38344081028985,53.890959504320115,964041.8906175995,,50.81425525415201,0.0019241522145079285,106.09474399709313,0.9127692511742935,0.0911095532052034,0.8693794355171224,1707.8005588550047,4892.369504004804,,,,
0.09593260936277373,91.36423891242896,103.3732498951909,50.15467753698653,969587.6233189176,,50.16720101325439,0.002042949513393321,96.66856229259906,1.030545802107699,0.08765090595907657,0.8835262673838513,1671.6041129859798,4711.63554217844,,,,
0.09845076291969662,75.88754502456158,104.82877211012764,47.72912038194051,1037619.1955445725,,55.72919406427268,0.0018755732350242875,108.94132710909797,1.0321376356112768,0.08762096530761788,0.8044289987864923,1710.2400003078822,5020.026296460528,,,,
0.09691015532016298,91.48694809665962,94.5114940123127,51.266387951242066,978555.0908327539,,55.71654785354042,0.0017447835094010114,102.80363180106009,0.9243262931735423,0.07952848998376828,0.8225850845385618,1574.4475169029113,4897.763916419414,,,,
0.10589022355186653,87.48652650237806,100.48435130435769,45.2561866036161,961025.9199237053,,55.2229800403663,0.00197176917487579,103.72609973161448,0.9163925653218415,0.08407024375878717,0.9314929471968318,1662.9176709339433,4958.568087560614,,,,
0.09740776194632958,82.52604617965616,108.96972973985916,48.14119098470362,990579.7849830553,,53.60210532574405,0.002014578863930206,97.1342417848022,0.9447843070484223,0.07819352918492915,0.8143084578532958,1634.8618805354022,4835.113673576396,,,,
0.0936310928898893,83.32656427453159,90.25124727661856,48.18846827895263,992585.1146231678,,50.29472682467428,0.001945279700967207,94.58615167433092,1.0573648003133103,0.08033422188956604,0.7843450860469371,1486.0532039719383,4787.387343816515,,,,
0.0956677372313027,76.38694345073742,101.44136232215466,45.58343284025555,1084954.1350271981,,53.35923774114688,0.0020896140701765287,100.30304346178708,0.9530936080026022,0.07814954438417833,0.8104580323671849,1551.3826961656573,5007.9834813659345,,,,
0.09782723618145643,79.68638586112579,95.8998065371222,51.49826398477557,1045678.6310692151,,56.83942402571306,0.0018716629314578044,101.70197283805824,0.9856102597941651,0.09323542183414005,0.8843658694118385,1611.592312216683,4923.430089989434,,,,
0.10366475452184563,83.53686638194445,103.59309525041354,47.404885496638144,998569.0044556789,,54.09344741079198,0.001928885015320645,95.79386505189558,0.9235107586958277,0.0924551188953458,0.8660365689538436,1552.6781620780478,4874.393215911143,,,,
0.09888500346438915,81.26140427133467,100.20979468819209,51.05133346205086,939116.2101106113,,55.86682762004349,0.001995729624441607,108.52792216948795,0.9821079873600194,0.08116326164465207,0.8428200090492045,1547.6427287859526,4836.488439550258,,,,
0.094558065532579,89.60107236459736,104.94410302647934,46.24112970448806,1007516.0402719317,,52.73000303386777,0.0017733675444311355,93.11307147458187,1.0343874491048493,0.08959470601258525,0.7955178706919613,1758.0142819780106,4801.318615968201,,,,
0.09427269929525176,77.11770192946167,103.74064736530883,50.64790870228643,962252.8856041301,,48.42711725562267,0.0018412585955105256,100.37091152899707,1.0212367482007043,0.09323926867405838,0.8871549762647193,1570.8294355029357,4575.723593951261,,,,
0.1058553146991568,87.53615716776905,103.0174410460825,51.88186001328855,1001539.8458504854,,51.024808885930874,0.0018944055019040015,105.01155012554521,0.9993781171670004,0.08842843907629787,0.9074557532884164,1699.1337590694257,4978.684341878699,,,,
0.10564057138671185,83.9567290020411,92.83034504383524,52.09819343958325,1032464.5263774594,,54.70616903938463,0.0020415004194765597,97.14619461463893,0.981274875626308,0.08523393348010305,0.7898353674219033,1494.4968204029235,5110.424519459002,,,,
0.09404611813876318,80.63685647651974,102.94517909380947,50.565578448798696,1050949.4030283394,,55.824583589197566,0.001950134235068957,98.40345514833508,1.0756236592654458,0.09333439905483329,0.8966694650491331,1592.64776004418,4829.6305267114685,,,,
0.09428620898195456,90.46498082945827,93.54016737817577,53.04346674823945,1089803.0618394169,,51.921831288470976,0.0018792544198559535,103.22707797528314,1.0292692363226426,0.0826926317035661,0.8629369962078465,1652.0537592622727,5001.774401736544,,,,
0.10674915832310301,80.99434475546056,91.412518117035,54.878049173113006,934297.570265652,,54.34166433985722,0.0018776364427958352,97.41266467098714,0.9822981070616666,0.08256905226172853,0.7847736446587726,1631.3019336258988,4933.8142641454515,,,,
0.10476194756693835,89.49508987665186,93.53851725889601,49.4396258513933,1096460.9364738506,,54.16692225391258,0.0019469479501461307,104.99513282166942,1.0160923038036054,0.08127340440764409,0.8985317903214439,1602.0661334126253,5240.404982872596,,,,
0.09598237086503941,84.6728988358076,101.97348807490378,46.79695081619602,1038031.1018360611,,53.24985880334533,0.0019039699036370534,98.89459793825893,0.9888504325659353,0.0886058384113373,0.7801570081664351,1488.8026721173003,4907.078550633202,,,,
0.10489195942714927,80.85895084465474,108.56941660620514,53.47071250024287,989625.1584269387,,51.74911921681387,0.0020395622612593848,94.58659410707492,1.0102809774380628,0.09148780206937629,0.8210426637475743,1481.7063471760289,4850.883872048267,,,,
0.09279141687334781,89.84273649050408,100.24769029572865,45.9032104980761,1006861.3269041557,,51.681896897811086,0.001979135727825294,98.51740721150588,1.0457558121093302,0.08633508438637025,0.824653930656671,1704.3911941642305,4802.320945091779,,,,
0.10458725880929241,82.81834801218619,91.09559750470143,52.4308728159515,989154.4443566841,,57.450688862455046,0.0018572958653495875,94.33761413694003,1.0302246949244487,0.08701545060256838,0.8275880396060975,1589.2496893798095,4998.268457624454,,,,
0.09387519542018045,78.69022894736528,108.05402077957471,53.291230335214365,1043296.5538725258,,50.382474299411875,0.0018161378199266635,101.50523037887002,0.9150345706980471,0.0843153586160356,0.8448380694733212,1701.5776314966236,4774.746272132909,,,,
0.09293499497174396,81.97563422258979,98.1136391354117,52.91869063726933,1077747.640637383,,49.200711294825105,0.0019053743048098677,95.25440996996787,1.0550698890803516,0.08112475308003718,0.8365406908332428,1446.4153307527517,4838.403254674495,,,,
0.09507300179467333,87.5524206181929,103.59160237295013,53.351023631517705,1049091.7555528327,,51.213454253980615,0.0018858236236291858,98.80333527656015,0.9952014384359764,0.0908144514797116,0.8804782166783535,1476.1729637523727,4799.875153768947,,,,
0.10284184815842912,80.3278542355158,94.07208148013657,48.00561099745467,985445.1488440954,,53.16943183820081,0.0019285040532501907,95.87595439080219,0.9690641969429362,0.0904947280837059,0.8790754484030049,1740.6452675463454,4867.787922597023,,,,
0.09457885441349602,76.24841155330137,100.24515007079044,49.64410266611161,1017001.3095636113,,48.24025858100276,0.0017792949406874171,100.04076838703484,0.9378301088575262,0.08064358397616798,0.8928195525252802,1454.511437822559,4705.556570591134,,,,
0.1023463511031298,78.87475546211867,96.2072179953958,47.45464597479194,962414.3934679142,,55.22294409994706,0.0020504429956012004,94.84697932770841,0.969127831614634,0.079527184742561,0.7793791631902605,1662.091414359913,4924.372358639283,,,,
0.09119778622895554,81.87642718570595,93.97873137546429,51.969729645541605,928372.3909548052,,52.31630838019127,0.0018897778021480815,91.65794666065898,1.0767418160843794,0.08347946205269105,0.7669821122595645,1670.8279855911685,4602.367084735555,,,,
0.10339022726877833,91.1250004348847,93.2463871871822,45.55513213794837,945517.4455129178,,50.73363793433929,0.001743624415168153,109.74643954442705,1.04992709016317,0.07943153312235568,0.8349955815957419,1711.2860349230148,4999.197045053049,,,,
0.09985920017690521,77.22641509190902,95.9090882315294,49.80031086099774,1022984.3988978436,,54.941606211327134,0.0018673436247830838,90.33359211389727,0.9194682819371254,0.07911072834911727,0.8265286921260121,1628.662011846012,4912.872076278573,,,,
0.1033419588680355,84.58346968244355,100.35073721617866,47.60946459730366,939628.3035644419,,52.48633165348757,0.0018296001399389704,109.84173654476055,0.9972260052353618,0.08619304206156575,0.8688609139557725,1620.1821973004437,4888.7152678034445,,,,
0.09396348544805033,88.07149455694432,91.61524345707795,48.34738208256011,993794.5450887396,,50.40235561570522,0.0018372163135936788,104.88609386061268,1.0666548994634522,0.09366272612508521,0.9072362520361829,1536.2393907768742,4748.024617362782,,,,
0.09820135981432816,82.62141457977997,98.5136042715523,48.19020802674157,1045504.4169755738,,52.87997405854863,0.0020424133555074614,98.65614948915105,1.088753446391332,0.08538206096549565,0.9301852146863858,1721.554655027883,4922.703426730116,,,,
0.10857456140450379,76.73009621591741,93.04805774378286,45.88362062194637,995585.5927255595,,56.94506211813039,0.0020706087267836604,94.61705693131387,0.9979305602025386,0.0845413549811065,0.7866931745741812,1554.7321591720222,5106.654438156415,,,,
0.10144953924276266,87.03450245195009,93.47302405949398,45.48711655520866,1022992.0721162041,,56.838891650398295,0.0019891714306378857,103.85863761266654,0.9648599178748208,0.07816145325196931,0.9192800083463496,1490.2196370888446,5052.599216800801,,,,
0.10888679985474636,87.4122654179552,107.390949342036,48.926893783547776,1116528.502378803,,56.933652619121126,0.0019703898418473257,94.79782895387464,0.9001482030144345,0.08758592797654086,0.8913245119709472,1582.338623658657,5245.052003362746,,,,
0.09941994569360885,91.23754461285452,98.14925609504273,49.346320789400984,1029151.9544377124,,50.86897878149498,0.0020451257610058335,101.84861545739918,1.0951848947505425,0.08587811551629117,0.9053544121480348,1474.2141907270718,4933.560912943885,,,,
0.10827639450315836,80.34334289770159,103.33562190119439,53.0699892838326,1084047.6556527137,,57.31010195916157,0.0017529161002536463,98.98351373988564,0.9014431941756278,0.09139450299259444,0.8725461515023819,1685.1747195438568,5171.778759310034,,,,
0.0969518487047982,82.44356434317751,94.15862478445511,47.368470149959734,1028970.8962000124,,55.17520974028665,0.001850912606783525,94.89252624814995,0.9820729590849204,0.09313233141157326,0.9283784120697496,1672.7913847949612,4821.351568798447,,,,
0.1003181637190928,86.3603407891027,91.30726232131566,49.38306120288304,1015121.8070768868,,49.795646241022396,0.001841355787278206,101.3023517841066,0.9743583286194112,0.08643694612186241,0.8434911927088644,1587.1179516204606,4919.1908401598375,,,,
0.09653645441311691,80.2069943428081,95.12559100777428,49.071301492719655,984887.4840630663,,56.51908317687802,0.0020190787569930907,108.46905511682453,0.9998951755182863,0.08782801313612099,0.7657888444043821,1710.6863795000804,4931.269106682199,,,,
0.09942243975752377,82.87475736636873,94.08730895393191,50.520109896589915,955353.8529761351,,52.08662987239514,0.0017750133495117715,102.35356749681321,0.9859776005740668,0.08759886908691777,0.8252021156487316,1689.6626800503648,4810.184360354401,,,,
0.1011333585706558,80.67214677934176,105.69271643975901,53.44674417953066,1094044.1219398829,,56.20268387554606,0.0017926394972092678,104.88964864466779,0.9973412106468301,0.08747075012078225,0.8840884768630753,1694.4225218720464,5102.0317169897435,,,,
0.1039412853774666,75.05240368317034,94.04119354553426,51.85598510596135,970181.3181052424,,48.19698910521323,0.0018324328454434333,103.69989349457487,1.0539426673214205,0.08607322950256727,0.8485020651724762,1742.2381329637635,4878.003415241438,,,,
0.09980078781127796,80.69786327520697,104.51692863118897,51.65539346519717,948271.0484966922,,58.36491524487858,0.0017730816689058059,101.7134953457437,0.9231163481498916,0.0838128099805159,0.9159509233644397,1546.4288254558426,4776.880835488756,,,,
0.0929811847783104,76.44371736519919,99.19702500579182,53.47861334107124,996218.3892515365,,52.29618234955599,0.0017301592309686793,95.03754838978284,0.9966541012764369,0.09036620386806181,0.7917022380376076,1758.8822959691684,4689.295033776946,,,,
0.10343668344279061,82.54275446157308,104.18168926643936,46.83600020631863,1098733.244865182,,48.76217993831328,0.0019218867434522705,99.64931044407228,1.0066164666226147,0.08855939582066527,0.8481123637945688,1503.7905965843597,5052.412896136751,,,,
0.10848267407557395,78.80900174486892,94.66845418373997,54.14050194642637,1124672.1764059782,,56.89919412093719,0.001974927056177258,92.88281933905522,0.9117255989432141,0.08146062261930466,0.815087175830278,1730.7018792785095,5337.9976718780135,,,,
0.09594781065807118,76.34686463701004,93.34768057312051,52.752126102374085,1047477.2478922262,,50.08137896335466,0.0019109781353229573,101.48815967296412,0.958967225834321,0.08764875945274511,0.7942840154624653,1581.6816201665933,4870.284318624093,,,,
0.0953205923053207,87.4471536771642,106.99886299054184,52.67145196074918,1081930.8820865613,,56.452052532246135,0.00201738206577574,101.55353078529623,1.0694229084837081,0.08069658874332329,0.8646190830449197,1568.6636369666357,5030.8652578098345,,,,
0.10107104892690011,80.26047590245736,99.40835484652797,48.43292368757183,1099510.0015271907,,53.03054920180106,0.0019196797458435524,101.307750790453,0.9925074124039572,0.08238945899020828,0.8636164143822485,1623.109329132261,5104.7187628198735,,,,
0.09892759547513501,78.60616095022381,91.67739827939931,48.437332381635166,1083204.0119527932,,48.62831888400309,0.0017950989854478364,94.0202633144394,0.9403787777339923,0.08167324637111475,0.876383716125053,1612.3587078922758,4920.56886795854,,,,
0.09139172569050001,88.31030984757854,98.47936103589927,53.00876718973313,965845.318025472,,53.54886115224956,0.0018540038743654818,94.08365155869095,1.0823933694539187,0.07809588732455282,0.8048197438667277,1497.9757462634632,4716.531353462265,,,,
0.10876386010976505,86.55832460105515,107.4079338588745,49.168907891988475,1029097.1752549328,,57.60154948067331,0.0019280765505145336,98.67417056459311,0.9875883227032873,0.08588377846916273,0.8071925918869968,1609.9281339598067,5182.542294650812,,,,
0.09026001383743232,80.90769634480294,99.25132470382742,46.14701916510909,1012451.5310753392,,49.22123165434675,0.0017988791847325573,108.44799732603639,1.01662885983229,0.08861443657365953,0.8181284151430092,1482.3106613496345,4728.546253664528,,,,
0.09166362626904163,89.94569402556824,109.90761304231012,48.91647905483339,968592.0526026848,,50.66706633868129,0.002059792668353914,97.22585319964962,0.9801736903958435,0.08977523624548658,0.8165630419314636,1738.3613634635053,4627.428395801926,,,,
0.10198585960022453,77.83462382366758,101.57305200055096,49.4655645805225,1050812.0519233258,,56.25647527797611,0.0018616919077158566,108.9737241995322,1.0995003323096038,0.09220026169521243,0.8818929048901302,1639.210707843376,5069.652151904906,,,,
0.10939029133784349,86.01363410156083,96.3889159646361,54.258910699054375,1065840.2361393576,,58.385392075854966,0.002078612390892044,102.09039731714789,0.9953111586583926,0.08712645558769387,0.8324756610238098,1630.4652749034278,5302.791920627965,,,,
0.09139364387896319,76.05947881343172,94.69229889035775,51.47198541347833,973547.7325978829,,49.228315922678,0.0018463283295250626,99.78770893491195,0.9283725324676816,0.0833080623354206,0.7925714459131532,1588.068001632266,4634.102780513196,,,,
0.10915918206953837,88.50888709389342,109.03123617302609,45.67135321089333,1024035.2665189898,,57.142087435416926,0.001956900292235321,91.11453905777107,0.9762406404193951,0.08048386512811243,0.8915113576505054,1615.4004592364438,5112.123190956626,,,,
0.09333002418183159,88.3837550948513,102.00106081542452,52.722539057795835,1087016.1778975378,,49.24955335788878,0.0018958873785708003,99.13077926457659,1.0757460024480203,0.07900035907364047,0.8772985862122405,1505.0457131608348,4887.835455370827,,,,
0.09239360432621098,90.89577210429557,101.70622242103558,53.46640719686366,1041921.122988953,,50.173494094466065,0.0020561881305740737,99.40543283857014,1.030811168802925,0.09040385384721465,0.7979867489696485,1589.9330987796347,4814.0965095670335,,,,
0.09737497120995947,81.57085516384164,101.51600036582742,51.81102769510338,1082128.3219244238,,54.427471558937064,0.0019404095317978346,101.00842718628573,0.9100888657867936,0.08898490042831878,0.855826647941346,1508.757521023332,4957.0440156565455,,,,
0.09660656133662515,83.88792673907618,108.68930011359315,52.11232108306183,1082258.731703486,,48.60239012028295,0.001857228036201929,104.20558247618614,1.0252567815767744,0.0831471493507898,0.8903546401140958,1579.7415835164986,4899.927006869662,,,,
0.09938665562327377,75.21818103235464,105.44091727160998,46.63188560358454,1085279.2859119077,,53.20459071981431,0.0018277272451993078,100.45915941756178,0.9108557973506184,0.08384459963071302,0.8693181746377061,1700.3415775033232,4987.932723215087,,,,
0.10028993379161173,85.009435933527,96.93993774759116,49.04311227854329,1068275.8089055414,,54.38272785894185,0.0017835477161219668,94.29659480905408,1.0187786735494917,0.09465567099665374,0.8108545300372967,1688.4125179422228,5018.6227691434,,,,
0.09656329352187792,79.59345712589206,106.81695342722426,47.247800086340916,970912.7233453175,,56.955452496013,0.0020608212097959935,90.15029295795631,0.9900010397761914,0.0820467011354937,0.8175061775047241,1705.2782362481921,4769.0054458767645,,,,
0.10794046999716984,76.49798731447085,99.15773980816063,54.69118096138806,1019044.2333110162,,48.778432184196205,0.001956076377393193,95.1643218921159,0.9775507407681963,0.08260286500883202,0.8409550326319686,1560.8062024363176,4969.560679722829,,,,
0.09956479674393663,79.41286336289033,103.87215020385739,47.88153669514916,1052716.3857541846,,55.96686735016458,0.0019928726183932478,97.58840318417386,1.0479631288340419,0.08676569824996294,0.9278399636151874,1518.9820002761794,4938.060821693726,,,,
0.10947001563926224,82.1446782068965,96.4370034275621,49.500636851647926,1033965.5565895536,,54.567988596383536,0.0018725853322444266,95.95655962118616,1.0693709389247419,0.0852522901527052,0.8503344610258062,1569.0150604213723,5152.537363501421,,,,
0.10531445323362443,86.99979129431058,95.86325780360153,48.099058888954566,1079258.7958651192,,53.53203897598772,0.0020053330819428767,109.67797746985364,1.0499062329569964,0.09303589052012293,0.800930478598859,1530.5689380007582,5245.87763183774,,,,
0.10693420790880866,86.4927810528481,95.05473697382547,47.27119653127821,1094846.2410199803,,53.899600509502406,0.001928240372746541,109.80424188955642,1.0431227075609462,0.08900250547643025,0.8552923508681086,1556.896884249256,5294.565006464941,,,,
0.09956053654937398,88.8926276361813,105.53228111390001,48.51810809863538,1024226.109786655,,49.420216042744116,0.0018046513269214168,93.71881826240545,1.0121673460338358,0.08302718437794868,0.8927860594002225,1614.9553635812413,4843.230474472741,,,,
0.10086976835719604,91.3563467343916,95.58944087737493,51.34747924388907,1084585.7095941487,,54.722714166137465,0.001859360009993902,97.9722946237671,0.9159779894185163,0.07928462539426932,0.8731560650981307,1660.83227925277,5111.748460009454,,,,
0.10011874865150144,83.23403757445429,108.97606015456086,50.35717996167713,989438.8960427004,,56.165536554916436,0.0019043182763802474,108.55651027525477,1.0055272571799274,0.08152106176937407,0.7673807161017241,1459.2809084744274,4992.676046843675,,,,
0.10270479517778229,77.73095297598705,102.18006605477137,45.15407295869397,963186.8758735048,,49.16187021884502,0.0018596882215686304,103.20807429653884,0.9972123519893548,0.09376784281085492,0.7936829584727998,1601.388491328028,4813.074244197586,,,,
0.10577825355804482,91.4843220077512,96.93373035405877,46.38744794120642,1113726.0671458144,,50.9067749942188,0.002063461963080257,97.77828840641658,0.9478310242416866,0.078678795478085,0.7665765484022674,1650.1160536222417,5312.736439437604,,,,
0.09766159078786457,85.5341983890818,95.48609942326843,51.334196363340325,970393.9003860365,,57.77972250551776,0.0018270437427381808,106.06570466478387,1.0068494624312578,0.09232071245933104,0.8762923056757511,1674.1842998607842,4843.564453883905,,,,
0.10136283896527576,77.3819953085819,107.00330473625226,50.07143365017107,1029983.091534526,,56.09130694404477,0.002051181942054428,100.62214929564006,1.005643902168897,0.08020382516984569,0.8560628336006046,1478.7583684744952,4989.5655532620685,,,,
0.1070050433139017,90.23145374474328,93.81574921563062,46.919566675000446,1027863.6047595596,,53.291384910147066,0.0019387167983429116,101.65785974072807,1.0370825623577615,0.08177059453413636,0.9013983383756534,1691.2606702969204,5144.837532050201,,,,
0.09323718257313576,79.51241418007088,108.54391394695611,46.51078946066661,1008772.5649994952,,53.04680058002136,0.0019268594729027167,106.31286666949124,1.0545242606949305,0.09001206008908166,0.856155862069623,1669.2378867491466,4776.470157133567,,,,
0.09551486620399487,83.4885154149761,109.01542798032644,49.38681245592925,1086675.231514531,,53.22731386947792,0.0019012502795486305,100.5779209388871,1.0658523106422528,0.08772996501591739,0.8702393968235926,1542.2056463487902,4938.203414252323,,,,
0.09845878920919819,83.94394272504594,105.30121759423261,47.01258725774649,937824.9017761182,,55.5222017779024,0.0018013008302482211,104.07969674565149,0.9211538351491088,0.09356137915098808,0.7886153264204395,1754.2498805132934,4747.6132783201465,,,,
0.09845510820902256,82.89134136149436,100.54071958702748,53.01764536211711,1087962.4260614486,,50.70020757285366,0.001865212757948277,98.44524655485141,0.9215810087660453,0.08122442700756245,0.8498480134877252,1610.8943067459502,4971.79874028673,,,,
0.10511923237829107,86.59525654309556,99.83687870079562,50.256015086494365,961842.8692068165,,55.3941626671565,0.0018807971553496303,108.57946247950325,0.9048785529819503,0.0874624185984108,0.8570972042513406,1546.6906241598945,4957.941867379863,,,,
0.10835379336459519,81.26040789231786,90.58815548921092,53.15207351762301,1073748.32108261,,53.40968099750346,0.0017344829572191359,100.70680071015855,0.9371603994253784,0.08012530532876071,0.9214273330321844,1450.830305220532,5154.070778543711,,,,
0.10680240899884832,91.2701466869433,99.89963244648565,50.70187688837685,1050663.5417725483,,49.08939518563115,0.0017318021004867215,99.85061219918445,1.01998592347575,0.09020028707997133,0.8911517083221647,1526.4812715536318,5040.170893397149,,,,
0.10344750024749966,84.75488940449765,97.169988995737,51.699706216681705,1103065.4556187547,,57.123321413119896,0.0020087137736364813,109.83567856821107,0.9832312767192127,0.08232096885036132,0.9280909075024307,1517.3958958852472,5227.734259587205,,,,
0.095979345010637,84.26583116173309,92.82889473920397,46.76029153231089,1067881.8199325958,,53.09639003885034,0.0017694195744819559,98.32065228884213,0.9567023717013424,0.08454666973851635,0.802578872124804,1570.5470144953995,4986.3386485082265,,,,
0.10366684140179383,81.00690003353218,98.37962058463658,51.60159031573208,1048145.5298074593,,51.37754103556947,0.0018965117249621557,93.68240507936633,0.9888074521752475,0.09019617367760407,0.8781459195980481,1513.9858873574506,4934.506287430609,,,,
0.10138603465213075,85.91031729752522,104.97197701790707,48.84492929341484,1038907.7583093814,,52.83030618079713,0.0020165253597884763,98.49835423302608,1.054858604795718,0.09396467310407049,0.8423143237827277,1461.9532679461206,4943.14476870932,,,,
0.10490995286758452,80.66395745682627,98.58400369996176,49.51108386936614,926337.3733409309,,58.27532281423948,0.0018894127282769989,94.7854214948927,1.0047570940878114,0.08810186984776285,0.8349022031403821,1571.6585661396384,4841.694192565921,,,,
0.09071972046770715,74.99516269741731,107.05909778865679,46.34617031133397,937247.00051892,,58.06561418342269,0.0018233883196157406,105.05614749575554,1.0492774474643691,0.08558839675188162,0.7775291823740841,1519.339802804538,4664.343926771525,,,,
0.0936788102846666,76.68244290175963,92.9497569193227,50.25568040905303,946253.358384797,,49.54169525892774,0.001998227618083134,93.10620436932308,0.9414502405874556,0.08595087965405449,0.774398156760059,1498.1200392915562,4591.803905029921,,,,
0.1096361911704456,82.81693301455384,97.48599039382408,51.796136735672135,1028005.6790722182,,50.16668845850706,0.0019755515775063477,97.19183447985381,1.095970109546679,0.08234846088568305,0.8142480554491754,1491.854272286287,5123.2414685607255,,,,
0.09855136901976443,81.92549566084354,94.19997438595738,51.351357230448514,1040045.7621389786,,55.3909585988143,0.0017988915505521336,102.41153063893105,1.060501348511122,0.08427944609420482,0.9074666045260907,1731.8703384449607,4982.2899777659595,,,,
0.09869529840642757,83.99177468269676,91.66946322645228,52.56107749134712,958466.2721375996,,54.185670292678424,0.0017192353992049997,94.92792722118729,0.9091329573237386,0.08145195293873797,0.7935730743044999,1702.3514378287343,4815.273955203,,,,
0.09182777795341053,85.65720878271348,106.32824629824601,47.380653679242904,1085920.943683849,,49.810456417506586,0.0018327779766932487,102.95462875295772,0.9063620460725771,0.09470677973099195,0.831652782098843,1739.9229476966646,4824.55161813012,,,,
0.10156118563754575,77.51413151800605,102.4759473552717,47.943468970089775,1051340.1091053928,,57.05002349699821,0.0017314620707282037,100.53186402012868,0.9972680270425488,0.07775899742376394,0.9043164587783363,1467.5326663299552,5035.118653611298,,,,
0.10217745566115388,79.03410331755305,101.62197695208522,49.129277776146544,1120341.2046812754,,57.334826932726216,0.0018996901841842773,107.16470152666808,0.9130262713491005,0.08693642061407066,0.818450232554069,1562.7905135372157,5249.241514308308,,,,
0.10652093840309383,76.7148395327158,105.17069777244446,53.12174251515297,985197.6881111058,,58.59149456399528,0.0019120140428664886,95.30464638957781,0.9593791072354371,0.0925931811020896,0.7963309468708318,1462.0443559030848,4936.665408945302,,,,
0.09457727184519708,77.69351585781506,95.01440712319774,47.2034893453422,956906.1126335438,,50.33373404948463,0.0018482393847181562,94.97321639724767,1.075208766256688,0.09357112172988999,0.8344043121378438,1575.7472760356006,4622.72090869343,,,,
0.09505437281360359,88.08505786062365,108.36149627563671,50.5641637739777,1109113.5450536155,,49.44564685921867,0.0018370956929981313,100.93407497775976,1.039899901397123,0.09157588951539448,0.8477075099066634,1685.9911279165572,4936.4046908752425,,,,
0.10288518285690565,80.48413063710059,100.31864443492144,46.16616485134524,951783.5297303889,,49.959576653123335,0.001889889190830754,99.24435560994775,1.0460266657156925,0.08270033981422929,0.8108891650976123,1714.4736935534754,4865.894770744924,,,,
0.1068893228772021,78.5026129279621,91.24267810482014,51.89912406935363,940978.5206605995,,53.105568813080275,0.00196458638222192,92.75518561702229,1.075975963157732,0.08846698867927037,0.820476589327528,1664.8828705891076,4886.448208691504,,,,
0.10090617945890597,87.11821563767185,104.28030342121441,45.49645843779791,1109468.620415131,,51.973272549331206,0.0019144728288634208,90.90359540388665,0.9764484933779052,0.08307150378093134,0.9186749489384007,1546.9741855924713,5010.494224495955,,,,
0.0911465920470646,85.1761863631138,106.54860195851963,47.57497019282849,1095465.5124280057,,48.21317911791105,0.0017918604769946516,106.67061968936792,1.0373104645477715,0.09080918469955462,0.8386755528341732,1664.9591643508716,4861.031127612397,,,,
0.10246776157040059,76.8654595013936,96.48997277657342,52.01080760435646,938651.6123180602,,48.848365269585514,0.0019362875416403399,103.39197947124627,0.9675519115324701,0.08164461720963351,0.7893413657201265,1481.1835065109624,4805.509923321608,,,,
0.10865489724463857,90.23508513926136,103.81892721765387,47.303129624333735,1062674.1031274598,,54.29098963166233,0.0019416835544793284,98.59480867022782,0.9600787226406786,0.08709040879151825,0.770449429006825,1494.756011616215,5239.209479734018,,,,
0.10090495566191876,89.95096767618338,109.1041084345596,47.26855210785541,938306.7631490997,,56.5307662082096,0.0019671735339903645,94.02794087445767,0.9095497253369902,0.08707982106951997,0.899465986866338,1498.2382178041403,4733.952846613391,,,,
0.10001661833362357,83.08779167359332,104.35587731127653,47.2600254325318,949216.9293298586,,51.647674598961004,0.0018239068775787127,106.93994854704059,1.0940600953132773,0.07760444664377011,0.8314938546082342,1728.9144630804105,4893.358517523617,,,,
0.1029834086371556,78.06513069256206,98.95258657857745,49.6939223860019,1093333.0445145913,,50.62040452872262,0.0018884680568285795,108.79419173790272,0.9063200758080676,0.08953402501831965,0.8302592501841458,1585.1474186917756,5097.497157003243,,,,
0.09868994164491743,87.93601704817502,90.02307791538773,54.46131122614952,992467.5436482332,,51.57144604621937,0.0020173841104633647,107.11118461286127,0.9284497808041623,0.079636625663979,0.8200156893172104,1583.1868452168676,4934.816808701169,,,,
0.0975422023817728,85.92770665245548,91.25150127801605,54.416705854256186,1115279.9394715442,,51.98319406736364,0.0020632196816200575,91.49912735443382,1.0270522065278997,0.08636525953990076,0.9170109182214291,1641.6600887152838,4977.768262038873,,,,
0.09800719794399297,90.83505451852365,91.14290796300017,53.55223315424777,975318.3668825125,,49.46303478044114,0.0017804691388771466,109.53532467245583,1.0427503314189084,0.0894616435200143,0.820749012841373,1547.3345450965076,4860.132307415299,,,,
0.10723461157682256,85.4467487998107,109.76977975213016,50.289345162104446,1062727.4698519625,,53.76457735779631,0.0020266468287182507,94.45856328143262,0.9211204621235008,0.086357779096766,0.7915689426787857,1516.4057210578467,5118.396076066249,,,,
0.09605152570516831,75.40081554692962,107.17779099030962,46.14663116272818,1111954.9408955576,,50.923538363001086,0.0018660654405770955,97.98701020075057,0.9319422509759526,0.08953635150099823,0.8173914828896222,1556.2613728858123,4930.80575848547,,,,
0.10650948306422392,86.12743138698453,98.87464388824935,47.9490982437279,938401.8383964291,,55.99053236649648,0.0017827057662389936,100.21252824636488,0.9622784432406832,0.08803158946615618,0.8587362967995389,1728.5162146381226,4925.429796091009,,,,
0.09119861406012059,89.19984926600891,94.39561275537142,50.985790612215595,1061988.6956133523,,55.076229258680584,0.00202809659594468,105.89693798368762,0.9690581860149964,0.07881702547907647,0.9092327962195041,1496.7421815285627,4912.7185159211995,,,,
0.09768777124612901,82.31732845657575,102.56765318213463,50.42291768400429,1074089.869156311,,54.492310714050404,0.001898539575403564,98.81491637761005,1.0972158143903392,0.07996270618158355,0.8114054503703718,1493.4152670384428,5058.535049017378,,,,
0.10712860274927599,87.93695523773366,102.719783381405,52.56702089559572,1083949.2748925802,,51.32946674690181,0.002089122714589487,99.37758613809608,0.9891721985863755,0.08576306163781736,0.8517271864715198,1498.8358050103484,5149.803186604508,,,,
0.09972546742652898,86.03814684336946,102.76740735140741,53.337159343513605,990063.0179859776,,53.49934463542655,0.0020131492098977425,97.89344805967266,1.0000859869077667,0.08662997489402054,0.8428835394519081,1630.4226029411034,4852.00202369739,,,,
0.09902619509164695,79.28039949464554,92.13412001181807,48.74771923950591,1092219.4218135336,,49.885685206703705,0.001963099932090026,93.8260704199479,1.002025161241547,0.08611504215323086,0.8466280847881246,1618.079933095782,4975.242840500358,,,,
0.10971092234937596,87.86137144949934,106.10975908262435,50.11064797729586,1008571.9492602033,,53.00641785924871,0.0019253082977873997,101.9131592099616,0.9275426842435031,0.09154406182686431,0.9247909228311194,1683.3331028212401,5027.539979703984,,,,
0.09980360363493714,79.98033303100448,95.98387113150397,49.46758678420218,931305.1729560951,,57.27311720380527,0.0017712430549253278,96.97532647022136,0.9518090220196054,0.0813384895789739,0.7879882304095583,1590.6528922224225,4810.84414483445,,,,
0.09674587990787421,90.13906038167718,106.09716548718673,47.41653041066407,930126.418460423,,58.53793507802618,0.001980194807540375,105.68092391542979,1.0393954859098689,0.08135827460695588,0.7949559050290587,1583.3075394942032,4852.2393652117535,,,,
0.10280176152078119,77.58514051347325,97.71120723262942,52.16302238080045,1093520.2151848217,,48.23544879208878,0.0020899431335110927,106.15652875269876,0.9309410427093558,0.08951720128024777,0.8660935958516335,1534.8044837770672,5021.116934456906,,,,
0.10193977513832327,89.75565818722428,105.8604924942537,54.77239476967719,1106773.6372723333,,55.54864843854682,0.0020260617293194447,108.45880088118749,0.9318475113414684,0.08233554315188184,0.9122636348150819,1525.9074148663346,5160.904818922211,,,,
0.09082566360316718,84.76318743630985,101.02164624996344,49.690884365676865,1018905.0440778792,,49.98757144829328,0.001723227297345072,109.91005743071626,0.9484369980279245,0.09154106408254635,0.8339957923947109,1739.385849283345,4748.52560546988,,,,
0.09358140725556358,75.28482852754867,90.91608093538166,53.876735063312694,1049321.1063823206,,50.404693886441116,0.0019851941184552053,107.51939125029222,1.0424395756257314,0.08941058914789424,0.7964029090548094,1654.0721761882937,4885.659914680927,,,,
0.0958155328424526,85.49846736238605,103.3160381390166,45.263880829735854,984827.376213799,,53.37951136854629,0.0020003708696837035,100.9965245067679,0.9186146496224424,0.08147187708201228,0.807283390227919,1691.1234420144183,4832.180865665772,,,,
0.10160823813081502,78.64177343566467,97.02845702672656,46.38169092094419,981419.5211700085,,50.99670181417254,0.0019141484626196243,105.54424478534976,0.9264226902433574,0.09053897193098427,0.8664736504035214,1542.0122677011202,4840.117218379833,,,,
0.09918714976788359,84.56867924029365,99.41943709867849,49.54471217448858,1103196.9319824278,,50.787051442067025,0.0018558660396210138,106.22784220995037,1.0761020213919177,0.09327442497834565,0.8657716341679029,1704.2780886619335,5060.65563968904,,,,
0.10380993897693983,85.4167018780442,90.48660790280655,49.99325685470189,1045364.0635570104,,51.759546509969475,0.0018857284927591678,94.22875006813973,0.9775455909190759,0.08802980220616935,0.77496280201822,1692.1953402775127,5070.496582351263,,,,
0.0993643548884506,78.35097028637217,101.08438958974615,52.327868923452016,972700.9251300541,,53.612038339949414,0.0020489673391595083,100.10372896811077,1.0247911823193834,0.0808397136991454,0.8665142137047523,1623.5001600321345,4828.715060374375,,,,
0.10705726522512012,86.85460712257945,94.95207934417485,46.79228891596478,1015603.6322933787,,54.098966642937604,0.001835622103960099,106.29324777068034,1.0211715974410973,0.08863472090225244,0.8772665920680874,1586.1424587216263,5111.313966455511,,,,
0.09469464772136277,80.36975856561706,107.12215301860711,51.4391537597453,931008.4754641677,,49.15068123865389,0.0018760185616859904,107.27779443982146,1.0162335245194731,0.08628187615997321,0.7684966914599988,1449.3705289494094,4646.314400977823,,,,
0.10917130396521671,88.16987851398981,92.95758611519929,48.828051713301726,967525.5592207487,,54.9845417670172,0.0017139694551714531,95.1468250547432,1.0460426182202247,0.0783348577213171,0.7807506938665089,1547.995586347441,5115.926500494697,,,,
0.09934224037847844,79.45275120765999,103.96795689753195,50.75461673050986,979405.7657260979,,58.52048808034367,0.001862924776942021,98.6891816892361,1.0448869867626662,0.07902821627653725,0.8076450714149406,1691.8740776396746,4941.318434428003,,,,
0.1018538265534853,79.95015526930712,93.24640897890026,49.61715552156274,1025740.72996454,,48.505219876701666,0.0017910767372580623,94.25956865425812,0.9455963889307247,0.09106974007200644,0.9213977920686346,1575.7020403119498,4815.116388711519,,,,
0.10860282272960907,85.58802110882843,98.06583331364106,50.3080523019921,1043752.5068640475,,52.359947685195465,0.0018393348249841769,103.31978019741783,1.0264966976411847,0.09069195590613105,0.7705278982972762,1513.3881301305405,5185.621886546693,,,,
0.09393879205453004,75.75760069248182,103.56110775549683,50.2158469862133,1063202.716944571,,53.131637591989076,0.0020318391395843256,100.87687725102856,1.0773382285662758,0.08929905827127671,0.8968516058319049,1726.6232605763755,4843.645682176453,,,,
0.09911950891043993,75.64225133240019,100.93787676374708,48.62084391498621,953096.3425313195,,55.870282565323606,0.001981274625548704,107.18029472359385,0.9840576320694949,0.08399728599658762,0.9088326197670196,1489.3365573226513,4796.073795768778,,,,
0.10117801032864518,76.33867756279282,106.54017012841837,54.171923250796105,1032727.7001137449,,49.767868609872394,0.001778490030328977,92.74659133536456,1.052608408985207,0.09043716341670263,0.8533583705608051,1535.8518647685423,4812.776573338485,,,,
0.09222576202585905,75.61602860589801,107.02041624444672,52.15776544887025,1121345.4212330505,,56.31862460826759,0.0017852608651517754,95.5200423520761,0.9538034375402843,0.08513273121732916,0.8629544544500642,1507.1581028971698,4911.962815487207,,,,
0.10389414234068686,82.64919103880158,92.08477415876828,54.64773344802152,1064525.4268017267,,52.20924863484011,0.001969065917736176,102.49497312513824,0.9930894181937956,0.08433613803322403,0.8369949285086152,1686.275186859658,5117.560927308509,,,,
0.0991407174950582,90.05778005241713,107.12647971791422,49.14588688895413,1071874.7495472843,,48.08065655820912,0.0019324464324576023,98.31072274618704,1.0532181686636424,0.08839718237816065,0.9319599361898728,1727.0567629254663,4899.766643134099,,,,
0.10684142197638524,85.72849737371743,98.57713254784467,46.52716626379665,1055778.7922711968,,57.807920121213286,0.001824335568654165,103.36959232016054,1.0867523659981875,0.08638105668521522,0.9165981980405646,1487.7333157419896,5195.548661019957,,,,
0.1059480199465207,87.54755440346975,101.9689219595816,47.767565162092566,1034670.210970367,,51.08891495949004,0.0018938065070256659,96.70575582117985,1.0679476907072774,0.08601779210027181,0.917406851724602,1638.105766611125,5018.575428948011,,,,
0.10243411991049658,84.8285097814478,106.68011016821552,46.67954758880494,1105377.5581185606,,48.948895965494714,0.0017643110732077885,96.38896029766487,1.0039889314392605,0.08386607745255352,0.7938483912061615,1755.2044031237908,5108.189130423115,,,,
0.10850959782381589,80.41149187914287,106.6936873284954,53.620306762493364,994402.8245758513,,50.8547032909169,0.0019348916128038348,101.97066754359423,0.9072012361713316,0.08175711812194293,0.7686336365812381,1571.5440953734383,5027.234229819517,,,,
0.1051923235666874,83.47203279967214,102.0285353521007,53.869790949324695,952212.8688331525,,48.64426319281593,0.0020048019075289475,105.37890292691141,0.9772494849136676,0.08082277554722687,0.8102703246803896,1495.1605148701678,4895.609136182682,,,,
0.09305323184396286,87.83515371721685,97.2813334008897,51.05747179787832,1107654.9151195488,,57.00381484656866,0.002023948858708287,99.33834163549953,0.9800167887157952,0.09400707597511967,0.7769927133888498,1496.132415766614,5050.816292994772,,,,
0.10137833580799412,78.60592160334798,108.6158391273483,50.51938635783502,943122.7857658673,,56.03258516983068,0.0019706449543522063,109.5710317331768,0.948248065145972,0.08551936454945089,0.8671336975366926,1588.3030025527212,4828.405880212831,,,,
0.09173644245955848,81.68727369461874,92.13245461877428,53.25165793395432,1051899.3370564976,,53.660775850630216,0.0020287877881269866,92.01482662838765,1.027247778655835,0.07847349165767882,0.8548187216471049,1565.3499595371127,4831.561834737228,,,,
0.09895167352234815,79.38295950873803,104.091876914094,52.03738251610417,990449.5747616683,,50.43394841463886,0.0017757888551468552,101.11159864272202,1.0232238428639913,0.08756739367673483,0.9028752339155198,1596.4133684433405,4764.38838693094,,,,
0.0936867917684381,79.92366210017853,100.58230712754448,54.050672963302915,1083680.6386345453,,48.19105936093451,0.0018998200197747177,91.47465798553654,0.9279332621700163,0.08902588585134691,0.8362897524127412,1663.1723575856934,4764.704393892073,,,,
0.1098078508661641,80.14434259646667,104.92353040445725,48.47780563592129,952807.9444760717,,51.691879318398556,0.0019136624391934765,94.19398469427716,0.9364869158371505,0.08860065739927175,0.8026492263381829,1557.2608587626114,4900.498430115104,,,,
0.10990254893686993,76.48406978205182,90.42317865409694,46.84944003264253,1078491.5376948484,,55.931676978505074,0.0017744795356242776,94.0443803482422,0.9471933822593276,0.0844189330742979,0.8095557203621432,1485.4895697002933,5255.3096806492385,,,,
0.10372524804036272,88.69635135060065,105.94954567076702,51.50360626112979,1031744.2131505955,,56.64433380065277,0.0018909763308285325,101.0163640320266,0.9729109642746904,0.09046972195923345,0.8660563330298933,1531.9683037889208,5024.020090238223,,,,
0.09904831070870004,87.12666151856835,107.78767961399396,53.62491525640839,1015653.5529704886,,56.299401291678116,0.001861654973992161,95.5548034773127,1.0313757844205302,0.07848339325777418,0.8735569818893176,1456.5330790939267,4912.01256073209,,,,
0.10344622490511467,78.78496266195147,108.62428028461193,47.86163222033068,1071042.2271536358,,50.27760886616545,0.0018895536490496573,108.11735572941421,0.9920679695889183,0.08345495684093505,0.8527224975676726,1724.6197369903614,5079.4768409687385,,,,
0.09372612216722805,78.41845398474592,101.35514583736173,49.284106637319766,1033685.0870723663,,51.399862620223836,0.0019080509404327574,94.57763201702171,0.9127580303667339,0.08873005293432853,0.83154460757789,1710.4977229914655,4742.595645925701,,,,
0.09349218123889463,88.24332742737302,102.85544040795943,53.988997709228,964741.1976545814,,52.321201961984144,0.001953489996323683,103.35851492223911,1.0860810906126555,0.09277597406254,0.8799927227161236,1674.4777632581809,4682.716829772258,,,,
0.09657869428322832,89.17873036526183,98.35979137610434,54.9545667423089,1025060.3983198466,,54.54593781174508,0.0018587659248134997,108.21098456878538,1.0212975597148466,0.07971758735558167,0.7836656908946802,1591.7144164339797,5028.648620799061,,,,
0.10397601464898037,79.33704685947616,106.77373798721199,47.77732232508512,1127285.6736550792,,53.30522951054148,0.0019092388010962913,95.55561485251502,0.9269292659746703,0.08573019346777265,0.8965308877262202,1755.4462215235324,5118.594910838662,,,,
0.10150873572377624,85.41669206705691,99.28028556484054,46.453889609209256,1049131.5332433933,,55.525559236913224,0.002031922587889241,95.40811968212769,0.9741282236265243,0.08922129516293109,0.8576137060822391,1508.1160653772522,5001.798845478137,,,,
0.10019921286887395,75.32797553848589,99.50410178056703,52.07629572750294,1056437.233118945,,54.79252979399049,0.0018876889071853015,100.4020669420018,0.962149288560534,0.08451528615305347,0.9326992541020185,1703.9873961788905,4945.226652104374,,,,
0.10002250004857137,81.40601902541455,107.85129975578072,49.72459358888372,952680.0755121768,,57.115976416981674,0.0019441567746623896,99.27626432952648,1.0430600380382637,0.08894769051676892,0.829967922776847,1520.9037032668305,4799.953086141636,,,,
0.1018990402705158,84.1095947298088,108.8210217992685,46.00575460390509,969056.4051762746,,49.74148547912581,0.0018393117429890298,108.88097425653906,1.0521210627842368,0.0808755399231544,0.8867452422577029,1638.2666377208639,4891.814134767264,,,,
0.10872505844283853,91.61860657852557,106.52433608559303,50.80749467995697,990220.6622273128,,48.62241642109598,0.001803984777600109,103.45057036971208,1.0317636485822386,0.08895567337064862,0.8805893918613147,1596.005836450363,4992.080907562118,,,,
0.09713246073802428,77.33311222503127,92.64951527536422,52.50381772620929,930229.3489150215,,49.06441147346621,0.0018152218182849041,92.28623932961241,1.085256585937936,0.09145686034437538,0.8654490473305277,1682.834892422485,4596.549851883732,,,,
0.09070333108602402,78.3990040926044,100.9884550041345,46.72593290861741,1077928.2797339605,,49.92946044140286,0.002019481777590083,103.97929003663751,0.9663517318708902,0.08906054907930394,0.7847606635359743,1510.7396065601354,4844.1298742006875,,,,
0.09693992595391143,74.97064093121428,99.62448719056295,49.047342887281765,952013.6136728347,,56.49602702935127,0.0020340004377003133,94.0393550178915,0.9664088153965228,0.08549821894464882,0.8202333041788994,1637.4595896711432,4718.466964902654,,,,
0.0940874824684682,89.66701051127991,91.0347970772346,46.56740088977558,980773.8147919046,,52.62910056610927,0.0020518474158319764,94.05102991801606,0.9787366775267968,0.09374885589537471,0.7953088117517528,1479.9953766408107,4724.168621857626,,,,
0.0997119163960189,82.8459735034652,99.88098906501587,46.74319163334757,1017162.8356750461,,55.166442671976476,0.002021456363460869,97.00711484965134,1.0403138433130343,0.08994901830458456,0.8432423329972208,1749.9054832014667,4936.131557385186,,,,
0.10945297683394711,80.58265889579768,102.76233388061222,50.715797800806136,1115968.5200317549,,57.148439761553114,0.0020882895426723924,105.07723253180947,0.9439026606673101,0.08331849170258251,0.8663147985850792,1563.743007609141,5351.90854411503,,,,
0.09159509574895751,76.74056671187931,99.61078515841514,54.18319593358687,938339.6261773682,,56.96225621908528,0.0019169798881915666,103.52629504506994,1.0009331170492126,0.08925986584439186,0.8559642081511653,1478.5198814213563,4596.838155803551,,,,
0.10817970177965325,85.58906145219352,99.29988462565656,50.03995987524015,994559.8351560609,,52.68914490393382,0.0017917397001526473,94.65266525574216,0.9682796434641052,0.08897524433706545,0.8189810270504518,1550.837098330511,4993.211856208636,,,,
0.10263307935337439,84.03599703294866,98.35061082761464,45.14176311640754,1000342.6931981655,,53.024821289791,0.0019085840976270116,91.90870747925017,1.074150062717584,0.08906458409341782,0.8270086205403971,1599.6983346472903,4923.263601286486,,,,
0.10267296176780412,87.82879623306405,96.34905676621342,47.93582420216502,1093800.0681853925,,53.829893771188935,0.002049407150000811,98.5682412759628,0.9578188355023157,0.09432470330202815,0.8146348566761721,1637.2875416982572,5136.184331697781,,,,
0.09003574981170678,90.91602487883415,94.59167990162295,52.83606764604543,1000592.1599706364,,51.655067792927994,0.0018723065335182261,97.95897896048501,1.094060423666945,0.09031207515297575,0.8499870606641596,1540.0348950467687,4697.911702592752,,,,
0.09719113585935693,79.18220818359912,95.81164105921094,50.17715422369976,978901.5080161866,,50.63366814579066,0.002006164173171028,90.35550224679673,1.064752044984838,0.08098775562012489,0.773349436412464,1587.2530802817953,4786.054267765537,,,,
0.1077169205821333,84.53023629408179,106.6201246586006,50.816110323587225,965433.7744682977,,55.17199547000095,0.002044557673288683,100.10217136938715,1.0712397949242627,0.09192175866648293,0.8587030937760791,1742.1685048436655,4969.617837137903,,,,
0.10998213239449649,85.14810874311456,109.40764111728083,49.394658282068555,962490.1221618926,,50.01178522771416,0.0019791546136819537,93.27096160804822,1.094025935029176,0.08743799174240992,0.8078674753720565,1752.1162896644753,4963.898684907599,,,,
0.10745271850474697,88.45784357533446,97.32632714546227,48.28891028353779,1117845.3751284846,,52.549542912277595,0.001893628773851862,91.84372654662478,0.9548558471804394,0.08510105815025167,0.8042452260644378,1468.476745895078,5248.700761429052,,,,
0.10391789002433512,87.22615255081071,96.55598165400616,52.25992334054778,999971.9649600645,,54.364401213905005,0.0019032458457244083,91.33385941270853,1.0294404291723975,0.07848621149416748,0.8456425767000509,1462.060876662123,4978.463321998458,,,,
0.09312428996619555,79.35424022383194,103.8375122465508,48.33019636962933,980628.8986105144,,53.60347672977148,0.001859997977958057,90.77055384380675,0.9688781614906166,0.092530983227611,0.7755480333855698,1698.9445328497236,4646.497581189595,,,,
0.10478313549558638,88.34675809751091,97.7384715976576,46.43412516531056,978259.179892002,,57.27185259155619,0.0018233978695916249,98.5547234763496,1.0489910131428672,0.07848548586045549,0.8265569390659089,1611.861964392408,5074.920556001611,,,,
0.10091017384685888,87.32299235634297,99.82819035376978,52.848732370274334,1023322.585180176,,56.432350939278976,0.001984741050274146,95.7463556734519,1.0138494795704156,0.09235998114076205,0.8820482846516837,1687.0717603158914,4932.722540100085,,,,
0.09281710475513033,75.17129005306039,99.76948873901898,49.05559502287788,1050370.503349101,,54.51178389473335,0.001991893133470841,103.23989518422995,1.0598093673490125,0.08391127754701463,0.8883936454067777,1743.4525163365852,4867.648338200057,,,,
0.10858239877045635,89.17560445239346,101.54359322353963,52.777428740735424,989427.4209730603,,56.8187303868225,0.0018894527490721112,103.56196132351936,1.0255579089813893,0.08580364190911013,0.8484788267333737,1547.5855331024022,5108.123502504281,,,,
0.10152703944091189,77.1300149326825,103.88164534875364,54.04078857051384,1035123.7767744871,,50.29326455932582,0.0017894428871815262,97.74954922218689,1.0531651800382689,0.08808934617385879,0.8830653973661043,1633.4153437036796,4873.621384721234,,,,
0.10684972319224442,78.67862672295526,106.71967067550963,46.42954570690828,952104.4375204366,,48.99236946290273,0.0020697143055672215,100.41916534415026,0.9377265626379625,0.08547705598564655,0.799730950612561,1756.675640197025,4885.702895657493,,,,
0.09587055077795426,82.58128769437937,96.04637667927244,49.50769718109506,954978.0057007545,,58.44431947912782,0.0019066498078966017,100.77978624491273,0.9914911161972119,0.08322529146202086,0.9023238543140583,1468.7476279685718,4766.629413197151,,,,
0.10710107835796655,85.44498251220742,95.83426293246309,48.9699671942717,980583.3595521485,,48.97545648883956,0.001900030756167057,106.5586627408823,0.9099887468967168,0.09374649216665958,0.7683510331097647,1582.1780866612798,4974.775463024173,,,,
0.10512667459022357,85.12652617320094,92.70210831544401,50.475671741528515,969908.6294320313,,56.4470339825876,0.0017155289561876512,96.43764708728577,0.9333090688604285,0.08099593469828541,0.8111521757248183,1643.8684919689101,4998.455113455501,,,,
0.10554911307116532,83.87925363095263,94.83510510159616,51.29274000537072,1089677.6933738948,,48.6400100662546,0.0017574942897251367,99.5056647227075,1.0666053014881693,0.08509320528282523,0.8362746112066266,1596.962837465153,5132.511871275301,,,,
0.09460134624451581,83.28262705134775,95.20084763535735,47.56272527210174,953860.4257183505,,51.97956294459375,0.001931652308577522,101.60127852248004,0.9156591400883327,0.07803418836802012,0.773000120155309,1510.3732017508821,4763.774477384496,,,,
0.10244351877894274,78.9064906880976,108.60135808341627,47.37472054693921,982513.8775029792,,52.838305548660955,0.0019454160210913825,100.34914768284983,1.0070920086648771,0.08541693721404514,0.8387282073835851,1720.8694849138908,4886.822441268899,,,,
0.09634759301172235,75.43602598480463,96.31012151696221,48.71007726617486,1123782.4246987484,,55.3088175364116,0.0020070661947991,103.45606470227334,1.0657942692103874,0.0907255052622568,0.9150193803490416,1658.3684889075757,5045.93575765758,,,,
0.09268078395814544,86.72961977341595,97.50372670256056,52.37790744838806,1012531.9346676704,,57.38102159505424,0.0019012288042684535,90.65206270265519,0.9458953965867217,0.0876803470453798,0.8133682626518444,1717.1228039279817,4785.737608562829,,,,
0.1026771593031271,76.45190956180325,97.31710956222514,47.53328724606991,1095367.3319231302,,51.335722503434255,0.001887292431819678,104.16106727240728,1.0653758896803684,0.08774757418189258,0.9234538834255099,1599.6702356398023,5065.377374913928,,,,
0.10475423849594341,82.89822025793895,92.5732951917487,47.75480380000526,955146.8378046809,,52.114041996202,0.001755375581613732,90.37363205304626,1.0984097194316946,0.08465311652973861,0.8854995311539482,1550.1837319070455,4857.06031531429,,,,
0.09993656238421544,79.7102445404561,109.85174431213119,47.20609598283338,1030230.2076517455,,53.07082568209226,0.001740623448828536,101.06255336711416,0.9557303942774288,0.08191219204113653,0.870604073041419,1539.1168568150651,4904.535830057307,,,,
0.0949396842533935,80.22939838920229,99.34442748042032,50.97982971492219,988277.3191275169,,52.409431540078174,0.0020841923743995417,108.17315340245162,1.0152459171246087,0.08722682918207299,0.860308836690329,1616.5913675514628,4791.331184448948,,,,
0.09458390162551644,80.67106258543642,107.66536778655815,54.775007286366964,1114724.3951990018,,50.8241205797086,0.00183592523134412,100.2473625220684,0.9265091195449313,0.08699336866719948,0.8880985960926339,1496.7143102193143,4868.098498193828,,,,
0.10567597081892627,81.76615625165896,92.81809929518346,51.01323526095701,1008686.5492023487,,50.637964086912255,0.0017879293963829971,96.58309490057864,1.014109956056723,0.08408959999462533,0.8329191579671801,1557.3407582201924,4988.9803199852595,,,,
0.10634926038272273,90.47384303942506,97.30730913908441,50.13891950767031,937394.4189783349,,51.363608682493556,0.0020267283126747964,97.70781017491849,1.0533372107795351,0.08182321903267495,0.8340657043926395,1590.5391855045323,4933.257187728673,,,,
0.09488803832747884,82.32671878014763,91.89383847147367,47.273782448272485,1004236.9560396037,,54.78055408204353,0.0020265152289619336,102.4298695327708,1.0842178793691317,0.08957140332249526,0.8942731938617671,1612.8655145428036,4837.255621601135,,,,
0.10300273380365244,85.9421820841504,98.74498901512965,45.57775215136216,925436.9661462737,,54.40940992882103,0.0019591422814535433,95.06763908247748,0.9830603512148992,0.08584705828531643,0.8262519612061674,1623.6401157276773,4816.443104100803,,,,
0.10937017279322499,81.80889552817311,91.57803381236224,50.076117447579996,1020673.2821836357,,53.35263922320499,0.0017737647899779654,107.08398993183357,0.9995502505864816,0.09396002535342428,0.8816376662248608,1575.8847057602763,5107.088265990563,,,,
0.09739457606614367,86.70154951861501,101.78298721184527,54.6445197188342,1057659.7525833203,,49.50481450392784,0.0018807256022762486,101.79865875190946,0.9929856067408247,0.08935109505008354,0.804247602643704,1602.636026886697,4916.170489729735,,,,
0.10985960380870707,77.40756141032975,99.59311464672417,45.87852770752624,973355.3699179131,,52.02576004397068,0.0019684478268020304,98.70716059932289,1.0182531772963972,0.082633251384524,0.8135975047575336,1727.2665298056615,5047.600464373168,,,,
0.10711590329942938,80.69798166409791,106.64132670655906,49.442907280098304,1058436.754774019,,54.65505269784386,0.0020373455836952114,93.1011298035609,0.9824734109694978,0.07985700065911724,0.9206137825653742,1463.6571706883196,5058.285411626209,,,,
0.1028327499279671,78.11697013351528,94.77273858982329,50.54336697474723,985816.7188090046,,51.001206293391746,0.0017326757963425027,96.50143925701096,1.0485751532598253,0.07993919529148119,0.8318704851183683,1595.1045018147895,4909.455363106464,,,,
0.09168572450567737,86.96783009725246,107.89128083208885,46.481264307415714,1102370.6625916667,,58.23028139287863,0.0020202879766347925,109.68502731523324,1.0161353661085502,0.08246105643544158,0.9283916722404537,1755.8821179766644,5032.515261162233,,,,
0.10556849898632824,77.6377692153607,99.32437534185964,54.15694660353091,1025677.2065033448,,58.44306354271749,0.0017723495339507815,95.19142061516771,1.0482798239426272,0.08548641310135154,0.8865924900853245,1610.5188229879088,5041.80788682043,,,,
0.09132467026876402,78.7715890085259,102.91154812932908,54.25174707140579,1047878.1225174409,,55.84064839099766,0.001837636976072714,96.28106138427528,0.9819126392938236,0.09087693793704996,0.9343807512266421,1615.069410279384,4710.775644593274,,,,
0.10668070380965118,90.87589596876008,97.52945941203208,54.751575739595935,928793.2309600532,,48.31399427222362,0.0019035989080293508,93.33786955380297,1.0512992650936848,0.08435794751461871,0.7746084071296381,1587.928035862832,4863.982544530041,,,,
0.09148027706965423,87.49646967571594,96.95780423305838,54.978144458665554,1046151.9196327581,,53.13650061664416,0.0018613347245037774,98.8616688912128,1.030512964516842,0.0852087362874716,0.8781514859295182,1683.8670608624686,4814.18295749533,,,,
0.09151830930974092,88.06085528841231,107.97310950782992,47.19917858730794,1006471.4443700036,,49.61284276411995,0.002053860210028059,92.78371288925385,0.9974437559371385,0.09210048334001768,0.8523153712001206,1442.2958459574177,4615.010931281267,,,,
0.10936136071020437,88.3901500503342,97.62388238522895,52.57289469577806,1017454.1595696721,,47.983421158610454,0.0019410100052099238,104.24594318412814,1.0567758647540333,0.09153435683322053,0.8507259417853035,1574.6266483348638,5064.053156531524,,,,
0.09707596142096611,81.17750193304354,105.89800913459193,52.48064587119311,1112533.7452795086,,50.67856391525638,0.0018243994752897622,99.49434558624274,1.0799246079932954,0.08856528724913953,0.7915805163638014,1458.5056234080548,5016.781676949268,,,,
0.097320054129745,75.95222515175116,91.1398650615655,50.24301948060839,978384.4010175393,,50.1188135853282,0.0020291641069602137,93.51932976148558,1.0147586783106854,0.08326431690893503,0.8153047894824536,1618.5313626034347,4756.248036084491,,,,
0.1053039463315544,90.23871454414515,109.57569026126583,46.708281670304366,975962.8204061668,,48.166399028918555,0.0017998177158785723,106.83966551390836,0.9138368461155811,0.09028139787219033,0.8870102108574032,1640.7094616645709,4885.93779641925,,,,
0.09615586634974523,84.55861090062517,105.2917562199325,49.38373404524498,956687.8077327157,,52.49312037190913,0.0018649457360417235,99.29599616416276,1.0211507628355565,0.09014553652809316,0.8534428534326556,1517.8701507708709,4684.506978368191,,,,
0.09401435073438875,76.90050394715107,93.98214263116049,52.492900885758566,963337.1017046351,,56.912282430497186,0.001926236668534078,94.58369977338388,1.064729563600725,0.08823119330892266,0.7769679613065249,1679.3464805861065,4741.592868746029,,,,
0.09343450903719244,86.9016179684962,94.23413347888123,53.5036321275831,1064647.5721516414,,49.889262618054836,0.002048412922017178,96.61239377368516,1.081571573318371,0.08225962933394859,0.8418237915261735,1717.823406246369,4891.4299114878795,,,,
0.1011157054149866,83.01971558713873,106.1361640923475,45.715867470502694,992985.0870852681,,52.50077162573974,0.0020677306357274926,91.84837189167867,0.9722138550162434,0.08656046835393036,0.785553426533031,1593.9489667373196,4860.046181695671,,,,
0.10652561109000554,85.6506420730986,97.19580451153827,47.58365215718957,985746.5921954839,,53.350334519594476,0.0019382629331910046,109.99181190887025,1.0068623849860472,0.08263954573328863,0.9001201896874853,1710.54248305996,5073.4535200907585,,,,
0.1019240172528156,75.47896532119917,102.93306647195062,48.84374122591112,1015497.4765847194,,49.6714228420074,0.0018188128173388673,93.06170604900686,0.9760389221500922,0.08145684044984668,0.8181539662520745,1561.9119841276965,4864.419651650334,,,,
0.09778817460111866,90.24206312913701,91.1940352448467,47.99000649633815,1059812.1012337082,,53.56262374596917,0.0018101532402834037,93.41392367378887,0.9659890036158503,0.08055699584891186,0.9138630814552252,1731.5359968460934,4965.417224475594,,,,
0.09862663802824183,91.49660448934974,92.66971786327653,53.46448042894922,1040829.5361784549,,54.14805863380996,0.0017294763076955866,101.3716388990246,0.9503584093062952,0.0856441483454051,0.8351878277101252,1646.7172591925137,5000.575617810089,,,,
0.09576850032223877,88.13165489033206,97.1146280614753,47.67695227528231,1034243.2824340777,,56.92884079873544,0.0017744046391003686,93.8805762709723,1.0199636188506542,0.08189817610760533,0.9122118235228923,1457.907112027412,4887.634588032282,,,,
0.10087509619684487,76.73353190698337,93.15085267994706,47.861332014882976,1003447.9613483628,,52.66513778902392,0.001962538997218938,104.46389823295843,0.96749186240548,0.08658406546716065,0.8713197324135804,1467.4282324803007,4899.62003257326,,,,
0.10069781571821633,89.8801799639733,100.92860344397788,47.00378098732373,1079868.634651987,,57.15472375005264,0.0018161092681481666,100.69346148141327,0.9744277921130559,0.08029799531614919,0.8811990516773927,1573.7382845188595,5138.07658403463,,,,
0.09633938861697887,84.27078083974415,106.38103284120537,49.716502678447036,954750.3426520173,,53.03423052880574,0.0019533304214142586,108.05430971641754,0.9813250048242126,0.08533158208323598,0.8438374207347171,1574.8478745498282,4763.120388470225,,,,
0.10322642056326031,87.78897793372302,94.03874740727228,51.01746292354725,1103537.2094747948,,49.300489851002354,0.0017956285370707135,96.7896504420805,0.9288699452768662,0.08599650250543531,0.808242544269544,1707.608132747298,5121.089303320104,,,,
0.1030971776450943,84.44153032320094,99.52031684611093,52.61719579688352,1019758.6038687617,,53.31634060574296,0.0018265474328053974,104.5463763962172,0.9289300616543773,0.08538079986379608,0.8694432546080862,1717.5003111556045,4995.71958049221,,,,
0.09912360179553369,84.74204871223468,99.73491202443691,51.66908995469579,998997.1925616811,,50.07342415856164,0.001908426083507768,95.68648837833197,1.0092317168498706,0.07823467855078059,0.8677747188788395,1474.0183574912671,4826.787882026291,,,,
0.10290432004126647,86.69210529071069,102.36029988287918,46.13567913755712,995515.9142096535,,52.87859199825246,0.0020636777615600306,102.1435552347558,0.9312290156181152,0.08977448565511237,0.8361049922021658,1593.0169224821816,4932.802400137175,,,,
0.10392060287986352,80.75225400769374,109.59733079067459,47.93929185964618,1065536.0181947572,,54.636669847431804,0.00171214328126683,93.4103590171692,0.9244636249214546,0.09270829193365668,0.8644259189695218,1450.180229849916,4962.959364132959,,,,
0.10820654002025017,77.41493819761727,95.76437750875121,49.57305656739114,994280.4461040575,,52.36480114508805,0.0019559317710301327,91.77730354998717,1.0734632825883486,0.0817535210530884,0.8114309510910824,1759.287519871933,5042.201741406022,,,,
0.09504439614468102,82.42704943017831,91.24072834751532,52.07551631014597,1066383.0540007518,,58.03407638716733,0.0018618013027205645,109.76437865161131,0.9919025240285982,0.08132834303803704,0.8729652881078289,1572.8170666084857,5060.407433240817,,,,
0.09552589089602177,87.54205374511561,109.08427381131017,54.99809696767777,1030162.8311300017,,58.47479038158134,0.0018829438492783336,101.56263273037749,0.9571750305336331,0.08406125789771624,0.8295448867242053,1516.9928476853395,4918.014430430859,,,,
0.09480237644629322,77.51916402036579,102.54036816269121,48.33076620476243,981160.9530979119,,52.74033023171939,0.0019150850966754896,109.838131924505,0.9951413611322012,0.09393361851423115,0.8137316377211744,1671.89131378106,4758.95266113414,,,,
0.09996627675855009,85.23346412696237,109.40873788257919,54.10689454903335,1114308.488810769,,53.2445901086389,0.0020855477163580992,90.77782696544077,1.0697831305564363,0.0844554518461834,0.8688029147669324,1477.4483748283635,5025.555452142338,,,,
0.09553350722637292,75.18800493454671,98.7812482550542,51.30581472539235,1068380.069718145,,51.64724369246618,0.0017724657487904203,105.59152520297934,1.0779625088350953,0.0883493716463076,0.8502628634997593,1522.7520201988907,4912.907990524854,,,,
0.10827563996478276,80.6486905085528,92.52274341289254,47.711093499334766,1051247.624689293,,54.221347111990795,0.0018829255753777202,92.26570066750513,0.9830019119665802,0.0921505965193427,0.926378720871853,1456.1148942549132,5039.142680665431,,,,
0.10273659828025555,88.0939239728371,109.55324913614994,47.039251288971016,1083960.8829891316,,51.79698227387577,0.0017366174859305777,101.59336748644358,1.0640391719842883,0.08602947251509012,0.7971587774395431,1548.9066579917865,5136.884855100512,,,,
0.10486092147000203,84.00184537023964,97.32160405556203,54.22843685037926,933832.6597413636,,52.94940513751136,0.0018146554337603001,100.01956202576363,0.9995590465471249,0.08042285621608665,0.9259149950994615,1743.6667868942623,4862.0151103294465,,,,
0.09079793455333982,89.66583468366908,98.03046752948397,52.4521622302228,1023796.3007423216,,48.35346238465187,0.0019055759295617375,108.18523932371495,1.081158313419369,0.07894585343661052,0.8320830449104902,1518.9687050442328,4820.866757470515,,,,
0.09878652355918384,83.50288495618781,102.43841416227623,49.44049074225868,1050202.5563434544,,54.49830499918552,0.0020616209496955615,103.61876764595806,1.0993132472302136,0.09449688471428641,0.925438703009886,1468.6040786977442,4924.8226901297,,,,
0.09530046386535246,76.22436966372155,102.841242126617,52.654603893751386,949844.660421045,,56.6775770604844,0.001894878188939029,92.76394796904232,0.9316178345684637,0.08655421643153166,0.9035358282632556,1660.2742251176555,4612.507068349913,,,,
0.09349330261340111,87.22488602565224,95.99716395895891,54.239338128481606,1053826.5218079512,,54.58657264198379,0.0017761971567022995,104.96617099298264,0.9623836991561183,0.08223836572489077,0.9235754549965783,1549.8351724440781,4884.143726376583,,,,
0.10562838721939585,76.16328388411827,100.98050004205584,52.848904120360885,946004.1661795054,,54.89897589903558,0.002078520458164003,98.14031709023581,0.9007493839519197,0.08141191071440694,0.789747587747809,1684.9961441704663,4898.853877741365,,,,
0.10591419237206712,83.66972240903917,105.23735136846774,52.851577945438876,978422.776067193,,55.712060852056496,0.002014977178442861,109.67616424022015,0.9646492205678132,0.08641373001244795,0.887459918865845,1748.266098257599,5009.6850369562435,,,,
0.09775834606325601,85.18612210769714,107.72493902873647,52.53224204654495,990032.1098276771,,53.65066544091703,0.0018290957720255886,97.76961095654264,0.967619895081573,0.0909069452496127,0.8518177711788322,1504.9300831899784,4752.1968765021475,,,,
0.10933140926577078,76.7962990518044,97.58336397770005,53.57363424982338,1097015.532156661,,53.27840598358563,0.001793203610954393,109.86283080252919,1.0984585628846137,0.08896423001619753,0.843537423381136,1598.1232293152211,5298.727586183323,,,,
0.10798438350116318,78.6386685408466,107.81051271048125,50.35785730117466,969698.9291905358,,53.56195894114572,0.0019091386713496008,97.5333881369325,1.0343627842861727,0.0878211483587714,0.8337185693748802,1562.797502977166,4934.785924466834,,,,
0.1013661320233738,85.60051894692253,92.41031198633488,52.50683816004924,990398.3478989272,,58.43352994662503,0.0019248780294646624,97.05605533776877,1.0757031223103835,0.0922859493157562,0.7835505171327193,1539.498187095439,4976.8401337850955,,,,
0.10034605716974597,88.32206259217686,98.53553243067363,49.504812312599064,1006484.4008347044,,53.3844371688631,0.00180618269456874,100.61315478121551,1.0126008028537217,0.09034234806433615,0.8681508317621056,1511.5049661490318,4898.559985835174,,,,
0.10936313939498332,87.6952397676217,103.27565605340614,49.69754662918396,1087820.4924675315,,52.80072502166878,0.001953381145821885,95.56283728322956,0.997324957704815,0.07986267177773619,0.8759411819209155,1744.802639875169,5232.8082232128145,,,,
0.09888790440888931,85.84158339579233,103.41474571861109,53.97537397836369,1074497.190088232,,51.27886217493288,0.0018332311572765959,107.97657748909259,0.9820837714127172,0.0830659033624856,0.8863377735056841,1611.1429340525344,5002.758030117101,,,,
0.09520795873536486,83.12300117362062,105.83396550525796,46.27100347441328,998889.8235346453,,48.348406872104135,0.0018897924445122488,103.77120240760614,1.0233590930774528,0.0859119901783934,0.905331272735768,1576.7688384060166,4731.411236354862,,,,
0.09273599014739586,87.51975257715128,97.78221132900364,53.632273197168075,1051693.9532850045,,50.83907730006407,0.0018173582476835274,91.48093967761737,0.947006161214192,0.08802714597687737,0.8460522620493585,1729.5264274041388,4766.751373611802,,,,
0.10299900884117096,90.99066022837262,107.93457211308812,54.35145961947231,1004981.6539288809,,56.41880135225909,0.001954080185501443,90.21901980577664,1.0293512186958365,0.08529965700819994,0.9005772569759587,1486.9717109052149,4904.277854277582,,,,
0.10169819281982917,80.28208703049451,105.53740686126855,46.29857472950552,1081185.558760166,,48.29705197477436,0.0018517406665805418,104.57037935286375,1.0778869361320915,0.08373500304363028,0.8480946590944598,1480.8329130858046,5031.518373248016,,,,
0.09830097614321125,90.12152714113303,100.11322346035504,47.569415244007075,1095399.4427636403,,58.31244031010261,0.0018977458808146135,98.61234487138857,1.0444273315785741,0.08636092847937536,0.8505090112361604,1728.9274017738398,5158.038883718943,,,,
0.09735097267799506,85.86123270143015,103.54828328727143,47.35201040597078,1073991.3211845106,,49.18584858139259,0.002055422440010404,108.39889223069056,0.9142749503639681,0.07767683268314644,0.8799406729761737,1665.4455785849464,4981.998704337341,,,,
0.10733004419419784,81.24617341113095,104.20469900694908,49.755894605417275,926748.5715290428,,54.86765692645838,0.001971896881722259,93.98331193867988,0.9577276886488193,0.09117361566321944,0.899315698540737,1610.331195877296,4793.578328865029,,,,
0.10960965751195575,81.99441755573952,95.03236173388284,46.56979320042315,1033171.0602140357,,56.08909873148757,0.001759370741599711,92.0519884462069,0.9209921889016357,0.08405188061608262,0.858242611810103,1582.921096159297,5124.960839906929,,,,
0.09565646121345905,83.9011930682908,107.10855128334,50.556043714100184,957354.4447136797,,50.834531702590354,0.0019411985881686593,102.32107119435172,1.0708623977832616,0.08616991799503292,0.8200186562648079,1543.3569977092477,4717.835877248185,,,,
0.10802027370369133,85.11506347343432,91.7063799177548,53.81208397832579,975659.0319526372,,55.877011869229854,0.0018724985367384998,107.94525130424468,1.0806162397425938,0.08345567336723224,0.8175361724530142,1601.920545588194,5142.153926188632,,,,
0.10227371937681723,79.33611700741233,98.03783110487167,46.12981304063278,995034.0452884464,,49.15202787149936,0.0019331593684734256,100.47052744685045,1.011714776164369,0.08513232651100643,0.9147124460537649,1478.5377763837637,4846.277344357077,,,,
0.10543348483370903,79.93844968480371,100.15468169279266,48.74071257201488,981167.1168112792,,51.458046065362296,0.0018864615761517113,109.18363778998162,0.9596112829348843,0.08720512844557395,0.8826043631848023,1457.2868346016783,4938.686608827047,,,,
0.0910664105691468,79.99598781065649,105.65070279407178,48.66741620947799,1102039.4918896235,,54.517019253327945,0.002065012440935948,106.3853420820435,0.9327439308830098,0.092414691561685,0.8332967324638666,1621.1864040047092,4917.321263173696,,,,
0.10268625629252402,86.96496413237014,101.59541197718715,50.66147575711122,1122467.8346636326,,51.76605245357193,0.002026115029971877,104.22355117244643,0.9216526114273798,0.08586665236395999,0.793701716754657,1464.5003244888385,5204.256984308345,,,,
0.1059669735448104,84.75377384642947,101.73072233139995,48.87619374035504,1006211.0171900303,,54.138544624571466,0.0019153106557644305,101.92584922783749,0.9941346224621159,0.0824194033961015,0.878552412848534,1601.846196758064,5041.3817282118325,,,,
0.09866375962290753,89.32343402110855,108.14358245132325,50.56649813742479,998131.7754183793,,51.7620288201212,0.0018498052613316403,95.84755288962027,0.9962672157866119,0.0833983253924423,0.8194231694922939,1736.2758420286282,4853.854287884751,,,,
0.10209444505472028,82.9059005257026,100.07544267913018,50.14614964882779,1106733.1501057039,,58.11558738239508,0.001884064179373342,97.45314997108649,1.0486042097856276,0.0821196225606789,0.9242761958813456,1759.728855095819,5175.5540669590455,,,,
0.10615557339810973,83.11003106681133,93.13038578260468,50.37805397259834,951482.2252981041,,49.629020411144296,0.0018681047413305176,98.4318085534342,1.0115622933459893,0.09324040307599077,0.8305007245274715,1491.639426910259,4845.904228208853,,,,
0.10786348395416218,87.74747385290958,95.69583469357555,50.734242446136605,1035077.9152351819,,48.06963680023145,0.001962722459663543,107.07129451477184,1.0524232440349364,0.09219807819269496,0.8224051779864288,1686.9491371417914,5114.429474652923,,,,
0.10071095407428997,86.8626428478845,107.11972538695787,53.34223028981875,1118606.2780490178,,52.391396038248004,0.0018177535379717178,92.85995496454112,0.9558033323061197,0.08557634499340763,0.7974837736215952,1446.4697083187045,5078.9368903357135,,,,
0.09031351234760467,77.71722461348924,94.40834310940099,47.19240946906244,1079220.2859409065,,50.177245458861,0.001788339553215109,101.66219258248061,0.9003611200436586,0.0865560747788383,0.8112481112472033,1626.5492734522888,4823.664393350662,,,,
0.10503191179272438,85.57824747751917,98.65905440789963,48.653630642668155,1066171.9586572219,,49.86793881765133,0.0020782041095194497,106.17977380265451,1.0647972796940894,0.09341645420732628,0.8105668876947364,1496.7878019570267,5118.262326168438,,,,
0.10220501047634299,79.70567079380162,103.9937397651248,53.84929022279255,987398.0593179433,,57.53994467560612,0.001953831800294332,104.88876939109582,1.0855083460317119,0.07886138815413543,0.9038414463441643,1573.2029659014524,4976.748288983336,,,,
0.09230953834094813,86.88039928007466,109.61164199759364,52.761526261026944,1067574.7033093676,,56.76005430508756,0.002054938628267746,98.69316638905723,1.077828998483415,0.08426999461453367,0.8036028412976663,1489.5004064237803,4951.278292123074,,,,
0.09347659310704756,78.53736358345202,102.55826613411278,52.42962209755871,1067317.420656268,,51.63241007839141,0.0019426981799199926,106.16033150792083,1.085666463613775,0.09082778897243693,0.7691046956436284,1620.6517318446372,4934.470251874814,,,,
0.1036773478186322,77.89648748777378,101.51809768113715,48.87578489551099,938095.4445816119,,57.1110104834999,0.0019668467852685654,95.87435283247365,1.0349360946318453,0.08941149395398107,0.8043569128077602,1643.8905491411706,4842.600403456723,,,,
0.09866317501822362,87.05783644805499,97.76472017752042,47.4819492231923,1117296.5758862998,,50.58574008326097,0.002064271033520115,100.10119912867657,1.0436628167992847,0.0925683289614359,0.7695792676873886,1723.3151354895906,5135.678680854187,,,,
0.09471455237034897,89.1274363284352,101.20979519205851,52.73415311620059,957685.7187029376,,50.93304127577558,0.0019474931113869685,103.84137036049017,1.0350425583026917,0.07882540285338177,0.865332362968712,1614.7998117855707,4754.130532853137,,,,
0.10317602864544045,86.13988571418135,90.66748526727876,50.41662904631228,1025799.4809631573,,51.79358811558154,0.0019945118404180373,98.36977281615764,1.077092511676685,0.07994909706319014,0.8489312058406528,1552.706456850932,5049.958481350091,,,,
0.10152630361737525,85.8339244615767,96.64413540640464,46.09930677474367,959917.6903104796,,52.46806408170696,0.0019666999918623983,102.50579925722806,1.0396881743161284,0.08522292120606889,0.9224536470726208,1733.689338815563,4871.289322142793,,,,
0.10378345094004718,91.26988526508542,96.27594155794996,52.554908285941046,1016109.8674406982,,56.26555939227054,0.001824197350180963,99.72747328155371,1.0935951030438447,0.08417020510518486,0.8369221004295888,1638.1810583644144,5103.233768753454,,,,
0.09763189619934967,85.84122152798554,104.3588196658232,50.641569319245214,1071041.077020675,,53.69884169876908,0.0018792307846162812,100.53715088435646,0.921263993925284,0.09066209668899257,0.83021861092117,1607.77021183226,4956.957732802744,,,,
0.10672689694623726,77.89751510731442,106.2941003369556,49.595669431214475,965808.830218971,,49.94095840854104,0.001762240356599567,91.89716781448958,1.0408427286582682,0.08673857704392182,0.8649069182863105,1535.822173784423,4823.263700091321,,,,
0.09281077521812639,78.53396472502183,98.63579028892273,53.47871452636382,1041590.3649712149,,48.54939347438693,0.001882772713977009,107.49550314345038,1.0714521541524586,0.08276278131287468,0.8619192489579369,1508.9634352649189,4805.375256984266,,,,
0.10962359862033355,83.46982302336859,101.87935206311059,50.12371771663564,954010.3108898752,,55.92987200345294,0.0018685704845378944,94.20276870975086,0.9828137563185175,0.08412047955404392,0.8491223489815677,1563.7580400993463,4975.209542547815,,,,
0.09879953194629731,76.16071297082162,91.24919021028829,48.207465160357884,999125.6766652428,,55.82443798786378,0.0018268272839951159,98.42092827014474,0.9059726398396619,0.0821903194672018,0.7941003462849748,1556.697069475411,4910.090671478244,,,,
0.10212817242909054,81.7062535663114,104.24058732781853,47.29027217034164,1051160.081817319,,52.87163158004763,0.0017162990749953555,94.64776772346733,1.0069173329320484,0.09145768110917178,0.8111694586348424,1747.0418238260631,4989.210376034525,,,,
0.10141687964628249,78.91613517503319,98.84864710080228,54.63442344274938,1063337.3127611135,,49.0490083323163,0.0019856049100605215,108.73975283115738,1.04814470216278,0.08676976583462566,0.8233193117359975,1671.293396195141,5037.1352017552035,,,,
0.10278731168512008,82.73837902406852,98.34862202879077,50.79487260077852,1015804.0736622283,,51.51812522011202,0.0020616357813623776,97.95280998638535,0.9106710681749125,0.07816648475812897,0.8782734424281486,1680.8326787163849,4948.635321928252,,,,
0.10061850989096893,91.60713813681419,106.81241118965508,51.543267821809714,1024884.5459789897,,51.17957915109433,0.001907255341974484,102.6347619944333,0.9105305337548647,0.09133824079859942,0.7891511240382498,1651.6505008031902,4936.830506013416,,,,
0.09469163004120168,78.48954150297072,94.61392479948869,48.080387542674366,1109827.2125371257,,56.92383264725779,0.0018149913782046139,102.3636569519657,1.056848559483957,0.08022359318845959,0.9083624706310346,1561.6232883852538,5056.961867961545,,,,
0.09292115942737195,89.54451671055482,98.81490782560581,49.625909717776295,1077562.0318608107,,57.63664224564579,0.0019699941407242175,93.21319459378749,1.055341536998072,0.08002670707516363,0.7710250932169121,1540.3804509559993,5061.370510261624,,,,
0.10902443116895642,90.78562407082434,102.77409972358478,54.557848640106364,1060799.9270801807,,56.098060746729075,0.0020792652991523126,103.85393749941719,1.0673949835070555,0.07911903460804633,0.832776740041755,1705.9878265600776,5325.963595504426,,,,
0.1062155999758724,86.1373624426891,90.46950994411173,50.300333691839995,936525.9701201816,,53.3555099794107,0.0017512797060719222,106.6981269985954,0.9606870310596021,0.08561517321932141,0.8372533963727165,1442.7398773430932,4943.243722206799,,,,
0.09485332304758394,84.00933817978651,94.73993072967167,51.27034179934493,927839.6562348623,,57.78550974760575,0.0018927874554518446,93.73771862503897,1.0057185973849563,0.09084172377260705,0.906896027018204,1527.9610852240828,4612.414875963215,,,,
0.09232240971107404,80.50814022209683,109.75575685774209,48.04210517722823,1008966.8720482485,,57.54888896005522,0.0017283770186083257,105.36514810665165,1.0851498752309634,0.09317440103795324,0.8734373506333806,1573.5792305487282,4771.136217067896,,,,
0.09639573773399003,78.42464093160123,94.76155740745676,52.74257789068808,983140.1940173766,,54.57850824322358,0.0019323629760460853,102.48915000675194,1.0757401248475544,0.08484108505422339,0.7839814665989275,1732.1947740211115,4878.000399495693,,,,
0.108256138003786,86.48957553973067,102.32077382157117,45.03415571469996,1100754.8263351067,,58.45095822345102,0.0020701235586270276,91.75834873947292,1.0563133388611938,0.0808870942240483,0.7947625396402467,1447.5948552744,5372.848159959501,,,,
0.09940902673960264,90.06956528999703,91.80197550221354,52.88706890609159,1039136.9939353712,,56.00646356430415,0.0018603906915699237,102.70750975880244,1.0002669710739347,0.0903676885784058,0.8104787136588145,1630.0229236649686,5048.783946342176,,,,
0.10544944931604772,83.66895763108484,103.88804268839127,53.13216446252609,975493.0288928342,,57.70715795197591,0.001819272853545999,108.82980874341884,0.9521990288916343,0.09326537357622271,0.890603663174172,1454.2713222041807,4941.982683841323,,,,
0.09661523124775093,81.43571877766567,106.20196962436836,48.871065515008446,948553.3447161705,,48.46515933145076,0.0018881004181889338,102.52913132744521,0.9881903563996943,0.0919050335746503,0.8901813501173675,1546.513322812126,4621.374458016138,,,,
0.10069886344021206,83.39312212679991,95.57605224196162,52.3825976956399,994178.8580042812,,55.05066859363446,0.001839176198168219,98.69184075342304,0.9808509737240667,0.07999509582820025,0.8445015009253674,1684.5285130812579,4944.101830604294,,,,
0.10066169362047356,84.27018886499197,108.1876576494148,46.45055592217096,1028917.8711113442,,57.374579295320174,0.0019929095676445444,95.97993717609869,0.9740244688577621,0.09285284825151205,0.8894229252888666,1562.9106989356123,4907.931071236814,,,,
0.09325024040218495,76.77109225844286,98.41181475686042,53.504953860933455,1114620.1532211974,,56.48121180275525,0.0020848599015386537,106.83210016307778,0.963353500046001,0.08570995125422608,0.8808925024436846,1609.5644992049672,5012.892568098503,,,,
0.0976571969444718,91.53248176181168,90.41009804940487,50.005952072312745,1114930.3732958937,,58.42037257663262,0.0017820968271274364,102.50342263339591,0.9443888977348109,0.08845400756094726,0.8995891017640313,1565.5154056115157,5146.223888428148,,,,
0.10853295321964077,86.1277644497486,95.04650738732106,48.05297694218001,971321.2049786189,,50.273589121441134,0.0017703885795916745,106.7171333470635,0.9660707641340902,0.09139461961421096,0.9285814505870229,1672.707820002815,4974.215764271805,,,,
0.09325893372143128,87.77245478521748,90.2882142109106,46.35437560527499,966925.384275033,,54.15215889611477,0.001960863641889558,95.75607285694416,1.0077181363289536,0.08964625090607074,0.8898091049652456,1523.2241101500906,4691.413005170163,,,,
0.10692333255137101,80.86885517654619,98.67446600282047,52.259674480244854,929452.746453278,,56.48091038957492,0.0020701197019794603,102.62524333650842,1.0424280568686313,0.07838799548792735,0.8365909691144807,1504.7487223455953,4974.2747124962,,,,
0.0925273258404849,74.99303206774184,106.93825410368487,47.65986828676877,1056976.843689763,,54.08233758185614,0.002042894789190016,102.73115409485989,1.0356266802810303,0.09054854025887162,0.8592115881141378,1560.903052466447,4818.2560895526385,,,,
0.09698105871463952,75.68975843770492,108.50181579162901,46.751847165977715,1003913.6934673355,,53.33691199680072,0.0017463803619293468,103.34174966722938,1.0479660166579676,0.08393130817472358,0.8020711466307162,1613.9228423806785,4863.899248031381,,,,
0.09194656097167267,86.74644476872596,109.0189470804068,49.88102784816182,1125851.5879742396,,55.193011198127664,0.001919777096333902,98.7564860670036,1.0053404368430143,0.08125402857968131,0.8330294538223959,1518.7782241726147,5018.014736788025,,,,
0.09748224732782085,79.08118717752957,107.49011192585363,49.77330564806741,1011422.5509947595,,53.046968359041294,0.0017622603195142077,96.15088227829742,1.0768251628868049,0.07909086438093182,0.8437144055237273,1727.2200775851798,4863.443510069431,,,,
0.09949078555585772,80.87422270730936,103.41522516986097,51.989964853465565,994031.5939240259,,54.286102223418524,0.001890206680524222,103.2141476538293,0.9706964955510489,0.09369989937119484,0.8705975015239759,1545.7009584272794,4810.796929684237,,,,
0.09143723768563435,79.8639645726186,97.34919882648997,49.674851221327685,958325.6295932018,,53.9505832395577,0.001839973902983191,95.97093023599,1.0586882421601194,0.07973639087252406,0.8735705728680373,1693.2155314666359,4663.29389769062,,,,
0.10129267961116978,77.60714574568944,104.81267041916848,50.51064977818926,1117490.830654591,,53.80998471217694,0.0020158173854830036,102.6235817733327,0.9989248676736546,0.09094849005860513,0.7870096616005097,1469.7312563531648,5151.221414272986,,,,
0.10474068915190334,87.33079848278109,90.64022890183657,54.37283368619923,1113324.6651113145,,54.189990985087185,0.0019925591255876398,106.20210619455138,0.9256404035724242,0.08430930408485811,0.788155019759155,1664.6215548119765,5327.715721187117,,,,
0.10612428503438531,75.99594544539653,98.25575615376486,47.24449920474619,960352.9761628313,,54.36555884317195,0.0020567648091987575,91.54477819133089,0.9164436188702713,0.08883712431066168,0.8436215368981813,1708.0446200326264,4853.75224599591,,,,
0.10648236084481039,78.13669721273288,101.29294363793385,48.78837160322038,1125849.1682014475,,51.14805310530386,0.0018886137984701079,90.22685982372853,1.0761313139740654,0.08723466942427298,0.7987148727660228,1566.0999888889203,5196.092750974473,,,,
0.09379171949130177,76.92306444236841,108.07603428804005,49.95633019235063,1012193.4140596482,,49.08177956777686,0.0020021523852086134,93.33179370191723,1.079081455089749,0.08692435533339633,0.7912520031422402,1630.1765943006476,4707.918800548234,,,,
0.09242853613584412,90.63113380868293,95.99267133261672,51.39221564219384,1041012.8749540977,,57.64215612280085,0.0020108366421094817,98.07614938925026,1.0495511617471895,0.09245062152383068,0.8443677177403777,1686.891470803328,4891.763746919543,,,,
0.09983101978002273,76.10939519219201,106.99948238241586,50.49784907018908,974202.1538185623,,57.16798650835169,0.0020084289189287595,98.92618748244838,1.0562745187047662,0.07790727758899049,0.7949877923202213,1677.0950669220354,4923.941754820021,,,,
0.0959265959258345,90.69540344023618,106.87541377274886,50.28544234498392,971912.540748306,,55.09219349008389,0.001797448476308146,100.9878553431063,0.9482629317731144,0.08706686424330706,0.8933022540362315,1524.6696233499276,4742.987217221579,,,,
0.10052914778882126,87.39855011589988,95.18656269209808,45.23775810165446,1072498.223347525,,55.542168994337075,0.0019535706076204322,95.58339770452378,0.9748318467221434,0.0836942804277978,0.7876655939202967,1466.1608007972773,5129.2334823560695,,,,
0.09004298241283391,84.01174842465335,103.75654301827994,54.33965138199663,1107397.0591662219,,55.23458191440282,0.0018894111250819395,97.55689841491292,0.9775850434506693,0.0873185505484632,0.9017973359735909,1539.4766658329295,4845.010691974238,,,,
0.10569640740305185,88.09312432100893,106.41334958326136,47.50898141983137,1108193.3491333593,,50.63901914488925,0.0020385653691381315,104.71669686961016,0.9460881969478516,0.08444878981111059,0.7715851321493971,1657.0983437840655,5265.140526181536,,,,
0.095144027446675,85.40814348290802,97.81736363729406,54.140948520032794,1062670.8891629563,,54.561034553733066,0.0019985501360105977,103.61535298049252,1.0111857197678558,0.08100751814760328,0.922223674275661,1621.13826361702,4938.87655348505,,,,
0.10595275438913157,80.10785253984922,107.03693302442096,49.26718407952257,982633.1300222497,,58.04228935636612,0.0020143767151553503,99.67988915752845,0.9636281224556357,0.08822628793472251,0.9205020996426575,1526.3702215749433,4931.158272973025,,,,
0.10064614488287026,88.93714730119237,91.61582958993411,45.34963297938026,1029775.6849539354,,53.50488962716633,0.0017261491965096577,95.40624334354287,0.9761672006435848,0.09000636334308883,0.8925608308264408,1576.563077409158,4936.150805096415,,,,
0.09073102862045235,85.94820705818697,104.01137458452581,49.3164329206072,993219.9757368048,,48.836155125780074,0.0017757886939673527,99.48333852667959,1.0473530678497245,0.07762853385401305,0.8651709238129875,1534.4602095608072,4678.705619750051,,,,
0.1055532375460489,90.50940662426052,90.37922065480682,53.096661063185,1086554.6485916849,,53.8073252036284,0.001794241630506122,104.97947851998497,0.9922120578200038,0.08942961060088336,0.8161964240555082,1583.223749092614,5247.875793027928,,,,
0.10235596024336908,75.01873866042642,102.76536550341369,52.64029450056334,1051588.95768238,,53.44501404068393,0.0019137703546451325,101.83688237428927,1.0022115869544732,0.0929289014544013,0.8070470536990081,1531.7967876873058,4989.648694751749,,,,
0.09558732384597411,78.84934492013447,95.00239460445658,45.25233773355351,1062591.6580301712,,48.31940799184941,0.0019345041992878547,99.41045523466467,1.065339891271949,0.08701316528550472,0.8004553595766232,1469.870434763646,4895.4065086032415,,,,
0.09689567727335426,76.85478692776528,102.86762839923679,51.566426286821944,969915.9507750933,,56.07534914541446,0.0020078478447105815,102.8505735153811,1.036977382335205,0.08652114808421382,0.8584263176739226,1675.5994593764287,4790.382997955037,,,,
0.10149782853541607,82.35320460705927,107.92877716843815,51.246001197455726,1058625.320556331,,53.73969836387897,0.00182570871430924,102.29491415431727,0.9314193038745591,0.08741941259145657,0.8758197319913626,1567.6262615350468,4977.789137204125,,,,
0.1006315613067042,91.25655807835192,99.70064920009023,46.14611326662256,1091851.0056933556,,54.55001162247414,0.0019183345191279826,95.42118910970564,0.9829358594512799,0.07796838075501952,0.8644581390955957,1689.757319043938,5136.980363587583,,,,
0.0936218442213082,80.0959136718673,93.4348436517069,53.16241845040929,1027402.8535632646,,53.342924229107275,0.001959572119702835,93.99604238477988,1.0115844486119023,0.08237038713150832,0.8921414171708013,1586.5542620261604,4776.651059772765,,,,
0.1054599204157404,76.54699063586646,107.00171908711395,49.2008147572911,965384.2576549393,,49.65936975227647,0.00185445620703839,102.036420796879,1.0016102047143518,0.08875733101055847,0.8766357790943818,1579.0792179574523,4831.610558920423,,,,
0.0919092024444508,88.57809596782073,100.51134415128486,51.25337956060123,970899.9103666822,,53.20475665278864,0.0019414384192980752,98.05861637206156,0.944221777159148,0.08508752214858807,0.8371142987014112,1474.6953875225984,4667.530498369788,,,,
0.0963272055168426,78.70252574413531,104.81695269569411,50.23863116134515,1025160.5569979006,,57.02290632257173,0.001737056309993991,104.26210175669719,1.0705417199432008,0.08122669166299458,0.9062971556109591,1677.6096270182638,4916.177970916885,,,,
0.09176872091020327,87.02151082828634,102.47224035941377,46.22281013153207,1097198.9071235466,,56.73340253932673,0.0019642390920847925,93.8682461536822,0.9361653578572606,0.0890969786922169,0.846095761033003,1572.4870697833683,4921.035921954154,,,,
0.1082213109794856,83.7582392668613,94.01826415835164,46.85147166383979,1098470.976997293,,55.337600017056424,0.001974406170936356,94.05341257456624,0.976887403356088,0.08065882206239244,0.8488134587541878,1681.40482600606,5286.91189824313,,,,
0.09761622974900502,90.02773664475842,96.00620844789309,47.522396576149276,1047746.6567763358,,57.9849736646139,0.0019986083296468326,95.96191726093626,0.9908816664826428,0.08022893806858068,0.812510503118199,1492.1143369310926,5064.030396990823,,,,
0.10248272136749573,76.76444441110695,104.52615782262538,46.857834506738,1046498.6591733736,,51.0426643719576,0.0018631652238706715,95.51884518512902,0.9354773894494773,0.07953294431280655,0.8510888148995928,1580.0720829829402,4951.385144659747,,,,
0.1097014968295239,77.7790200720372,93.53172044344248,46.849771648387204,1103377.434617807,,55.40062848441054,0.001751512543397428,102.716402042365,1.0779392744876395,0.09262937378161826,0.7819502424884544,1669.2228682401303,5378.009577997049,,,,
0.09133954091909725,78.8329118418434,98.52254392075437,46.044632644240984,945568.0137832892,,51.7210793325427,0.0017539949751343602,100.32131043966265,1.0203454618122163,0.08699126447238745,0.9089811566832467,1532.0457339365669,4572.5226287407495,,,,
0.10990686444979758,79.04127042582863,95.483230646993,45.082663171527514,1077956.9081800133,,57.62520988898003,0.0019393664189669918,99.25245503322783,1.0158641866031413,0.09329216138186591,0.8617684045870487,1595.8094715349253,5257.7710798162825,,,,
0.09485068717695631,76.26971594432176,97.10235101142254,47.31113275782633,1110181.4313496773,,50.71587792597522,0.0020195386036703663,107.093782108483,0.9258651000211413,0.0883591926130366,0.8528001792559597,1564.824043725191,4964.511738450576,,,,
0.10740478197703177,80.84687995221287,98.13667702397643,47.325998164455015,1067755.9324276238,,58.47276005642838,0.001792456545802401,96.65528680595838,0.9629101034516675,0.08375210036660564,0.8036918306045646,1569.4351867758342,5251.670507351453,,,,
0.09448964552012165,79.26052350598073,91.45210797300945,45.17721064803983,1033529.2278441099,,54.38554331924268,0.0018848898208910006,95.22405888410933,0.910939789228403,0.08412841328606976,0.8530899989331527,1660.414741078079,4843.850989284692,,,,
0.09325719188773016,83.6182937242336,94.24963693513965,49.51578572973154,1068350.2281027557,,55.54506448885567,0.001812615606200821,92.70569872631158,0.9060872413616453,0.08633479861762214,0.9178541057208517,1564.6698589970918,4824.209118647056,,,,
0.09777095541271617,82.93621330276086,99.5808482605938,51.478034680831485,967161.4279151992,,56.51331976536101,0.001935318930112325,101.72599741451253,0.9804794860519889,0.08577029690852857,0.862680827411281,1546.0847411375341,4807.955358433459,,,,
0.09456792574932142,82.11479783991972,90.62706849454956,46.03504428233723,1055721.7738105909,,50.78023874461734,0.0017890166531844011,101.96517648245585,1.0633000691173529,0.09086797662327256,0.8246394908777329,1536.3267399241956,4902.412977894997,,,,
0.09565754948775293,76.54832194279963,101.57156760269459,50.44013478801583,1073700.845682082,,50.665900746202105,0.001868311385171621,108.64474579145804,0.9647655726091537,0.08156997071392871,0.8409647127553056,1634.8423758841282,4949.435400669842,,,,
0.10258000246767954,88.76112149875482,99.4496807531538,46.002838470572485,952440.9084970073,,52.96593011061437,0.0018879134604521982,109.05726437579895,0.9613490596593728,0.08181458975667255,0.9128476025509666,1469.9518948377774,4905.4180015693055,,,,
